Using pre-set license
Built from '2022.3/staging' branch; Version is '2022.3.4f1 (35713cd46cd7) revision 3502396'; Using compiler version '192829333'; Build Type 'Release'
OS: 'Windows 11  (10.0.22631) 64bit CoreSingleLanguage' Language: 'en' Physical Memory: 16252 MB
BatchMode: 1, IsHumanControllingUs: 0, StartBugReporterOnCrash: 0, Is64bit: 1, IsPro: 1

COMMAND LINE ARGUMENTS:
C:\Program Files\Unity\Hub\Editor\2022.3.4f1\Editor\Unity.exe
-adb2
-batchMode
-noUpm
-name
AssetImportWorker0
-projectPath
D:/P_Project/Unity/SandeeProject/SandeeProject/SandeeProject
-logFile
Logs/AssetImportWorker0.log
-srvPort
64359
Successfully changed project path to: D:/P_Project/Unity/SandeeProject/SandeeProject/SandeeProject
D:/P_Project/Unity/SandeeProject/SandeeProject/SandeeProject
[UnityMemory] Configuration Parameters - Can be set up in boot.config
    "memorysetup-bucket-allocator-granularity=16"
    "memorysetup-bucket-allocator-bucket-count=8"
    "memorysetup-bucket-allocator-block-size=33554432"
    "memorysetup-bucket-allocator-block-count=8"
    "memorysetup-main-allocator-block-size=16777216"
    "memorysetup-thread-allocator-block-size=16777216"
    "memorysetup-gfx-main-allocator-block-size=16777216"
    "memorysetup-gfx-thread-allocator-block-size=16777216"
    "memorysetup-cache-allocator-block-size=4194304"
    "memorysetup-typetree-allocator-block-size=2097152"
    "memorysetup-profiler-bucket-allocator-granularity=16"
    "memorysetup-profiler-bucket-allocator-bucket-count=8"
    "memorysetup-profiler-bucket-allocator-block-size=33554432"
    "memorysetup-profiler-bucket-allocator-block-count=8"
    "memorysetup-profiler-allocator-block-size=16777216"
    "memorysetup-profiler-editor-allocator-block-size=1048576"
    "memorysetup-temp-allocator-size-main=16777216"
    "memorysetup-job-temp-allocator-block-size=2097152"
    "memorysetup-job-temp-allocator-block-size-background=1048576"
    "memorysetup-job-temp-allocator-reduction-small-platforms=262144"
    "memorysetup-allocator-temp-initial-block-size-main=262144"
    "memorysetup-allocator-temp-initial-block-size-worker=262144"
    "memorysetup-temp-allocator-size-background-worker=32768"
    "memorysetup-temp-allocator-size-job-worker=262144"
    "memorysetup-temp-allocator-size-preload-manager=33554432"
    "memorysetup-temp-allocator-size-nav-mesh-worker=65536"
    "memorysetup-temp-allocator-size-audio-worker=65536"
    "memorysetup-temp-allocator-size-cloud-worker=32768"
    "memorysetup-temp-allocator-size-gi-baking-worker=262144"
    "memorysetup-temp-allocator-size-gfx=262144"
Player connection [28256] Host "[IP] 192.167.1.170 [Port] 0 [Flags] 2 [Guid] 56862543 [EditorId] 56862543 [Version] 1048832 [Id] WindowsEditor(7,pchayapat) [Debug] 1 [PackageName] WindowsEditor [ProjectName] Editor" joined multi-casting on [225.0.0.222:54997]...

Player connection [28256] Host "[IP] 192.167.1.170 [Port] 0 [Flags] 2 [Guid] 56862543 [EditorId] 56862543 [Version] 1048832 [Id] WindowsEditor(7,pchayapat) [Debug] 1 [PackageName] WindowsEditor [ProjectName] Editor" joined alternative multi-casting on [225.0.0.222:34997]...

Refreshing native plugins compatible for Editor in 4.79 ms, found 3 plugins.
Preloading 0 native plugins for Editor in 0.00 ms.
Initialize engine version: 2022.3.4f1 (35713cd46cd7)
[Subsystems] Discovering subsystems at path C:/Program Files/Unity/Hub/Editor/2022.3.4f1/Editor/Data/Resources/UnitySubsystems
[Subsystems] Discovering subsystems at path D:/P_Project/Unity/SandeeProject/SandeeProject/SandeeProject/Assets
GfxDevice: creating device client; threaded=0; jobified=0
Direct3D:
    Version:  Direct3D 11.0 [level 11.1]
    Renderer: NVIDIA GeForce GTX 1650 Ti (ID=0x1f95)
    Vendor:   NVIDIA
    VRAM:     3949 MB
    Driver:   31.0.15.3640
Initialize mono
Mono path[0] = 'C:/Program Files/Unity/Hub/Editor/2022.3.4f1/Editor/Data/Managed'
Mono path[1] = 'C:/Program Files/Unity/Hub/Editor/2022.3.4f1/Editor/Data/MonoBleedingEdge/lib/mono/unityjit-win32'
Mono config path = 'C:/Program Files/Unity/Hub/Editor/2022.3.4f1/Editor/Data/MonoBleedingEdge/etc'
Using monoOptions --debugger-agent=transport=dt_socket,embedding=1,server=y,suspend=n,address=127.0.0.1:56456
Begin MonoManager ReloadAssembly
Registering precompiled unity dll's ...
Register platform support module: C:/Program Files/Unity/Hub/Editor/2022.3.4f1/Editor/Data/PlaybackEngines/WindowsStandaloneSupport/UnityEditor.WindowsStandalone.Extensions.dll
Register platform support module: C:/Program Files/Unity/Hub/Editor/2022.3.4f1/Editor/Data/PlaybackEngines/MetroSupport/UnityEditor.UWP.Extensions.dll
Registered in 0.009275 seconds.
- Loaded All Assemblies, in  0.402 seconds
Native extension for UWP target not found
Native extension for WindowsStandalone target not found
Mono: successfully reloaded assembly
- Finished resetting the current domain, in  0.285 seconds
Domain Reload Profiling: 686ms
	BeginReloadAssembly (99ms)
		ExecutionOrderSort (0ms)
		DisableScriptedObjects (0ms)
		BackupInstance (0ms)
		ReleaseScriptingObjects (0ms)
		CreateAndSetChildDomain (1ms)
	RebuildCommonClasses (41ms)
	RebuildNativeTypeToScriptingClass (14ms)
	initialDomainReloadingComplete (69ms)
	LoadAllAssembliesAndSetupDomain (177ms)
		LoadAssemblies (97ms)
		RebuildTransferFunctionScriptingTraits (0ms)
		AnalyzeDomain (170ms)
			TypeCache.Refresh (169ms)
				TypeCache.ScanAssembly (154ms)
			ScanForSourceGeneratedMonoScriptInfo (1ms)
			ResolveRequiredComponents (1ms)
	FinalizeReload (285ms)
		ReleaseScriptCaches (0ms)
		RebuildScriptCaches (0ms)
		SetupLoadedEditorAssemblies (218ms)
			LogAssemblyErrors (0ms)
			InitializePlatformSupportModulesInManaged (9ms)
			SetLoadedEditorAssemblies (5ms)
			RefreshPlugins (0ms)
			BeforeProcessingInitializeOnLoad (2ms)
			ProcessInitializeOnLoadAttributes (153ms)
			ProcessInitializeOnLoadMethodAttributes (49ms)
			AfterProcessingInitializeOnLoad (0ms)
			EditorAssembliesLoaded (0ms)
		ExecutionOrderSort2 (0ms)
		AwakeInstancesAfterBackupRestoration (0ms)
========================================================================
Worker process is ready to serve import requests
Begin MonoManager ReloadAssembly
Symbol file LoadedFromMemory doesn't match image D:\P_Project\Unity\SandeeProject\SandeeProject\SandeeProject\Library\PackageCache\com.unity.visualscripting@1.8.0\Editor\VisualScripting.Core\Dependencies\YamlDotNet\Unity.VisualScripting.YamlDotNet.dll
Symbol file LoadedFromMemory doesn't match image D:\P_Project\Unity\SandeeProject\SandeeProject\SandeeProject\Library\PackageCache\com.unity.visualscripting@1.8.0\Editor\VisualScripting.Core\Dependencies\DotNetZip\Unity.VisualScripting.IonicZip.dll
- Loaded All Assemblies, in  1.007 seconds
Refreshing native plugins compatible for Editor in 2.63 ms, found 3 plugins.
Native extension for UWP target not found
Native extension for WindowsStandalone target not found
Package Manager log level set to [2]
[Package Manager] Server::EnsureServerProcessIsRunning -- launch failed, reason: Unity was launched with the -noUpm command-line argument
[Package Manager] UpmClient::Send -- Unable to send message (not connected to UPM process).
[Package Manager] Cannot connect to Unity Package Manager local server
Mono: successfully reloaded assembly
- Finished resetting the current domain, in  0.792 seconds
Domain Reload Profiling: 1797ms
	BeginReloadAssembly (145ms)
		ExecutionOrderSort (0ms)
		DisableScriptedObjects (8ms)
		BackupInstance (0ms)
		ReleaseScriptingObjects (0ms)
		CreateAndSetChildDomain (21ms)
	RebuildCommonClasses (35ms)
	RebuildNativeTypeToScriptingClass (14ms)
	initialDomainReloadingComplete (58ms)
	LoadAllAssembliesAndSetupDomain (753ms)
		LoadAssemblies (326ms)
		RebuildTransferFunctionScriptingTraits (0ms)
		AnalyzeDomain (491ms)
			TypeCache.Refresh (445ms)
				TypeCache.ScanAssembly (430ms)
			ScanForSourceGeneratedMonoScriptInfo (36ms)
			ResolveRequiredComponents (11ms)
	FinalizeReload (792ms)
		ReleaseScriptCaches (0ms)
		RebuildScriptCaches (0ms)
		SetupLoadedEditorAssemblies (597ms)
			LogAssemblyErrors (0ms)
			InitializePlatformSupportModulesInManaged (8ms)
			SetLoadedEditorAssemblies (7ms)
			RefreshPlugins (0ms)
			BeforeProcessingInitializeOnLoad (93ms)
			ProcessInitializeOnLoadAttributes (453ms)
			ProcessInitializeOnLoadMethodAttributes (29ms)
			AfterProcessingInitializeOnLoad (6ms)
			EditorAssembliesLoaded (0ms)
		ExecutionOrderSort2 (0ms)
		AwakeInstancesAfterBackupRestoration (8ms)
Shader 'VRM10/Universal Render Pipeline/MToon10': fallback shader 'Hidden/Universal Render Pipeline/FallbackError' not found
Shader 'VRM10/Universal Render Pipeline/MToon10': fallback shader 'Hidden/Universal Render Pipeline/FallbackError' not found
Launched and connected shader compiler UnityShaderCompiler.exe after 0.05 seconds
Refreshing native plugins compatible for Editor in 1.52 ms, found 3 plugins.
Preloading 0 native plugins for Editor in 0.00 ms.
Unloading 4136 Unused Serialized files (Serialized files now loaded: 0)
Unloading 59 unused Assets / (3.0 MB). Loaded Objects now: 4627.
Memory consumption went from 182.2 MB to 179.3 MB.
Total: 4.005200 ms (FindLiveObjects: 0.333400 ms CreateObjectMapping: 0.339000 ms MarkObjects: 2.189900 ms  DeleteObjects: 1.142000 ms)

AssetImportParameters requested are different than current active one (requested -> active):
  custom:container-demuxer-ogg: 62fdf1f143b41e24485cea50d1cbac27 -> 
  custom:video-codec-MediaFoundation-h265: 746d11721c4dcdbdad8f713fa42b33f4 -> 
  custom:video-decoder-ogg-theora: a1e56fd34408186e4bbccfd4996cb3dc -> 
  custom:framework-win-MediaFoundation: 216162199b28c13a410421893ffa2e32 -> 
  custom:container-demuxer-webm: 4f35f7cbe854078d1ac9338744f61a02 -> 
  custom:container-muxer-webm: aa71ff27fc2769a1b78a27578f13a17b -> 
  custom:video-decoder-webm-vp8: 9c59270c3fd7afecdb556c50c9e8de78 -> 
  custom:AudioImporter_EditorPlatform: d09bf68614088b80899f8185d706f6e7 -> 
  custom:video-encoder-webm-vp8: eb34c28f22e8b96e1ab97ce403110664 -> 
  custom:audio-decoder-ogg-vorbis: bf7c407c2cedff20999df2af8eb42d56 -> 
  custom:audio-encoder-webm-vorbis: bf7c407c2cedff20999df2af8eb42d56 -> 
========================================================================
Received Prepare
Shader 'VRM10/Universal Render Pipeline/MToon10': fallback shader 'Hidden/Universal Render Pipeline/FallbackError' not found
Shader 'VRM10/Universal Render Pipeline/MToon10': fallback shader 'Hidden/Universal Render Pipeline/FallbackError' not found
Refreshing native plugins compatible for Editor in 1.34 ms, found 3 plugins.
Preloading 0 native plugins for Editor in 0.00 ms.
Unloading 12 Unused Serialized files (Serialized files now loaded: 0)
Unloading 12 unused Assets / (2.9 MB). Loaded Objects now: 4627.
Memory consumption went from 109.2 MB to 106.3 MB.
Total: 4.106600 ms (FindLiveObjects: 0.294200 ms CreateObjectMapping: 0.340100 ms MarkObjects: 1.981400 ms  DeleteObjects: 1.490200 ms)

Prepare: number of updated asset objects reloaded= 0
AssetImportParameters requested are different than current active one (requested -> active):
  custom:container-demuxer-ogg: 62fdf1f143b41e24485cea50d1cbac27 -> 
  custom:video-codec-MediaFoundation-h265: 746d11721c4dcdbdad8f713fa42b33f4 -> 
  custom:video-decoder-ogg-theora: a1e56fd34408186e4bbccfd4996cb3dc -> 
  custom:framework-win-MediaFoundation: 216162199b28c13a410421893ffa2e32 -> 
  custom:CustomObjectIndexerAttribute: 756ad292c208cfabdd7b50bc23989ffe -> 
  custom:container-demuxer-webm: 4f35f7cbe854078d1ac9338744f61a02 -> 
  custom:container-muxer-webm: aa71ff27fc2769a1b78a27578f13a17b -> 
  custom:video-decoder-webm-vp8: 9c59270c3fd7afecdb556c50c9e8de78 -> 
  custom:AudioImporter_EditorPlatform: d09bf68614088b80899f8185d706f6e7 -> 
  custom:video-encoder-webm-vp8: eb34c28f22e8b96e1ab97ce403110664 -> 
  custom:audio-decoder-ogg-vorbis: bf7c407c2cedff20999df2af8eb42d56 -> 
  custom:audio-encoder-webm-vorbis: bf7c407c2cedff20999df2af8eb42d56 -> 
========================================================================
Received Prepare
Begin MonoManager ReloadAssembly
Symbol file LoadedFromMemory doesn't match image D:\P_Project\Unity\SandeeProject\SandeeProject\SandeeProject\Library\PackageCache\com.unity.visualscripting@1.8.0\Editor\VisualScripting.Core\Dependencies\YamlDotNet\Unity.VisualScripting.YamlDotNet.dll
Symbol file LoadedFromMemory doesn't match image D:\P_Project\Unity\SandeeProject\SandeeProject\SandeeProject\Library\PackageCache\com.unity.visualscripting@1.8.0\Editor\VisualScripting.Core\Dependencies\DotNetZip\Unity.VisualScripting.IonicZip.dll
- Loaded All Assemblies, in  0.806 seconds
Refreshing native plugins compatible for Editor in 1.97 ms, found 3 plugins.
Native extension for UWP target not found
Native extension for WindowsStandalone target not found
[Package Manager] Server::EnsureServerProcessIsRunning -- launch failed, reason: Unity was launched with the -noUpm command-line argument
[Package Manager] UpmClient::Send -- Unable to send message (not connected to UPM process).
[Package Manager] Cannot connect to Unity Package Manager local server
Mono: successfully reloaded assembly
- Finished resetting the current domain, in 13.002 seconds
Domain Reload Profiling: 13807ms
	BeginReloadAssembly (161ms)
		ExecutionOrderSort (0ms)
		DisableScriptedObjects (5ms)
		BackupInstance (0ms)
		ReleaseScriptingObjects (0ms)
		CreateAndSetChildDomain (43ms)
	RebuildCommonClasses (53ms)
	RebuildNativeTypeToScriptingClass (12ms)
	initialDomainReloadingComplete (31ms)
	LoadAllAssembliesAndSetupDomain (547ms)
		LoadAssemblies (264ms)
		RebuildTransferFunctionScriptingTraits (0ms)
		AnalyzeDomain (356ms)
			TypeCache.Refresh (349ms)
				TypeCache.ScanAssembly (337ms)
			ScanForSourceGeneratedMonoScriptInfo (0ms)
			ResolveRequiredComponents (7ms)
	FinalizeReload (13003ms)
		ReleaseScriptCaches (0ms)
		RebuildScriptCaches (0ms)
		SetupLoadedEditorAssemblies (622ms)
			LogAssemblyErrors (0ms)
			InitializePlatformSupportModulesInManaged (10ms)
			SetLoadedEditorAssemblies (8ms)
			RefreshPlugins (0ms)
			BeforeProcessingInitializeOnLoad (114ms)
			ProcessInitializeOnLoadAttributes (457ms)
			ProcessInitializeOnLoadMethodAttributes (26ms)
			AfterProcessingInitializeOnLoad (8ms)
			EditorAssembliesLoaded (0ms)
		ExecutionOrderSort2 (0ms)
		AwakeInstancesAfterBackupRestoration (12ms)
Shader 'VRM10/Universal Render Pipeline/MToon10': fallback shader 'Hidden/Universal Render Pipeline/FallbackError' not found
Shader 'VRM10/Universal Render Pipeline/MToon10': fallback shader 'Hidden/Universal Render Pipeline/FallbackError' not found
Refreshing native plugins compatible for Editor in 1.82 ms, found 3 plugins.
Preloading 0 native plugins for Editor in 0.00 ms.
Unloading 4092 Unused Serialized files (Serialized files now loaded: 0)
Unloading 33 unused Assets / (2.9 MB). Loaded Objects now: 4642.
Memory consumption went from 171.4 MB to 168.5 MB.
Total: 5.315800 ms (FindLiveObjects: 0.328400 ms CreateObjectMapping: 0.368000 ms MarkObjects: 2.664100 ms  DeleteObjects: 1.954300 ms)

Prepare: number of updated asset objects reloaded= 0
AssetImportParameters requested are different than current active one (requested -> active):
  custom:container-demuxer-ogg: 62fdf1f143b41e24485cea50d1cbac27 -> 
  custom:video-codec-MediaFoundation-h265: 746d11721c4dcdbdad8f713fa42b33f4 -> 
  custom:video-decoder-ogg-theora: a1e56fd34408186e4bbccfd4996cb3dc -> 
  custom:framework-win-MediaFoundation: 216162199b28c13a410421893ffa2e32 -> 
  custom:CustomObjectIndexerAttribute: 756ad292c208cfabdd7b50bc23989ffe -> 
  custom:container-demuxer-webm: 4f35f7cbe854078d1ac9338744f61a02 -> 
  custom:container-muxer-webm: aa71ff27fc2769a1b78a27578f13a17b -> 
  custom:video-decoder-webm-vp8: 9c59270c3fd7afecdb556c50c9e8de78 -> 
  custom:AudioImporter_EditorPlatform: d09bf68614088b80899f8185d706f6e7 -> 
  custom:video-encoder-webm-vp8: eb34c28f22e8b96e1ab97ce403110664 -> 
  custom:audio-decoder-ogg-vorbis: bf7c407c2cedff20999df2af8eb42d56 -> 
  custom:audio-encoder-webm-vorbis: bf7c407c2cedff20999df2af8eb42d56 -> 
========================================================================
Received Import Request.
  Time since last request: 462179.965648 seconds.
  path: Assets/ThirdParty/Map1/Suntail Village/Prefabs/Nature/Broadleaf_2.prefab
  artifactKey: Guid(fd47269cdeb705849b8205d554a811c7) Importer(815301076,1909f56bfc062723c751e8b465ee728b)
Start importing Assets/ThirdParty/Map1/Suntail Village/Prefabs/Nature/Broadleaf_2.prefab using Guid(fd47269cdeb705849b8205d554a811c7) Importer(815301076,1909f56bfc062723c751e8b465ee728b)  -> (artifact id: 'f73eaa99b0e9d791162c5f9d42d93978') in 0.251535 seconds
Number of updated asset objects reloaded before import = 0
Number of asset objects unloaded after import = 30
========================================================================
Received Import Request.
  Time since last request: 148.076561 seconds.
  path: Assets/KIVS/Props/Garbage theme/Materials and textures/Garbage bins/Garbage_bin_A/_src_Garbage_bin_A.psd
  artifactKey: Guid(6bcb63fa40a2f724094611d05dac87cf) Importer(815301076,1909f56bfc062723c751e8b465ee728b)
Start importing Assets/KIVS/Props/Garbage theme/Materials and textures/Garbage bins/Garbage_bin_A/_src_Garbage_bin_A.psd using Guid(6bcb63fa40a2f724094611d05dac87cf) Importer(815301076,1909f56bfc062723c751e8b465ee728b)  -> (artifact id: 'f121749ba99f2760ee830dbcaf05ffa7') in 0.021739 seconds
Number of updated asset objects reloaded before import = 0
Number of asset objects unloaded after import = 2
========================================================================
Received Import Request.
  Time since last request: 0.000017 seconds.
  path: Assets/KIVS/Props/Garbage theme/Materials and textures/Garbage bins/Garbage_bin_E/_src_Garbage_bin_E.psd
  artifactKey: Guid(adaaad9473ec03847b5ac04e05ac273d) Importer(815301076,1909f56bfc062723c751e8b465ee728b)
Start importing Assets/KIVS/Props/Garbage theme/Materials and textures/Garbage bins/Garbage_bin_E/_src_Garbage_bin_E.psd using Guid(adaaad9473ec03847b5ac04e05ac273d) Importer(815301076,1909f56bfc062723c751e8b465ee728b)  -> (artifact id: '0f9b18dc9c33c0e3a464f40e25059e0f') in 0.015491 seconds
Number of updated asset objects reloaded before import = 0
Number of asset objects unloaded after import = 2
========================================================================
Received Import Request.
  Time since last request: 0.000019 seconds.
  path: Assets/KIVS/Props/Garbage theme/Materials and textures/Garbage bins/Garbage_bin_F/_src_Garbage_bin_F.psd
  artifactKey: Guid(fbe8118e71be622418087dfcaa14763e) Importer(815301076,1909f56bfc062723c751e8b465ee728b)
Start importing Assets/KIVS/Props/Garbage theme/Materials and textures/Garbage bins/Garbage_bin_F/_src_Garbage_bin_F.psd using Guid(fbe8118e71be622418087dfcaa14763e) Importer(815301076,1909f56bfc062723c751e8b465ee728b)  -> (artifact id: 'e5ded1e3e24a60a539a8225491d43aff') in 0.013730 seconds
Number of updated asset objects reloaded before import = 0
Number of asset objects unloaded after import = 2
========================================================================
Received Import Request.
  Time since last request: 0.000026 seconds.
  path: Assets/KIVS/Props/Garbage theme/Materials and textures/Garbage bins/Garbage_bin_C/_src_Garbage_bin_C.psd
  artifactKey: Guid(9e30527134e63c14197d18f3a0104b2e) Importer(815301076,1909f56bfc062723c751e8b465ee728b)
Start importing Assets/KIVS/Props/Garbage theme/Materials and textures/Garbage bins/Garbage_bin_C/_src_Garbage_bin_C.psd using Guid(9e30527134e63c14197d18f3a0104b2e) Importer(815301076,1909f56bfc062723c751e8b465ee728b)  -> (artifact id: '2e104ffce0e637d2339d19959db7c197') in 0.013205 seconds
Number of updated asset objects reloaded before import = 0
Number of asset objects unloaded after import = 2
========================================================================
Received Import Request.
  Time since last request: 0.000019 seconds.
  path: Assets/KIVS/Props/Garbage theme/Materials and textures/Garbage bins/Garbage_bin_D/_src_Garbage_bin_D.psd
  artifactKey: Guid(652bfedc73cda2742a38c4ebf5643db9) Importer(815301076,1909f56bfc062723c751e8b465ee728b)
Start importing Assets/KIVS/Props/Garbage theme/Materials and textures/Garbage bins/Garbage_bin_D/_src_Garbage_bin_D.psd using Guid(652bfedc73cda2742a38c4ebf5643db9) Importer(815301076,1909f56bfc062723c751e8b465ee728b)  -> (artifact id: '9776ca753f895df6f80794f185ff157b') in 0.011863 seconds
Number of updated asset objects reloaded before import = 0
Number of asset objects unloaded after import = 2
========================================================================
Received Import Request.
  Time since last request: 0.000016 seconds.
  path: Assets/KIVS/Props/Garbage theme/Materials and textures/Garbage_setA/_src_Garbage_setA.psd
  artifactKey: Guid(d6f392adc6f452d42bb6aa77e057410e) Importer(815301076,1909f56bfc062723c751e8b465ee728b)
Start importing Assets/KIVS/Props/Garbage theme/Materials and textures/Garbage_setA/_src_Garbage_setA.psd using Guid(d6f392adc6f452d42bb6aa77e057410e) Importer(815301076,1909f56bfc062723c751e8b465ee728b)  -> (artifact id: 'a6e57e33239b2cb759114f4ac63a90dc') in 0.040033 seconds
Number of updated asset objects reloaded before import = 0
Number of asset objects unloaded after import = 2
========================================================================
Received Import Request.
  Time since last request: 0.330129 seconds.
  path: Assets/KIVS/Props/Garbage theme/Prefabs/Garbage bins/Garbage_bin_A.prefab
  artifactKey: Guid(15f4030aa6c95b345b50bf76fc940e50) Importer(815301076,1909f56bfc062723c751e8b465ee728b)
Start importing Assets/KIVS/Props/Garbage theme/Prefabs/Garbage bins/Garbage_bin_A.prefab using Guid(15f4030aa6c95b345b50bf76fc940e50) Importer(815301076,1909f56bfc062723c751e8b465ee728b)  -> (artifact id: 'dc24bc1c694f461b1376b5d92adc16f7') in 0.037438 seconds
Number of updated asset objects reloaded before import = 0
Number of asset objects unloaded after import = 41
========================================================================
Received Import Request.
  Time since last request: 0.000017 seconds.
  path: Assets/KIVS/Props/Garbage theme/Materials and textures/Garbage bins/Garbage_bin_A/Garbage_bin_A_n.tga
  artifactKey: Guid(d6966043ffd03c54eb9aa532fad3afca) Importer(815301076,1909f56bfc062723c751e8b465ee728b)
Start importing Assets/KIVS/Props/Garbage theme/Materials and textures/Garbage bins/Garbage_bin_A/Garbage_bin_A_n.tga using Guid(d6966043ffd03c54eb9aa532fad3afca) Importer(815301076,1909f56bfc062723c751e8b465ee728b)  -> (artifact id: 'd7b8cd6802916a2e75dbb8f4aa234142') in 0.012897 seconds
Number of updated asset objects reloaded before import = 0
Number of asset objects unloaded after import = 2
========================================================================
Received Import Request.
  Time since last request: 0.000034 seconds.
  path: Assets/KIVS/Props/Garbage theme/Prefabs/Garbage bins/Garbage_bin_C_cap_A.prefab
  artifactKey: Guid(71e7bb662a9b99d4d9eb906ad001475f) Importer(815301076,1909f56bfc062723c751e8b465ee728b)
Start importing Assets/KIVS/Props/Garbage theme/Prefabs/Garbage bins/Garbage_bin_C_cap_A.prefab using Guid(71e7bb662a9b99d4d9eb906ad001475f) Importer(815301076,1909f56bfc062723c751e8b465ee728b)  -> (artifact id: '62c9c66687eef21697e5d412649c17ff') in 0.025288 seconds
Number of updated asset objects reloaded before import = 0
Number of asset objects unloaded after import = 46
========================================================================
Received Import Request.
  Time since last request: 0.000023 seconds.
  path: Assets/KIVS/Props/Garbage theme/Prefabs/Garbage bins/Garbage_bin_C_cap_B.prefab
  artifactKey: Guid(34934bfb44de9c9419459baa703e47aa) Importer(815301076,1909f56bfc062723c751e8b465ee728b)
Start importing Assets/KIVS/Props/Garbage theme/Prefabs/Garbage bins/Garbage_bin_C_cap_B.prefab using Guid(34934bfb44de9c9419459baa703e47aa) Importer(815301076,1909f56bfc062723c751e8b465ee728b)  -> (artifact id: '86332eccd1749ebea296f3c9e5e8ca02') in 0.016442 seconds
Number of updated asset objects reloaded before import = 0
Number of asset objects unloaded after import = 46
========================================================================
Received Import Request.
  Time since last request: 0.000015 seconds.
  path: Assets/KIVS/Props/Garbage theme/Materials and textures/Garbage bins/Garbage_bin_D/Garbage_bin_D.mat
  artifactKey: Guid(a6c8e82368022a24c82c64bf5e2d7837) Importer(815301076,1909f56bfc062723c751e8b465ee728b)
Start importing Assets/KIVS/Props/Garbage theme/Materials and textures/Garbage bins/Garbage_bin_D/Garbage_bin_D.mat using Guid(a6c8e82368022a24c82c64bf5e2d7837) Importer(815301076,1909f56bfc062723c751e8b465ee728b)  -> (artifact id: '209c3a65a3617ffef62853a753290425') in 0.043614 seconds
Number of updated asset objects reloaded before import = 0
Number of asset objects unloaded after import = 4
========================================================================
Received Import Request.
  Time since last request: 0.000019 seconds.
  path: Assets/KIVS/Props/Garbage theme/Materials and textures/Garbage bins/Garbage_bin_C/Garbage_bin_C_n.tga
  artifactKey: Guid(2a5d2167344919c41bd72bb9ccc0c311) Importer(815301076,1909f56bfc062723c751e8b465ee728b)
Start importing Assets/KIVS/Props/Garbage theme/Materials and textures/Garbage bins/Garbage_bin_C/Garbage_bin_C_n.tga using Guid(2a5d2167344919c41bd72bb9ccc0c311) Importer(815301076,1909f56bfc062723c751e8b465ee728b)  -> (artifact id: '6b9b98026d5b46795ff621fc76f1a62a') in 0.012056 seconds
Number of updated asset objects reloaded before import = 0
Number of asset objects unloaded after import = 2
========================================================================
Received Import Request.
  Time since last request: 0.000019 seconds.
  path: Assets/KIVS/Props/Garbage theme/Materials and textures/Garbage bins/Garbage_bin_B/Garbage_bin_B_ms.tga
  artifactKey: Guid(5244abc00de70094491b128653768525) Importer(815301076,1909f56bfc062723c751e8b465ee728b)
Start importing Assets/KIVS/Props/Garbage theme/Materials and textures/Garbage bins/Garbage_bin_B/Garbage_bin_B_ms.tga using Guid(5244abc00de70094491b128653768525) Importer(815301076,1909f56bfc062723c751e8b465ee728b)  -> (artifact id: '4911113e74f87a6cf3ad953247d53f3d') in 0.016364 seconds
Number of updated asset objects reloaded before import = 0
Number of asset objects unloaded after import = 2
========================================================================
Received Import Request.
  Time since last request: 0.000017 seconds.
  path: Assets/KIVS/Props/Garbage theme/Prefabs/Garbage bins/Garbage_bin_C_cap_C_comb.prefab
  artifactKey: Guid(76913e75205c5da43a041ce8f5914200) Importer(815301076,1909f56bfc062723c751e8b465ee728b)
Start importing Assets/KIVS/Props/Garbage theme/Prefabs/Garbage bins/Garbage_bin_C_cap_C_comb.prefab using Guid(76913e75205c5da43a041ce8f5914200) Importer(815301076,1909f56bfc062723c751e8b465ee728b)  -> (artifact id: '62d895cd755df94590e8b9bf804a5f9d') in 0.018955 seconds
Number of updated asset objects reloaded before import = 0
Number of asset objects unloaded after import = 29
========================================================================
Received Import Request.
  Time since last request: 0.000020 seconds.
  path: Assets/KIVS/Props/Garbage theme/Prefabs/Garbage bins/Garbage_bin_C_cap_A_comb.prefab
  artifactKey: Guid(34129d76a46d52b458e237970fda9b63) Importer(815301076,1909f56bfc062723c751e8b465ee728b)
Start importing Assets/KIVS/Props/Garbage theme/Prefabs/Garbage bins/Garbage_bin_C_cap_A_comb.prefab using Guid(34129d76a46d52b458e237970fda9b63) Importer(815301076,1909f56bfc062723c751e8b465ee728b)  -> (artifact id: '0977032be4f63147e03bb2242124b15c') in 0.015848 seconds
Number of updated asset objects reloaded before import = 0
Number of asset objects unloaded after import = 29
========================================================================
Received Import Request.
  Time since last request: 0.000015 seconds.
  path: Assets/KIVS/Props/Garbage theme/Materials and textures/Garbage bins/Garbage_bin_C/Garbage_bin_C_ms.tga
  artifactKey: Guid(79acedff413434e41802c8cb9ec27016) Importer(815301076,1909f56bfc062723c751e8b465ee728b)
Start importing Assets/KIVS/Props/Garbage theme/Materials and textures/Garbage bins/Garbage_bin_C/Garbage_bin_C_ms.tga using Guid(79acedff413434e41802c8cb9ec27016) Importer(815301076,1909f56bfc062723c751e8b465ee728b)  -> (artifact id: 'ab81c29519604897bfb8e505f0cf20ff') in 0.014045 seconds
Number of updated asset objects reloaded before import = 0
Number of asset objects unloaded after import = 2
========================================================================
Received Import Request.
  Time since last request: 0.000017 seconds.
  path: Assets/KIVS/Props/Garbage theme/Materials and textures/Garbage bins/Garbage_bin_D/Garbage_bin_D_a.tga
  artifactKey: Guid(f3bf1a97c87f94d478fa6087a1a38ad3) Importer(815301076,1909f56bfc062723c751e8b465ee728b)
Start importing Assets/KIVS/Props/Garbage theme/Materials and textures/Garbage bins/Garbage_bin_D/Garbage_bin_D_a.tga using Guid(f3bf1a97c87f94d478fa6087a1a38ad3) Importer(815301076,1909f56bfc062723c751e8b465ee728b)  -> (artifact id: '788fab7a6a1a13d4bb001d38a0f3b195') in 0.012283 seconds
Number of updated asset objects reloaded before import = 0
Number of asset objects unloaded after import = 2
========================================================================
Received Import Request.
  Time since last request: 0.000016 seconds.
  path: Assets/KIVS/Props/Garbage theme/Materials and textures/Garbage bins/Garbage_bin_A/Garbage_bin_A_ms.tga
  artifactKey: Guid(be542246dd7370740a999c32bfae183d) Importer(815301076,1909f56bfc062723c751e8b465ee728b)
Start importing Assets/KIVS/Props/Garbage theme/Materials and textures/Garbage bins/Garbage_bin_A/Garbage_bin_A_ms.tga using Guid(be542246dd7370740a999c32bfae183d) Importer(815301076,1909f56bfc062723c751e8b465ee728b)  -> (artifact id: '84d5bd23e33fa0a7a613595277392c6d') in 0.014819 seconds
Number of updated asset objects reloaded before import = 0
Number of asset objects unloaded after import = 2
========================================================================
Received Import Request.
  Time since last request: 0.000021 seconds.
  path: Assets/KIVS/Props/Garbage theme/Prefabs/Garbage bins/Garbage_bin_A_comb.prefab
  artifactKey: Guid(81fefb7024efc5e4d9a7b02d282eda16) Importer(815301076,1909f56bfc062723c751e8b465ee728b)
Start importing Assets/KIVS/Props/Garbage theme/Prefabs/Garbage bins/Garbage_bin_A_comb.prefab using Guid(81fefb7024efc5e4d9a7b02d282eda16) Importer(815301076,1909f56bfc062723c751e8b465ee728b)  -> (artifact id: 'b636ed20a02701342ffd30b0b5f08ff3') in 0.017508 seconds
Number of updated asset objects reloaded before import = 0
Number of asset objects unloaded after import = 24
========================================================================
Received Import Request.
  Time since last request: 0.000026 seconds.
  path: Assets/KIVS/Props/Garbage theme/Materials and textures/Garbage bins/Garbage_bin_C/Garbage_bin_C_a.tga
  artifactKey: Guid(c6ed48c35c98ac24da7570d223450d39) Importer(815301076,1909f56bfc062723c751e8b465ee728b)
Start importing Assets/KIVS/Props/Garbage theme/Materials and textures/Garbage bins/Garbage_bin_C/Garbage_bin_C_a.tga using Guid(c6ed48c35c98ac24da7570d223450d39) Importer(815301076,1909f56bfc062723c751e8b465ee728b)  -> (artifact id: 'cd589a747cdd720b3b01617a1bec3f69') in 0.016101 seconds
Number of updated asset objects reloaded before import = 0
Number of asset objects unloaded after import = 2
========================================================================
Received Import Request.
  Time since last request: 0.000014 seconds.
  path: Assets/KIVS/Props/Garbage theme/Materials and textures/Garbage bins/Garbage_bin_B/Garbage_bin_B.mat
  artifactKey: Guid(8b9e80733b19b25449dd67fe9904df49) Importer(815301076,1909f56bfc062723c751e8b465ee728b)
Start importing Assets/KIVS/Props/Garbage theme/Materials and textures/Garbage bins/Garbage_bin_B/Garbage_bin_B.mat using Guid(8b9e80733b19b25449dd67fe9904df49) Importer(815301076,1909f56bfc062723c751e8b465ee728b)  -> (artifact id: 'b878a1b9c5ea13615f2a66d43855b99d') in 0.015882 seconds
Number of updated asset objects reloaded before import = 0
Number of asset objects unloaded after import = 4
========================================================================
Received Import Request.
  Time since last request: 39.206478 seconds.
  path: Assets/KIVS/Props/Garbage theme/Prefabs/Dumpsters/Dumpster_A.prefab
  artifactKey: Guid(18c59120a80a5bc48b1b46163e450210) Importer(815301076,1909f56bfc062723c751e8b465ee728b)
Start importing Assets/KIVS/Props/Garbage theme/Prefabs/Dumpsters/Dumpster_A.prefab using Guid(18c59120a80a5bc48b1b46163e450210) Importer(815301076,1909f56bfc062723c751e8b465ee728b)  -> (artifact id: '308b190b2ba33718d52a2c09ae000667') in 0.058975 seconds
Number of updated asset objects reloaded before import = 0
Number of asset objects unloaded after import = 139
========================================================================
Received Import Request.
  Time since last request: 0.000018 seconds.
  path: Assets/KIVS/Props/Garbage theme/Prefabs/Dumpsters/Dumpster_B.prefab
  artifactKey: Guid(3ff99367766abab458b4c81bf866f359) Importer(815301076,1909f56bfc062723c751e8b465ee728b)
Start importing Assets/KIVS/Props/Garbage theme/Prefabs/Dumpsters/Dumpster_B.prefab using Guid(3ff99367766abab458b4c81bf866f359) Importer(815301076,1909f56bfc062723c751e8b465ee728b)  -> (artifact id: 'd73992c8688b6fefa6755017bc807fe3') in 0.035846 seconds
Number of updated asset objects reloaded before import = 0
Number of asset objects unloaded after import = 56
========================================================================
Received Import Request.
  Time since last request: 0.505485 seconds.
  path: Assets/KIVS/Props/Garbage theme/Prefabs/Garbage bins/Garbage_bin_E.prefab
  artifactKey: Guid(b6093da49eb2fa44c9fb948e0b3b9b51) Importer(815301076,1909f56bfc062723c751e8b465ee728b)
Start importing Assets/KIVS/Props/Garbage theme/Prefabs/Garbage bins/Garbage_bin_E.prefab using Guid(b6093da49eb2fa44c9fb948e0b3b9b51) Importer(815301076,1909f56bfc062723c751e8b465ee728b)  -> (artifact id: 'd59de894fe43867eb32009c01641d04b') in 0.029553 seconds
Number of updated asset objects reloaded before import = 0
Number of asset objects unloaded after import = 51
========================================================================
Received Import Request.
  Time since last request: 0.000017 seconds.
  path: Assets/KIVS/Props/Garbage theme/Prefabs/Garbage bins/Garbage_bin_F.prefab
  artifactKey: Guid(b1f2706f284f68841b8432e77a42af48) Importer(815301076,1909f56bfc062723c751e8b465ee728b)
Start importing Assets/KIVS/Props/Garbage theme/Prefabs/Garbage bins/Garbage_bin_F.prefab using Guid(b1f2706f284f68841b8432e77a42af48) Importer(815301076,1909f56bfc062723c751e8b465ee728b)  -> (artifact id: 'dbbbeee6a0cd0d347d3621e5d09e0311') in 0.034395 seconds
Number of updated asset objects reloaded before import = 0
Number of asset objects unloaded after import = 34
========================================================================
Received Import Request.
  Time since last request: 0.508079 seconds.
  path: Assets/KIVS/Props/Garbage theme/Prefabs/Garbage_setA/BottleCrate.prefab
  artifactKey: Guid(57597dedf17551c4489a8c8335a53eeb) Importer(815301076,1909f56bfc062723c751e8b465ee728b)
Start importing Assets/KIVS/Props/Garbage theme/Prefabs/Garbage_setA/BottleCrate.prefab using Guid(57597dedf17551c4489a8c8335a53eeb) Importer(815301076,1909f56bfc062723c751e8b465ee728b)  -> (artifact id: '766a5fe58cb087507b2465e0107a41ea') in 0.105179 seconds
Number of updated asset objects reloaded before import = 0
Number of asset objects unloaded after import = 24
========================================================================
Received Import Request.
  Time since last request: 0.000018 seconds.
  path: Assets/KIVS/Props/Garbage theme/Prefabs/Garbage_setA/LilPlate.prefab
  artifactKey: Guid(8ef288f9c825c2644a05cac344ef5950) Importer(815301076,1909f56bfc062723c751e8b465ee728b)
Start importing Assets/KIVS/Props/Garbage theme/Prefabs/Garbage_setA/LilPlate.prefab using Guid(8ef288f9c825c2644a05cac344ef5950) Importer(815301076,1909f56bfc062723c751e8b465ee728b)  -> (artifact id: 'b0ba80a54fa3556b0bb860b86a377910') in 0.074049 seconds
Number of updated asset objects reloaded before import = 0
Number of asset objects unloaded after import = 11
========================================================================
Received Import Request.
  Time since last request: 0.000029 seconds.
  path: Assets/KIVS/Props/Garbage theme/Prefabs/Garbage_setA/PizzaBox.prefab
  artifactKey: Guid(da623217c09a59043a367151571c9f5f) Importer(815301076,1909f56bfc062723c751e8b465ee728b)
Start importing Assets/KIVS/Props/Garbage theme/Prefabs/Garbage_setA/PizzaBox.prefab using Guid(da623217c09a59043a367151571c9f5f) Importer(815301076,1909f56bfc062723c751e8b465ee728b)  -> (artifact id: '44e2821f31d5bc2a9fd785518eb4b59d') in 0.059531 seconds
Number of updated asset objects reloaded before import = 0
Number of asset objects unloaded after import = 16
========================================================================
Received Import Request.
  Time since last request: 0.000026 seconds.
  path: Assets/KIVS/Props/Garbage theme/Prefabs/Garbage_setA/TrashBagE.prefab
  artifactKey: Guid(c173adc4b0a445a4d9cbe2d22e1cae76) Importer(815301076,1909f56bfc062723c751e8b465ee728b)
Start importing Assets/KIVS/Props/Garbage theme/Prefabs/Garbage_setA/TrashBagE.prefab using Guid(c173adc4b0a445a4d9cbe2d22e1cae76) Importer(815301076,1909f56bfc062723c751e8b465ee728b)  -> (artifact id: 'ca4bbde1aa84770f5448bf46a0ce122b') in 0.072182 seconds
Number of updated asset objects reloaded before import = 0
Number of asset objects unloaded after import = 19
========================================================================
Received Import Request.
  Time since last request: 0.000024 seconds.
  path: Assets/KIVS/Props/Garbage theme/Prefabs/Garbage_setA/TrashBagF.prefab
  artifactKey: Guid(58510425285d7ef4d802bd2a0d22951a) Importer(815301076,1909f56bfc062723c751e8b465ee728b)
Start importing Assets/KIVS/Props/Garbage theme/Prefabs/Garbage_setA/TrashBagF.prefab using Guid(58510425285d7ef4d802bd2a0d22951a) Importer(815301076,1909f56bfc062723c751e8b465ee728b)  -> (artifact id: '88d4b7d34845911e2af2952ea341ce53') in 0.059347 seconds
Number of updated asset objects reloaded before import = 0
Number of asset objects unloaded after import = 19
========================================================================
Received Import Request.
  Time since last request: 0.000018 seconds.
  path: Assets/KIVS/Props/Garbage theme/Prefabs/Garbage_setA/TrashBagB.prefab
  artifactKey: Guid(4ffa228709c8c4a4ab83c92761a8cd9e) Importer(815301076,1909f56bfc062723c751e8b465ee728b)
Start importing Assets/KIVS/Props/Garbage theme/Prefabs/Garbage_setA/TrashBagB.prefab using Guid(4ffa228709c8c4a4ab83c92761a8cd9e) Importer(815301076,1909f56bfc062723c751e8b465ee728b)  -> (artifact id: 'c2afc5dbe5ca8db185ecebc74a248084') in 0.061513 seconds
Number of updated asset objects reloaded before import = 0
Number of asset objects unloaded after import = 19
========================================================================
Received Import Request.
  Time since last request: 0.000018 seconds.
  path: Assets/KIVS/Props/Garbage theme/Prefabs/Garbage_setA/GlassBottle.prefab
  artifactKey: Guid(7ec319e5e7ef40d47b8de08d09d0f8ac) Importer(815301076,1909f56bfc062723c751e8b465ee728b)
Start importing Assets/KIVS/Props/Garbage theme/Prefabs/Garbage_setA/GlassBottle.prefab using Guid(7ec319e5e7ef40d47b8de08d09d0f8ac) Importer(815301076,1909f56bfc062723c751e8b465ee728b)  -> (artifact id: 'c1d22b0ba1fa5096b9d8a5052f98d6c5') in 0.064135 seconds
Number of updated asset objects reloaded before import = 0
Number of asset objects unloaded after import = 11
========================================================================
Received Import Request.
  Time since last request: 0.000027 seconds.
  path: Assets/KIVS/Props/Garbage theme/Prefabs/Garbage_setA/TincanB.prefab
  artifactKey: Guid(db213262b58c5c44d85379438e01b35e) Importer(815301076,1909f56bfc062723c751e8b465ee728b)
Start importing Assets/KIVS/Props/Garbage theme/Prefabs/Garbage_setA/TincanB.prefab using Guid(db213262b58c5c44d85379438e01b35e) Importer(815301076,1909f56bfc062723c751e8b465ee728b)  -> (artifact id: '92c26d02e2734b936538e697827b8704') in 0.064385 seconds
Number of updated asset objects reloaded before import = 0
Number of asset objects unloaded after import = 11
========================================================================
Received Import Request.
  Time since last request: 0.000025 seconds.
  path: Assets/KIVS/Props/Garbage theme/Prefabs/Garbage_setA/ChipsBag.prefab
  artifactKey: Guid(df61b338243ff6345b72046af043ea1f) Importer(815301076,1909f56bfc062723c751e8b465ee728b)
Start importing Assets/KIVS/Props/Garbage theme/Prefabs/Garbage_setA/ChipsBag.prefab using Guid(df61b338243ff6345b72046af043ea1f) Importer(815301076,1909f56bfc062723c751e8b465ee728b)  -> (artifact id: '80627d5589ed628dd489c00400dd935f') in 0.067966 seconds
Number of updated asset objects reloaded before import = 0
Number of asset objects unloaded after import = 11
========================================================================
Received Import Request.
  Time since last request: 0.000015 seconds.
  path: Assets/KIVS/Props/Garbage theme/Prefabs/Garbage_setA/TrashBagD.prefab
  artifactKey: Guid(8f7a98e2d3858c74f80044f081907bca) Importer(815301076,1909f56bfc062723c751e8b465ee728b)
Start importing Assets/KIVS/Props/Garbage theme/Prefabs/Garbage_setA/TrashBagD.prefab using Guid(8f7a98e2d3858c74f80044f081907bca) Importer(815301076,1909f56bfc062723c751e8b465ee728b)  -> (artifact id: '42accba5b9595ae0b660c0695f79db16') in 0.060250 seconds
Number of updated asset objects reloaded before import = 0
Number of asset objects unloaded after import = 19
========================================================================
Received Import Request.
  Time since last request: 0.000018 seconds.
  path: Assets/KIVS/Props/Garbage theme/Prefabs/Garbage_setA/EggRack.prefab
  artifactKey: Guid(9a0330d3c44661b41993613312ed43bc) Importer(815301076,1909f56bfc062723c751e8b465ee728b)
Start importing Assets/KIVS/Props/Garbage theme/Prefabs/Garbage_setA/EggRack.prefab using Guid(9a0330d3c44661b41993613312ed43bc) Importer(815301076,1909f56bfc062723c751e8b465ee728b)  -> (artifact id: '7c28db53d93460c5896313c8a4e313cd') in 0.059284 seconds
Number of updated asset objects reloaded before import = 0
Number of asset objects unloaded after import = 19
========================================================================
Received Import Request.
  Time since last request: 0.000026 seconds.
  path: Assets/KIVS/Props/Garbage theme/Prefabs/Garbage_setA/JuicePackA.prefab
  artifactKey: Guid(a1e201c0fe447d04992d08c8e71b41c1) Importer(815301076,1909f56bfc062723c751e8b465ee728b)
Start importing Assets/KIVS/Props/Garbage theme/Prefabs/Garbage_setA/JuicePackA.prefab using Guid(a1e201c0fe447d04992d08c8e71b41c1) Importer(815301076,1909f56bfc062723c751e8b465ee728b)  -> (artifact id: '144851472d7caf56c33c7e6f7d4d4832') in 0.058340 seconds
Number of updated asset objects reloaded before import = 0
Number of asset objects unloaded after import = 11
========================================================================
Received Import Request.
  Time since last request: 0.000020 seconds.
  path: Assets/KIVS/Props/Garbage theme/Prefabs/Garbage_setA/TincanC.prefab
  artifactKey: Guid(fdfaf7848b0af554f919e915db69c930) Importer(815301076,1909f56bfc062723c751e8b465ee728b)
Start importing Assets/KIVS/Props/Garbage theme/Prefabs/Garbage_setA/TincanC.prefab using Guid(fdfaf7848b0af554f919e915db69c930) Importer(815301076,1909f56bfc062723c751e8b465ee728b)  -> (artifact id: '43a048415ab4fd1f644728434ac0cd92') in 0.060162 seconds
Number of updated asset objects reloaded before import = 0
Number of asset objects unloaded after import = 11
========================================================================
Received Import Request.
  Time since last request: 0.000022 seconds.
  path: Assets/KIVS/Props/Garbage theme/Prefabs/Garbage_setA/MilkPackB_smashed.prefab
  artifactKey: Guid(8297e125902ff8f4aa628b746856cc11) Importer(815301076,1909f56bfc062723c751e8b465ee728b)
Start importing Assets/KIVS/Props/Garbage theme/Prefabs/Garbage_setA/MilkPackB_smashed.prefab using Guid(8297e125902ff8f4aa628b746856cc11) Importer(815301076,1909f56bfc062723c751e8b465ee728b)  -> (artifact id: 'bbc6f3f4176e23453376c2956e43ec0d') in 0.061425 seconds
Number of updated asset objects reloaded before import = 0
Number of asset objects unloaded after import = 11
========================================================================
Received Import Request.
  Time since last request: 0.000016 seconds.
  path: Assets/KIVS/Props/Garbage theme/Prefabs/Garbage_setA/SodaCan_smashed.prefab
  artifactKey: Guid(a93805bb348f69a4b8dc5f37e211685d) Importer(815301076,1909f56bfc062723c751e8b465ee728b)
Start importing Assets/KIVS/Props/Garbage theme/Prefabs/Garbage_setA/SodaCan_smashed.prefab using Guid(a93805bb348f69a4b8dc5f37e211685d) Importer(815301076,1909f56bfc062723c751e8b465ee728b)  -> (artifact id: '9c4a65651272e3f173ddd528654eb91e') in 0.060404 seconds
Number of updated asset objects reloaded before import = 0
Number of asset objects unloaded after import = 11
========================================================================
Received Import Request.
  Time since last request: 0.000026 seconds.
  path: Assets/KIVS/Props/Garbage theme/Prefabs/Garbage_setA/PapercupStraw.prefab
  artifactKey: Guid(22a4ef86e6c27a14f94f884dd032e7e4) Importer(815301076,1909f56bfc062723c751e8b465ee728b)
Start importing Assets/KIVS/Props/Garbage theme/Prefabs/Garbage_setA/PapercupStraw.prefab using Guid(22a4ef86e6c27a14f94f884dd032e7e4) Importer(815301076,1909f56bfc062723c751e8b465ee728b)  -> (artifact id: '960c4880429a4273c2ae30e9335c86a2') in 0.060279 seconds
Number of updated asset objects reloaded before import = 0
Number of asset objects unloaded after import = 11
========================================================================
Received Import Request.
  Time since last request: 0.000024 seconds.
  path: Assets/KIVS/Props/Garbage theme/Prefabs/Garbage_setA/GlassBottle_broken_top.prefab
  artifactKey: Guid(6fefa9ca8e6a32947bf5da5a1d0c4f7e) Importer(815301076,1909f56bfc062723c751e8b465ee728b)
Start importing Assets/KIVS/Props/Garbage theme/Prefabs/Garbage_setA/GlassBottle_broken_top.prefab using Guid(6fefa9ca8e6a32947bf5da5a1d0c4f7e) Importer(815301076,1909f56bfc062723c751e8b465ee728b)  -> (artifact id: 'a1038ff32a7bd11b88bce6fb0356d870') in 0.064827 seconds
Number of updated asset objects reloaded before import = 0
Number of asset objects unloaded after import = 11
========================================================================
Received Import Request.
  Time since last request: 0.000025 seconds.
  path: Assets/KIVS/Props/Garbage theme/Prefabs/Garbage_setA/GlassBottle_broken_bottom.prefab
  artifactKey: Guid(54a1aabde213c18498a26484bcc15fae) Importer(815301076,1909f56bfc062723c751e8b465ee728b)
Start importing Assets/KIVS/Props/Garbage theme/Prefabs/Garbage_setA/GlassBottle_broken_bottom.prefab using Guid(54a1aabde213c18498a26484bcc15fae) Importer(815301076,1909f56bfc062723c751e8b465ee728b)  -> (artifact id: '3f571bc84189206a3b3f09aea11fb157') in 0.063241 seconds
Number of updated asset objects reloaded before import = 0
Number of asset objects unloaded after import = 11
========================================================================
Received Import Request.
  Time since last request: 0.000023 seconds.
  path: Assets/KIVS/Props/Garbage theme/Prefabs/Garbage_setA/TincanB_openA.prefab
  artifactKey: Guid(f9c9654ae522877449ece778e795510d) Importer(815301076,1909f56bfc062723c751e8b465ee728b)
Start importing Assets/KIVS/Props/Garbage theme/Prefabs/Garbage_setA/TincanB_openA.prefab using Guid(f9c9654ae522877449ece778e795510d) Importer(815301076,1909f56bfc062723c751e8b465ee728b)  -> (artifact id: 'd3ae98aec76cd33e82b447f9d272f86d') in 0.061608 seconds
Number of updated asset objects reloaded before import = 0
Number of asset objects unloaded after import = 11
========================================================================
Received Import Request.
  Time since last request: 0.000025 seconds.
  path: Assets/KIVS/Props/Garbage theme/Prefabs/Garbage_setA/LilPlate_brokenB.prefab
  artifactKey: Guid(6d5d77b0e1f742a45b2b4bb84e644aba) Importer(815301076,1909f56bfc062723c751e8b465ee728b)
Start importing Assets/KIVS/Props/Garbage theme/Prefabs/Garbage_setA/LilPlate_brokenB.prefab using Guid(6d5d77b0e1f742a45b2b4bb84e644aba) Importer(815301076,1909f56bfc062723c751e8b465ee728b)  -> (artifact id: 'd100725503c9b226690a5b5509182ffe') in 0.064433 seconds
Number of updated asset objects reloaded before import = 0
Number of asset objects unloaded after import = 23
========================================================================
Received Prepare
Begin MonoManager ReloadAssembly
Symbol file LoadedFromMemory doesn't match image D:\P_Project\Unity\SandeeProject\SandeeProject\SandeeProject\Library\PackageCache\com.unity.visualscripting@1.8.0\Editor\VisualScripting.Core\Dependencies\YamlDotNet\Unity.VisualScripting.YamlDotNet.dll
Symbol file LoadedFromMemory doesn't match image D:\P_Project\Unity\SandeeProject\SandeeProject\SandeeProject\Library\PackageCache\com.unity.visualscripting@1.8.0\Editor\VisualScripting.Core\Dependencies\DotNetZip\Unity.VisualScripting.IonicZip.dll
- Loaded All Assemblies, in  0.914 seconds
Refreshing native plugins compatible for Editor in 1.71 ms, found 3 plugins.
Native extension for UWP target not found
Native extension for WindowsStandalone target not found
[Package Manager] Server::EnsureServerProcessIsRunning -- launch failed, reason: Unity was launched with the -noUpm command-line argument
[Package Manager] UpmClient::Send -- Unable to send message (not connected to UPM process).
[Package Manager] Cannot connect to Unity Package Manager local server
Mono: successfully reloaded assembly
- Finished resetting the current domain, in  1.121 seconds
Domain Reload Profiling: 2035ms
	BeginReloadAssembly (158ms)
		ExecutionOrderSort (0ms)
		DisableScriptedObjects (5ms)
		BackupInstance (0ms)
		ReleaseScriptingObjects (0ms)
		CreateAndSetChildDomain (50ms)
	RebuildCommonClasses (47ms)
	RebuildNativeTypeToScriptingClass (17ms)
	initialDomainReloadingComplete (37ms)
	LoadAllAssembliesAndSetupDomain (653ms)
		LoadAssemblies (290ms)
		RebuildTransferFunctionScriptingTraits (0ms)
		AnalyzeDomain (427ms)
			TypeCache.Refresh (416ms)
				TypeCache.ScanAssembly (399ms)
			ScanForSourceGeneratedMonoScriptInfo (3ms)
			ResolveRequiredComponents (7ms)
	FinalizeReload (1122ms)
		ReleaseScriptCaches (0ms)
		RebuildScriptCaches (0ms)
		SetupLoadedEditorAssemblies (458ms)
			LogAssemblyErrors (0ms)
			InitializePlatformSupportModulesInManaged (7ms)
			SetLoadedEditorAssemblies (5ms)
			RefreshPlugins (0ms)
			BeforeProcessingInitializeOnLoad (65ms)
			ProcessInitializeOnLoadAttributes (359ms)
			ProcessInitializeOnLoadMethodAttributes (17ms)
			AfterProcessingInitializeOnLoad (4ms)
			EditorAssembliesLoaded (0ms)
		ExecutionOrderSort2 (0ms)
		AwakeInstancesAfterBackupRestoration (7ms)
Shader 'VRM10/Universal Render Pipeline/MToon10': fallback shader 'Hidden/Universal Render Pipeline/FallbackError' not found
Shader 'VRM10/Universal Render Pipeline/MToon10': fallback shader 'Hidden/Universal Render Pipeline/FallbackError' not found
Refreshing native plugins compatible for Editor in 1.52 ms, found 3 plugins.
Preloading 0 native plugins for Editor in 0.00 ms.
Unloading 4091 Unused Serialized files (Serialized files now loaded: 0)
Unloading 33 unused Assets / (2.9 MB). Loaded Objects now: 4702.
Memory consumption went from 176.1 MB to 173.1 MB.
Total: 4.729200 ms (FindLiveObjects: 0.331800 ms CreateObjectMapping: 0.337700 ms MarkObjects: 2.848300 ms  DeleteObjects: 1.210300 ms)

Prepare: number of updated asset objects reloaded= 0
AssetImportParameters requested are different than current active one (requested -> active):
  custom:container-demuxer-ogg: 62fdf1f143b41e24485cea50d1cbac27 -> 
  custom:video-codec-MediaFoundation-h265: 746d11721c4dcdbdad8f713fa42b33f4 -> 
  custom:video-decoder-ogg-theora: a1e56fd34408186e4bbccfd4996cb3dc -> 
  custom:framework-win-MediaFoundation: 216162199b28c13a410421893ffa2e32 -> 
  custom:CustomObjectIndexerAttribute: 756ad292c208cfabdd7b50bc23989ffe -> 
  custom:container-demuxer-webm: 4f35f7cbe854078d1ac9338744f61a02 -> 
  custom:container-muxer-webm: aa71ff27fc2769a1b78a27578f13a17b -> 
  custom:video-decoder-webm-vp8: 9c59270c3fd7afecdb556c50c9e8de78 -> 
  custom:AudioImporter_EditorPlatform: d09bf68614088b80899f8185d706f6e7 -> 
  custom:video-encoder-webm-vp8: eb34c28f22e8b96e1ab97ce403110664 -> 
  custom:audio-decoder-ogg-vorbis: bf7c407c2cedff20999df2af8eb42d56 -> 
  custom:audio-encoder-webm-vorbis: bf7c407c2cedff20999df2af8eb42d56 -> 
========================================================================
Received Prepare
Begin MonoManager ReloadAssembly
Symbol file LoadedFromMemory doesn't match image D:\P_Project\Unity\SandeeProject\SandeeProject\SandeeProject\Library\PackageCache\com.unity.visualscripting@1.8.0\Editor\VisualScripting.Core\Dependencies\YamlDotNet\Unity.VisualScripting.YamlDotNet.dll
Symbol file LoadedFromMemory doesn't match image D:\P_Project\Unity\SandeeProject\SandeeProject\SandeeProject\Library\PackageCache\com.unity.visualscripting@1.8.0\Editor\VisualScripting.Core\Dependencies\DotNetZip\Unity.VisualScripting.IonicZip.dll
- Loaded All Assemblies, in  0.813 seconds
Refreshing native plugins compatible for Editor in 1.46 ms, found 3 plugins.
Native extension for UWP target not found
Native extension for WindowsStandalone target not found
[Package Manager] Server::EnsureServerProcessIsRunning -- launch failed, reason: Unity was launched with the -noUpm command-line argument
[Package Manager] UpmClient::Send -- Unable to send message (not connected to UPM process).
[Package Manager] Cannot connect to Unity Package Manager local server
Mono: successfully reloaded assembly
- Finished resetting the current domain, in  0.839 seconds
Domain Reload Profiling: 1651ms
	BeginReloadAssembly (175ms)
		ExecutionOrderSort (0ms)
		DisableScriptedObjects (6ms)
		BackupInstance (0ms)
		ReleaseScriptingObjects (0ms)
		CreateAndSetChildDomain (59ms)
	RebuildCommonClasses (48ms)
	RebuildNativeTypeToScriptingClass (15ms)
	initialDomainReloadingComplete (28ms)
	LoadAllAssembliesAndSetupDomain (544ms)
		LoadAssemblies (262ms)
		RebuildTransferFunctionScriptingTraits (0ms)
		AnalyzeDomain (356ms)
			TypeCache.Refresh (349ms)
				TypeCache.ScanAssembly (335ms)
			ScanForSourceGeneratedMonoScriptInfo (0ms)
			ResolveRequiredComponents (7ms)
	FinalizeReload (840ms)
		ReleaseScriptCaches (0ms)
		RebuildScriptCaches (0ms)
		SetupLoadedEditorAssemblies (437ms)
			LogAssemblyErrors (0ms)
			InitializePlatformSupportModulesInManaged (7ms)
			SetLoadedEditorAssemblies (5ms)
			RefreshPlugins (0ms)
			BeforeProcessingInitializeOnLoad (74ms)
			ProcessInitializeOnLoadAttributes (325ms)
			ProcessInitializeOnLoadMethodAttributes (21ms)
			AfterProcessingInitializeOnLoad (5ms)
			EditorAssembliesLoaded (0ms)
		ExecutionOrderSort2 (0ms)
		AwakeInstancesAfterBackupRestoration (8ms)
Shader 'VRM10/Universal Render Pipeline/MToon10': fallback shader 'Hidden/Universal Render Pipeline/FallbackError' not found
Shader 'VRM10/Universal Render Pipeline/MToon10': fallback shader 'Hidden/Universal Render Pipeline/FallbackError' not found
Refreshing native plugins compatible for Editor in 2.13 ms, found 3 plugins.
Preloading 0 native plugins for Editor in 0.00 ms.
Unloading 4092 Unused Serialized files (Serialized files now loaded: 0)
Unloading 33 unused Assets / (2.9 MB). Loaded Objects now: 4717.
Memory consumption went from 176.3 MB to 173.4 MB.
Total: 15.297000 ms (FindLiveObjects: 0.593900 ms CreateObjectMapping: 0.741900 ms MarkObjects: 10.183300 ms  DeleteObjects: 3.776300 ms)

Prepare: number of updated asset objects reloaded= 0
AssetImportParameters requested are different than current active one (requested -> active):
  custom:container-demuxer-ogg: 62fdf1f143b41e24485cea50d1cbac27 -> 
  custom:video-codec-MediaFoundation-h265: 746d11721c4dcdbdad8f713fa42b33f4 -> 
  custom:video-decoder-ogg-theora: a1e56fd34408186e4bbccfd4996cb3dc -> 
  custom:framework-win-MediaFoundation: 216162199b28c13a410421893ffa2e32 -> 
  custom:CustomObjectIndexerAttribute: 756ad292c208cfabdd7b50bc23989ffe -> 
  custom:container-demuxer-webm: 4f35f7cbe854078d1ac9338744f61a02 -> 
  custom:container-muxer-webm: aa71ff27fc2769a1b78a27578f13a17b -> 
  custom:video-decoder-webm-vp8: 9c59270c3fd7afecdb556c50c9e8de78 -> 
  custom:AudioImporter_EditorPlatform: d09bf68614088b80899f8185d706f6e7 -> 
  custom:video-encoder-webm-vp8: eb34c28f22e8b96e1ab97ce403110664 -> 
  custom:audio-decoder-ogg-vorbis: bf7c407c2cedff20999df2af8eb42d56 -> 
  custom:audio-encoder-webm-vorbis: bf7c407c2cedff20999df2af8eb42d56 -> 
========================================================================
Received Prepare
Begin MonoManager ReloadAssembly
Symbol file LoadedFromMemory doesn't match image D:\P_Project\Unity\SandeeProject\SandeeProject\SandeeProject\Library\PackageCache\com.unity.visualscripting@1.8.0\Editor\VisualScripting.Core\Dependencies\YamlDotNet\Unity.VisualScripting.YamlDotNet.dll
Symbol file LoadedFromMemory doesn't match image D:\P_Project\Unity\SandeeProject\SandeeProject\SandeeProject\Library\PackageCache\com.unity.visualscripting@1.8.0\Editor\VisualScripting.Core\Dependencies\DotNetZip\Unity.VisualScripting.IonicZip.dll
- Loaded All Assemblies, in  0.918 seconds
Refreshing native plugins compatible for Editor in 1.98 ms, found 3 plugins.
Native extension for UWP target not found
Native extension for WindowsStandalone target not found
[Package Manager] Server::EnsureServerProcessIsRunning -- launch failed, reason: Unity was launched with the -noUpm command-line argument
[Package Manager] UpmClient::Send -- Unable to send message (not connected to UPM process).
[Package Manager] Cannot connect to Unity Package Manager local server
Mono: successfully reloaded assembly
- Finished resetting the current domain, in  0.878 seconds
Domain Reload Profiling: 1794ms
	BeginReloadAssembly (156ms)
		ExecutionOrderSort (0ms)
		DisableScriptedObjects (8ms)
		BackupInstance (0ms)
		ReleaseScriptingObjects (0ms)
		CreateAndSetChildDomain (44ms)
	RebuildCommonClasses (38ms)
	RebuildNativeTypeToScriptingClass (14ms)
	initialDomainReloadingComplete (34ms)
	LoadAllAssembliesAndSetupDomain (674ms)
		LoadAssemblies (297ms)
		RebuildTransferFunctionScriptingTraits (0ms)
		AnalyzeDomain (443ms)
			TypeCache.Refresh (428ms)
				TypeCache.ScanAssembly (407ms)
			ScanForSourceGeneratedMonoScriptInfo (4ms)
			ResolveRequiredComponents (12ms)
	FinalizeReload (878ms)
		ReleaseScriptCaches (0ms)
		RebuildScriptCaches (0ms)
		SetupLoadedEditorAssemblies (446ms)
			LogAssemblyErrors (0ms)
			InitializePlatformSupportModulesInManaged (6ms)
			SetLoadedEditorAssemblies (7ms)
			RefreshPlugins (0ms)
			BeforeProcessingInitializeOnLoad (83ms)
			ProcessInitializeOnLoadAttributes (328ms)
			ProcessInitializeOnLoadMethodAttributes (17ms)
			AfterProcessingInitializeOnLoad (5ms)
			EditorAssembliesLoaded (0ms)
		ExecutionOrderSort2 (0ms)
		AwakeInstancesAfterBackupRestoration (8ms)
Shader 'VRM10/Universal Render Pipeline/MToon10': fallback shader 'Hidden/Universal Render Pipeline/FallbackError' not found
Shader 'VRM10/Universal Render Pipeline/MToon10': fallback shader 'Hidden/Universal Render Pipeline/FallbackError' not found
Refreshing native plugins compatible for Editor in 2.06 ms, found 3 plugins.
Preloading 0 native plugins for Editor in 0.00 ms.
Unloading 4092 Unused Serialized files (Serialized files now loaded: 0)
Unloading 33 unused Assets / (2.9 MB). Loaded Objects now: 4732.
Memory consumption went from 176.3 MB to 173.4 MB.
Total: 4.424700 ms (FindLiveObjects: 0.347400 ms CreateObjectMapping: 0.374200 ms MarkObjects: 2.388600 ms  DeleteObjects: 1.313500 ms)

Prepare: number of updated asset objects reloaded= 0
AssetImportParameters requested are different than current active one (requested -> active):
  custom:container-demuxer-ogg: 62fdf1f143b41e24485cea50d1cbac27 -> 
  custom:video-codec-MediaFoundation-h265: 746d11721c4dcdbdad8f713fa42b33f4 -> 
  custom:video-decoder-ogg-theora: a1e56fd34408186e4bbccfd4996cb3dc -> 
  custom:framework-win-MediaFoundation: 216162199b28c13a410421893ffa2e32 -> 
  custom:CustomObjectIndexerAttribute: 756ad292c208cfabdd7b50bc23989ffe -> 
  custom:container-demuxer-webm: 4f35f7cbe854078d1ac9338744f61a02 -> 
  custom:container-muxer-webm: aa71ff27fc2769a1b78a27578f13a17b -> 
  custom:video-decoder-webm-vp8: 9c59270c3fd7afecdb556c50c9e8de78 -> 
  custom:AudioImporter_EditorPlatform: d09bf68614088b80899f8185d706f6e7 -> 
  custom:video-encoder-webm-vp8: eb34c28f22e8b96e1ab97ce403110664 -> 
  custom:audio-decoder-ogg-vorbis: bf7c407c2cedff20999df2af8eb42d56 -> 
  custom:audio-encoder-webm-vorbis: bf7c407c2cedff20999df2af8eb42d56 -> 
========================================================================
Received Import Request.
  Time since last request: 1225.392198 seconds.
  path: Assets/Scripts/Player - Pick items/CollectItem.cs
  artifactKey: Guid(8de41420d47446f42958787de26f8929) Importer(815301076,1909f56bfc062723c751e8b465ee728b)
Start importing Assets/Scripts/Player - Pick items/CollectItem.cs using Guid(8de41420d47446f42958787de26f8929) Importer(815301076,1909f56bfc062723c751e8b465ee728b)  -> (artifact id: '6a826c025ffa0c99ddb9f697c835d856') in 0.047981 seconds
Number of updated asset objects reloaded before import = 0
Number of asset objects unloaded after import = 0
========================================================================
Received Import Request.
  Time since last request: 82.336257 seconds.
  path: Assets/Scripts/Player - Pick items/CollectItem.cs
  artifactKey: Guid(8de41420d47446f42958787de26f8929) Importer(815301076,1909f56bfc062723c751e8b465ee728b)
Start importing Assets/Scripts/Player - Pick items/CollectItem.cs using Guid(8de41420d47446f42958787de26f8929) Importer(815301076,1909f56bfc062723c751e8b465ee728b)  -> (artifact id: '62e00ee635f866dfc5767b2374ee38d0') in 0.000896 seconds
Number of updated asset objects reloaded before import = 0
Number of asset objects unloaded after import = 0
========================================================================
Received Import Request.
  Time since last request: 9.013348 seconds.
  path: ProjectSettings/TagManager.asset
  artifactKey: Guid(00000000000000003000000000000000) Importer(815301076,1909f56bfc062723c751e8b465ee728b)
Start importing ProjectSettings/TagManager.asset using Guid(00000000000000003000000000000000) Importer(815301076,1909f56bfc062723c751e8b465ee728b)  -> (artifact id: '0fde6752370b13466000e249f7a0e00c') in 0.008564 seconds
Number of updated asset objects reloaded before import = 0
Number of asset objects unloaded after import = 0
========================================================================
Received Prepare
Begin MonoManager ReloadAssembly
Symbol file LoadedFromMemory doesn't match image D:\P_Project\Unity\SandeeProject\SandeeProject\SandeeProject\Library\PackageCache\com.unity.visualscripting@1.8.0\Editor\VisualScripting.Core\Dependencies\YamlDotNet\Unity.VisualScripting.YamlDotNet.dll
Symbol file LoadedFromMemory doesn't match image D:\P_Project\Unity\SandeeProject\SandeeProject\SandeeProject\Library\PackageCache\com.unity.visualscripting@1.8.0\Editor\VisualScripting.Core\Dependencies\DotNetZip\Unity.VisualScripting.IonicZip.dll
- Loaded All Assemblies, in  0.800 seconds
Refreshing native plugins compatible for Editor in 1.47 ms, found 3 plugins.
Native extension for UWP target not found
Native extension for WindowsStandalone target not found
[Package Manager] Server::EnsureServerProcessIsRunning -- launch failed, reason: Unity was launched with the -noUpm command-line argument
[Package Manager] UpmClient::Send -- Unable to send message (not connected to UPM process).
[Package Manager] Cannot connect to Unity Package Manager local server
Mono: successfully reloaded assembly
- Finished resetting the current domain, in  0.784 seconds
Domain Reload Profiling: 1582ms
	BeginReloadAssembly (163ms)
		ExecutionOrderSort (0ms)
		DisableScriptedObjects (7ms)
		BackupInstance (0ms)
		ReleaseScriptingObjects (0ms)
		CreateAndSetChildDomain (47ms)
	RebuildCommonClasses (42ms)
	RebuildNativeTypeToScriptingClass (19ms)
	initialDomainReloadingComplete (35ms)
	LoadAllAssembliesAndSetupDomain (538ms)
		LoadAssemblies (263ms)
		RebuildTransferFunctionScriptingTraits (0ms)
		AnalyzeDomain (346ms)
			TypeCache.Refresh (336ms)
				TypeCache.ScanAssembly (323ms)
			ScanForSourceGeneratedMonoScriptInfo (2ms)
			ResolveRequiredComponents (8ms)
	FinalizeReload (784ms)
		ReleaseScriptCaches (0ms)
		RebuildScriptCaches (0ms)
		SetupLoadedEditorAssemblies (397ms)
			LogAssemblyErrors (0ms)
			InitializePlatformSupportModulesInManaged (5ms)
			SetLoadedEditorAssemblies (5ms)
			RefreshPlugins (0ms)
			BeforeProcessingInitializeOnLoad (73ms)
			ProcessInitializeOnLoadAttributes (292ms)
			ProcessInitializeOnLoadMethodAttributes (17ms)
			AfterProcessingInitializeOnLoad (5ms)
			EditorAssembliesLoaded (0ms)
		ExecutionOrderSort2 (0ms)
		AwakeInstancesAfterBackupRestoration (7ms)
Shader 'VRM10/Universal Render Pipeline/MToon10': fallback shader 'Hidden/Universal Render Pipeline/FallbackError' not found
Shader 'VRM10/Universal Render Pipeline/MToon10': fallback shader 'Hidden/Universal Render Pipeline/FallbackError' not found
Refreshing native plugins compatible for Editor in 1.84 ms, found 3 plugins.
Preloading 0 native plugins for Editor in 0.00 ms.
Unloading 4091 Unused Serialized files (Serialized files now loaded: 0)
Unloading 33 unused Assets / (2.9 MB). Loaded Objects now: 4747.
Memory consumption went from 176.1 MB to 173.2 MB.
Total: 4.474600 ms (FindLiveObjects: 0.347200 ms CreateObjectMapping: 0.370700 ms MarkObjects: 2.327500 ms  DeleteObjects: 1.428100 ms)

Prepare: number of updated asset objects reloaded= 0
AssetImportParameters requested are different than current active one (requested -> active):
  custom:container-demuxer-ogg: 62fdf1f143b41e24485cea50d1cbac27 -> 
  custom:video-codec-MediaFoundation-h265: 746d11721c4dcdbdad8f713fa42b33f4 -> 
  custom:video-decoder-ogg-theora: a1e56fd34408186e4bbccfd4996cb3dc -> 
  custom:framework-win-MediaFoundation: 216162199b28c13a410421893ffa2e32 -> 
  custom:CustomObjectIndexerAttribute: 756ad292c208cfabdd7b50bc23989ffe -> 
  custom:container-demuxer-webm: 4f35f7cbe854078d1ac9338744f61a02 -> 
  custom:container-muxer-webm: aa71ff27fc2769a1b78a27578f13a17b -> 
  custom:video-decoder-webm-vp8: 9c59270c3fd7afecdb556c50c9e8de78 -> 
  custom:AudioImporter_EditorPlatform: d09bf68614088b80899f8185d706f6e7 -> 
  custom:video-encoder-webm-vp8: eb34c28f22e8b96e1ab97ce403110664 -> 
  custom:audio-decoder-ogg-vorbis: bf7c407c2cedff20999df2af8eb42d56 -> 
  custom:audio-encoder-webm-vorbis: bf7c407c2cedff20999df2af8eb42d56 -> 
========================================================================
Received Prepare
Begin MonoManager ReloadAssembly
Symbol file LoadedFromMemory doesn't match image D:\P_Project\Unity\SandeeProject\SandeeProject\SandeeProject\Library\PackageCache\com.unity.visualscripting@1.8.0\Editor\VisualScripting.Core\Dependencies\YamlDotNet\Unity.VisualScripting.YamlDotNet.dll
Symbol file LoadedFromMemory doesn't match image D:\P_Project\Unity\SandeeProject\SandeeProject\SandeeProject\Library\PackageCache\com.unity.visualscripting@1.8.0\Editor\VisualScripting.Core\Dependencies\DotNetZip\Unity.VisualScripting.IonicZip.dll
- Loaded All Assemblies, in  0.719 seconds
Refreshing native plugins compatible for Editor in 2.00 ms, found 3 plugins.
Native extension for UWP target not found
Native extension for WindowsStandalone target not found
[Package Manager] Server::EnsureServerProcessIsRunning -- launch failed, reason: Unity was launched with the -noUpm command-line argument
[Package Manager] UpmClient::Send -- Unable to send message (not connected to UPM process).
[Package Manager] Cannot connect to Unity Package Manager local server
Mono: successfully reloaded assembly
- Finished resetting the current domain, in  0.762 seconds
Domain Reload Profiling: 1479ms
	BeginReloadAssembly (140ms)
		ExecutionOrderSort (0ms)
		DisableScriptedObjects (6ms)
		BackupInstance (0ms)
		ReleaseScriptingObjects (0ms)
		CreateAndSetChildDomain (33ms)
	RebuildCommonClasses (36ms)
	RebuildNativeTypeToScriptingClass (17ms)
	initialDomainReloadingComplete (27ms)
	LoadAllAssembliesAndSetupDomain (497ms)
		LoadAssemblies (236ms)
		RebuildTransferFunctionScriptingTraits (0ms)
		AnalyzeDomain (325ms)
			TypeCache.Refresh (315ms)
				TypeCache.ScanAssembly (300ms)
			ScanForSourceGeneratedMonoScriptInfo (0ms)
			ResolveRequiredComponents (10ms)
	FinalizeReload (762ms)
		ReleaseScriptCaches (0ms)
		RebuildScriptCaches (0ms)
		SetupLoadedEditorAssemblies (406ms)
			LogAssemblyErrors (0ms)
			InitializePlatformSupportModulesInManaged (5ms)
			SetLoadedEditorAssemblies (5ms)
			RefreshPlugins (0ms)
			BeforeProcessingInitializeOnLoad (69ms)
			ProcessInitializeOnLoadAttributes (305ms)
			ProcessInitializeOnLoadMethodAttributes (17ms)
			AfterProcessingInitializeOnLoad (5ms)
			EditorAssembliesLoaded (0ms)
		ExecutionOrderSort2 (0ms)
		AwakeInstancesAfterBackupRestoration (7ms)
Shader 'VRM10/Universal Render Pipeline/MToon10': fallback shader 'Hidden/Universal Render Pipeline/FallbackError' not found
Shader 'VRM10/Universal Render Pipeline/MToon10': fallback shader 'Hidden/Universal Render Pipeline/FallbackError' not found
Refreshing native plugins compatible for Editor in 1.34 ms, found 3 plugins.
Preloading 0 native plugins for Editor in 0.00 ms.
Unloading 4092 Unused Serialized files (Serialized files now loaded: 0)
Unloading 33 unused Assets / (2.9 MB). Loaded Objects now: 4762.
Memory consumption went from 176.4 MB to 173.4 MB.
Total: 4.345900 ms (FindLiveObjects: 0.372000 ms CreateObjectMapping: 0.359300 ms MarkObjects: 2.306200 ms  DeleteObjects: 1.307500 ms)

Prepare: number of updated asset objects reloaded= 0
AssetImportParameters requested are different than current active one (requested -> active):
  custom:container-demuxer-ogg: 62fdf1f143b41e24485cea50d1cbac27 -> 
  custom:video-codec-MediaFoundation-h265: 746d11721c4dcdbdad8f713fa42b33f4 -> 
  custom:video-decoder-ogg-theora: a1e56fd34408186e4bbccfd4996cb3dc -> 
  custom:framework-win-MediaFoundation: 216162199b28c13a410421893ffa2e32 -> 
  custom:CustomObjectIndexerAttribute: 756ad292c208cfabdd7b50bc23989ffe -> 
  custom:container-demuxer-webm: 4f35f7cbe854078d1ac9338744f61a02 -> 
  custom:container-muxer-webm: aa71ff27fc2769a1b78a27578f13a17b -> 
  custom:video-decoder-webm-vp8: 9c59270c3fd7afecdb556c50c9e8de78 -> 
  custom:AudioImporter_EditorPlatform: d09bf68614088b80899f8185d706f6e7 -> 
  custom:video-encoder-webm-vp8: eb34c28f22e8b96e1ab97ce403110664 -> 
  custom:audio-decoder-ogg-vorbis: bf7c407c2cedff20999df2af8eb42d56 -> 
  custom:audio-encoder-webm-vorbis: bf7c407c2cedff20999df2af8eb42d56 -> 
========================================================================
Received Prepare
Begin MonoManager ReloadAssembly
Symbol file LoadedFromMemory doesn't match image D:\P_Project\Unity\SandeeProject\SandeeProject\SandeeProject\Library\PackageCache\com.unity.visualscripting@1.8.0\Editor\VisualScripting.Core\Dependencies\YamlDotNet\Unity.VisualScripting.YamlDotNet.dll
Symbol file LoadedFromMemory doesn't match image D:\P_Project\Unity\SandeeProject\SandeeProject\SandeeProject\Library\PackageCache\com.unity.visualscripting@1.8.0\Editor\VisualScripting.Core\Dependencies\DotNetZip\Unity.VisualScripting.IonicZip.dll
- Loaded All Assemblies, in  0.779 seconds
Refreshing native plugins compatible for Editor in 1.60 ms, found 3 plugins.
Native extension for UWP target not found
Native extension for WindowsStandalone target not found
[Package Manager] Server::EnsureServerProcessIsRunning -- launch failed, reason: Unity was launched with the -noUpm command-line argument
[Package Manager] UpmClient::Send -- Unable to send message (not connected to UPM process).
[Package Manager] Cannot connect to Unity Package Manager local server
Mono: successfully reloaded assembly
- Finished resetting the current domain, in  0.766 seconds
Domain Reload Profiling: 1544ms
	BeginReloadAssembly (186ms)
		ExecutionOrderSort (0ms)
		DisableScriptedObjects (7ms)
		BackupInstance (0ms)
		ReleaseScriptingObjects (0ms)
		CreateAndSetChildDomain (69ms)
	RebuildCommonClasses (36ms)
	RebuildNativeTypeToScriptingClass (11ms)
	initialDomainReloadingComplete (25ms)
	LoadAllAssembliesAndSetupDomain (520ms)
		LoadAssemblies (249ms)
		RebuildTransferFunctionScriptingTraits (0ms)
		AnalyzeDomain (335ms)
			TypeCache.Refresh (328ms)
				TypeCache.ScanAssembly (315ms)
			ScanForSourceGeneratedMonoScriptInfo (0ms)
			ResolveRequiredComponents (7ms)
	FinalizeReload (767ms)
		ReleaseScriptCaches (0ms)
		RebuildScriptCaches (0ms)
		SetupLoadedEditorAssemblies (401ms)
			LogAssemblyErrors (0ms)
			InitializePlatformSupportModulesInManaged (5ms)
			SetLoadedEditorAssemblies (5ms)
			RefreshPlugins (0ms)
			BeforeProcessingInitializeOnLoad (71ms)
			ProcessInitializeOnLoadAttributes (298ms)
			ProcessInitializeOnLoadMethodAttributes (16ms)
			AfterProcessingInitializeOnLoad (5ms)
			EditorAssembliesLoaded (0ms)
		ExecutionOrderSort2 (0ms)
		AwakeInstancesAfterBackupRestoration (7ms)
Shader 'VRM10/Universal Render Pipeline/MToon10': fallback shader 'Hidden/Universal Render Pipeline/FallbackError' not found
Shader 'VRM10/Universal Render Pipeline/MToon10': fallback shader 'Hidden/Universal Render Pipeline/FallbackError' not found
Refreshing native plugins compatible for Editor in 1.41 ms, found 3 plugins.
Preloading 0 native plugins for Editor in 0.00 ms.
Unloading 4092 Unused Serialized files (Serialized files now loaded: 0)
Unloading 33 unused Assets / (2.9 MB). Loaded Objects now: 4777.
Memory consumption went from 176.4 MB to 173.4 MB.
Total: 4.126800 ms (FindLiveObjects: 0.337100 ms CreateObjectMapping: 0.339000 ms MarkObjects: 2.153000 ms  DeleteObjects: 1.296800 ms)

Prepare: number of updated asset objects reloaded= 0
AssetImportParameters requested are different than current active one (requested -> active):
  custom:container-demuxer-ogg: 62fdf1f143b41e24485cea50d1cbac27 -> 
  custom:video-codec-MediaFoundation-h265: 746d11721c4dcdbdad8f713fa42b33f4 -> 
  custom:video-decoder-ogg-theora: a1e56fd34408186e4bbccfd4996cb3dc -> 
  custom:framework-win-MediaFoundation: 216162199b28c13a410421893ffa2e32 -> 
  custom:CustomObjectIndexerAttribute: 756ad292c208cfabdd7b50bc23989ffe -> 
  custom:container-demuxer-webm: 4f35f7cbe854078d1ac9338744f61a02 -> 
  custom:container-muxer-webm: aa71ff27fc2769a1b78a27578f13a17b -> 
  custom:video-decoder-webm-vp8: 9c59270c3fd7afecdb556c50c9e8de78 -> 
  custom:AudioImporter_EditorPlatform: d09bf68614088b80899f8185d706f6e7 -> 
  custom:video-encoder-webm-vp8: eb34c28f22e8b96e1ab97ce403110664 -> 
  custom:audio-decoder-ogg-vorbis: bf7c407c2cedff20999df2af8eb42d56 -> 
  custom:audio-encoder-webm-vorbis: bf7c407c2cedff20999df2af8eb42d56 -> 
========================================================================
Received Prepare
Begin MonoManager ReloadAssembly
Symbol file LoadedFromMemory doesn't match image D:\P_Project\Unity\SandeeProject\SandeeProject\SandeeProject\Library\PackageCache\com.unity.visualscripting@1.8.0\Editor\VisualScripting.Core\Dependencies\YamlDotNet\Unity.VisualScripting.YamlDotNet.dll
Symbol file LoadedFromMemory doesn't match image D:\P_Project\Unity\SandeeProject\SandeeProject\SandeeProject\Library\PackageCache\com.unity.visualscripting@1.8.0\Editor\VisualScripting.Core\Dependencies\DotNetZip\Unity.VisualScripting.IonicZip.dll
- Loaded All Assemblies, in  0.788 seconds
Refreshing native plugins compatible for Editor in 2.07 ms, found 3 plugins.
Native extension for UWP target not found
Native extension for WindowsStandalone target not found
[Package Manager] Server::EnsureServerProcessIsRunning -- launch failed, reason: Unity was launched with the -noUpm command-line argument
[Package Manager] UpmClient::Send -- Unable to send message (not connected to UPM process).
[Package Manager] Cannot connect to Unity Package Manager local server
Mono: successfully reloaded assembly
- Finished resetting the current domain, in  0.773 seconds
Domain Reload Profiling: 1559ms
	BeginReloadAssembly (148ms)
		ExecutionOrderSort (0ms)
		DisableScriptedObjects (5ms)
		BackupInstance (0ms)
		ReleaseScriptingObjects (0ms)
		CreateAndSetChildDomain (45ms)
	RebuildCommonClasses (43ms)
	RebuildNativeTypeToScriptingClass (16ms)
	initialDomainReloadingComplete (32ms)
	LoadAllAssembliesAndSetupDomain (547ms)
		LoadAssemblies (234ms)
		RebuildTransferFunctionScriptingTraits (0ms)
		AnalyzeDomain (370ms)
			TypeCache.Refresh (360ms)
				TypeCache.ScanAssembly (346ms)
			ScanForSourceGeneratedMonoScriptInfo (3ms)
			ResolveRequiredComponents (8ms)
	FinalizeReload (773ms)
		ReleaseScriptCaches (0ms)
		RebuildScriptCaches (0ms)
		SetupLoadedEditorAssemblies (381ms)
			LogAssemblyErrors (0ms)
			InitializePlatformSupportModulesInManaged (5ms)
			SetLoadedEditorAssemblies (4ms)
			RefreshPlugins (0ms)
			BeforeProcessingInitializeOnLoad (67ms)
			ProcessInitializeOnLoadAttributes (280ms)
			ProcessInitializeOnLoadMethodAttributes (20ms)
			AfterProcessingInitializeOnLoad (5ms)
			EditorAssembliesLoaded (0ms)
		ExecutionOrderSort2 (0ms)
		AwakeInstancesAfterBackupRestoration (6ms)
Shader 'VRM10/Universal Render Pipeline/MToon10': fallback shader 'Hidden/Universal Render Pipeline/FallbackError' not found
Shader 'VRM10/Universal Render Pipeline/MToon10': fallback shader 'Hidden/Universal Render Pipeline/FallbackError' not found
Refreshing native plugins compatible for Editor in 2.01 ms, found 3 plugins.
Preloading 0 native plugins for Editor in 0.00 ms.
Unloading 4092 Unused Serialized files (Serialized files now loaded: 0)
Unloading 33 unused Assets / (2.9 MB). Loaded Objects now: 4792.
Memory consumption went from 176.3 MB to 173.4 MB.
Total: 4.415300 ms (FindLiveObjects: 0.342500 ms CreateObjectMapping: 0.347400 ms MarkObjects: 2.386200 ms  DeleteObjects: 1.337700 ms)

Prepare: number of updated asset objects reloaded= 0
AssetImportParameters requested are different than current active one (requested -> active):
  custom:container-demuxer-ogg: 62fdf1f143b41e24485cea50d1cbac27 -> 
  custom:video-codec-MediaFoundation-h265: 746d11721c4dcdbdad8f713fa42b33f4 -> 
  custom:video-decoder-ogg-theora: a1e56fd34408186e4bbccfd4996cb3dc -> 
  custom:framework-win-MediaFoundation: 216162199b28c13a410421893ffa2e32 -> 
  custom:CustomObjectIndexerAttribute: 756ad292c208cfabdd7b50bc23989ffe -> 
  custom:container-demuxer-webm: 4f35f7cbe854078d1ac9338744f61a02 -> 
  custom:container-muxer-webm: aa71ff27fc2769a1b78a27578f13a17b -> 
  custom:video-decoder-webm-vp8: 9c59270c3fd7afecdb556c50c9e8de78 -> 
  custom:AudioImporter_EditorPlatform: d09bf68614088b80899f8185d706f6e7 -> 
  custom:video-encoder-webm-vp8: eb34c28f22e8b96e1ab97ce403110664 -> 
  custom:audio-decoder-ogg-vorbis: bf7c407c2cedff20999df2af8eb42d56 -> 
  custom:audio-encoder-webm-vorbis: bf7c407c2cedff20999df2af8eb42d56 -> 
========================================================================
Received Prepare
Begin MonoManager ReloadAssembly
Symbol file LoadedFromMemory doesn't match image D:\P_Project\Unity\SandeeProject\SandeeProject\SandeeProject\Library\PackageCache\com.unity.visualscripting@1.8.0\Editor\VisualScripting.Core\Dependencies\YamlDotNet\Unity.VisualScripting.YamlDotNet.dll
Symbol file LoadedFromMemory doesn't match image D:\P_Project\Unity\SandeeProject\SandeeProject\SandeeProject\Library\PackageCache\com.unity.visualscripting@1.8.0\Editor\VisualScripting.Core\Dependencies\DotNetZip\Unity.VisualScripting.IonicZip.dll
- Loaded All Assemblies, in  0.771 seconds
Refreshing native plugins compatible for Editor in 1.54 ms, found 3 plugins.
Native extension for UWP target not found
Native extension for WindowsStandalone target not found
[Package Manager] Server::EnsureServerProcessIsRunning -- launch failed, reason: Unity was launched with the -noUpm command-line argument
[Package Manager] UpmClient::Send -- Unable to send message (not connected to UPM process).
[Package Manager] Cannot connect to Unity Package Manager local server
Mono: successfully reloaded assembly
- Finished resetting the current domain, in  0.779 seconds
Domain Reload Profiling: 1548ms
	BeginReloadAssembly (145ms)
		ExecutionOrderSort (0ms)
		DisableScriptedObjects (6ms)
		BackupInstance (0ms)
		ReleaseScriptingObjects (0ms)
		CreateAndSetChildDomain (40ms)
	RebuildCommonClasses (36ms)
	RebuildNativeTypeToScriptingClass (16ms)
	initialDomainReloadingComplete (28ms)
	LoadAllAssembliesAndSetupDomain (545ms)
		LoadAssemblies (231ms)
		RebuildTransferFunctionScriptingTraits (0ms)
		AnalyzeDomain (374ms)
			TypeCache.Refresh (367ms)
				TypeCache.ScanAssembly (353ms)
			ScanForSourceGeneratedMonoScriptInfo (0ms)
			ResolveRequiredComponents (7ms)
	FinalizeReload (779ms)
		ReleaseScriptCaches (0ms)
		RebuildScriptCaches (0ms)
		SetupLoadedEditorAssemblies (404ms)
			LogAssemblyErrors (0ms)
			InitializePlatformSupportModulesInManaged (8ms)
			SetLoadedEditorAssemblies (5ms)
			RefreshPlugins (0ms)
			BeforeProcessingInitializeOnLoad (65ms)
			ProcessInitializeOnLoadAttributes (297ms)
			ProcessInitializeOnLoadMethodAttributes (22ms)
			AfterProcessingInitializeOnLoad (7ms)
			EditorAssembliesLoaded (0ms)
		ExecutionOrderSort2 (0ms)
		AwakeInstancesAfterBackupRestoration (8ms)
Shader 'VRM10/Universal Render Pipeline/MToon10': fallback shader 'Hidden/Universal Render Pipeline/FallbackError' not found
Shader 'VRM10/Universal Render Pipeline/MToon10': fallback shader 'Hidden/Universal Render Pipeline/FallbackError' not found
Refreshing native plugins compatible for Editor in 1.89 ms, found 3 plugins.
Preloading 0 native plugins for Editor in 0.00 ms.
Unloading 4092 Unused Serialized files (Serialized files now loaded: 0)
Unloading 33 unused Assets / (2.9 MB). Loaded Objects now: 4807.
Memory consumption went from 176.3 MB to 173.4 MB.
Total: 4.159600 ms (FindLiveObjects: 0.339100 ms CreateObjectMapping: 0.327200 ms MarkObjects: 2.147000 ms  DeleteObjects: 1.345600 ms)

Prepare: number of updated asset objects reloaded= 0
AssetImportParameters requested are different than current active one (requested -> active):
  custom:container-demuxer-ogg: 62fdf1f143b41e24485cea50d1cbac27 -> 
  custom:video-codec-MediaFoundation-h265: 746d11721c4dcdbdad8f713fa42b33f4 -> 
  custom:video-decoder-ogg-theora: a1e56fd34408186e4bbccfd4996cb3dc -> 
  custom:framework-win-MediaFoundation: 216162199b28c13a410421893ffa2e32 -> 
  custom:CustomObjectIndexerAttribute: 756ad292c208cfabdd7b50bc23989ffe -> 
  custom:container-demuxer-webm: 4f35f7cbe854078d1ac9338744f61a02 -> 
  custom:container-muxer-webm: aa71ff27fc2769a1b78a27578f13a17b -> 
  custom:video-decoder-webm-vp8: 9c59270c3fd7afecdb556c50c9e8de78 -> 
  custom:AudioImporter_EditorPlatform: d09bf68614088b80899f8185d706f6e7 -> 
  custom:video-encoder-webm-vp8: eb34c28f22e8b96e1ab97ce403110664 -> 
  custom:audio-decoder-ogg-vorbis: bf7c407c2cedff20999df2af8eb42d56 -> 
  custom:audio-encoder-webm-vorbis: bf7c407c2cedff20999df2af8eb42d56 -> 
========================================================================
Received Prepare
Begin MonoManager ReloadAssembly
Symbol file LoadedFromMemory doesn't match image D:\P_Project\Unity\SandeeProject\SandeeProject\SandeeProject\Library\PackageCache\com.unity.visualscripting@1.8.0\Editor\VisualScripting.Core\Dependencies\YamlDotNet\Unity.VisualScripting.YamlDotNet.dll
Symbol file LoadedFromMemory doesn't match image D:\P_Project\Unity\SandeeProject\SandeeProject\SandeeProject\Library\PackageCache\com.unity.visualscripting@1.8.0\Editor\VisualScripting.Core\Dependencies\DotNetZip\Unity.VisualScripting.IonicZip.dll
- Loaded All Assemblies, in  0.743 seconds
Refreshing native plugins compatible for Editor in 1.45 ms, found 3 plugins.
Native extension for UWP target not found
Native extension for WindowsStandalone target not found
[Package Manager] Server::EnsureServerProcessIsRunning -- launch failed, reason: Unity was launched with the -noUpm command-line argument
[Package Manager] UpmClient::Send -- Unable to send message (not connected to UPM process).
[Package Manager] Cannot connect to Unity Package Manager local server
Mono: successfully reloaded assembly
- Finished resetting the current domain, in  0.842 seconds
Domain Reload Profiling: 1585ms
	BeginReloadAssembly (151ms)
		ExecutionOrderSort (0ms)
		DisableScriptedObjects (6ms)
		BackupInstance (0ms)
		ReleaseScriptingObjects (0ms)
		CreateAndSetChildDomain (42ms)
	RebuildCommonClasses (32ms)
	RebuildNativeTypeToScriptingClass (11ms)
	initialDomainReloadingComplete (33ms)
	LoadAllAssembliesAndSetupDomain (514ms)
		LoadAssemblies (244ms)
		RebuildTransferFunctionScriptingTraits (0ms)
		AnalyzeDomain (340ms)
			TypeCache.Refresh (325ms)
				TypeCache.ScanAssembly (307ms)
			ScanForSourceGeneratedMonoScriptInfo (3ms)
			ResolveRequiredComponents (12ms)
	FinalizeReload (843ms)
		ReleaseScriptCaches (0ms)
		RebuildScriptCaches (0ms)
		SetupLoadedEditorAssemblies (392ms)
			LogAssemblyErrors (0ms)
			InitializePlatformSupportModulesInManaged (6ms)
			SetLoadedEditorAssemblies (5ms)
			RefreshPlugins (0ms)
			BeforeProcessingInitializeOnLoad (73ms)
			ProcessInitializeOnLoadAttributes (287ms)
			ProcessInitializeOnLoadMethodAttributes (17ms)
			AfterProcessingInitializeOnLoad (5ms)
			EditorAssembliesLoaded (0ms)
		ExecutionOrderSort2 (0ms)
		AwakeInstancesAfterBackupRestoration (7ms)
Shader 'VRM10/Universal Render Pipeline/MToon10': fallback shader 'Hidden/Universal Render Pipeline/FallbackError' not found
Shader 'VRM10/Universal Render Pipeline/MToon10': fallback shader 'Hidden/Universal Render Pipeline/FallbackError' not found
Refreshing native plugins compatible for Editor in 1.32 ms, found 3 plugins.
Preloading 0 native plugins for Editor in 0.00 ms.
Unloading 4092 Unused Serialized files (Serialized files now loaded: 0)
Unloading 33 unused Assets / (2.9 MB). Loaded Objects now: 4822.
Memory consumption went from 176.4 MB to 173.4 MB.
Total: 4.361500 ms (FindLiveObjects: 0.339000 ms CreateObjectMapping: 0.361700 ms MarkObjects: 2.316200 ms  DeleteObjects: 1.343600 ms)

Prepare: number of updated asset objects reloaded= 0
AssetImportParameters requested are different than current active one (requested -> active):
  custom:container-demuxer-ogg: 62fdf1f143b41e24485cea50d1cbac27 -> 
  custom:video-codec-MediaFoundation-h265: 746d11721c4dcdbdad8f713fa42b33f4 -> 
  custom:video-decoder-ogg-theora: a1e56fd34408186e4bbccfd4996cb3dc -> 
  custom:framework-win-MediaFoundation: 216162199b28c13a410421893ffa2e32 -> 
  custom:CustomObjectIndexerAttribute: 756ad292c208cfabdd7b50bc23989ffe -> 
  custom:container-demuxer-webm: 4f35f7cbe854078d1ac9338744f61a02 -> 
  custom:container-muxer-webm: aa71ff27fc2769a1b78a27578f13a17b -> 
  custom:video-decoder-webm-vp8: 9c59270c3fd7afecdb556c50c9e8de78 -> 
  custom:AudioImporter_EditorPlatform: d09bf68614088b80899f8185d706f6e7 -> 
  custom:video-encoder-webm-vp8: eb34c28f22e8b96e1ab97ce403110664 -> 
  custom:audio-decoder-ogg-vorbis: bf7c407c2cedff20999df2af8eb42d56 -> 
  custom:audio-encoder-webm-vorbis: bf7c407c2cedff20999df2af8eb42d56 -> 
========================================================================
Received Prepare
Begin MonoManager ReloadAssembly
Symbol file LoadedFromMemory doesn't match image D:\P_Project\Unity\SandeeProject\SandeeProject\SandeeProject\Library\PackageCache\com.unity.visualscripting@1.8.0\Editor\VisualScripting.Core\Dependencies\YamlDotNet\Unity.VisualScripting.YamlDotNet.dll
Symbol file LoadedFromMemory doesn't match image D:\P_Project\Unity\SandeeProject\SandeeProject\SandeeProject\Library\PackageCache\com.unity.visualscripting@1.8.0\Editor\VisualScripting.Core\Dependencies\DotNetZip\Unity.VisualScripting.IonicZip.dll
- Loaded All Assemblies, in  0.720 seconds
Refreshing native plugins compatible for Editor in 1.92 ms, found 3 plugins.
Native extension for UWP target not found
Native extension for WindowsStandalone target not found
[Package Manager] Server::EnsureServerProcessIsRunning -- launch failed, reason: Unity was launched with the -noUpm command-line argument
[Package Manager] UpmClient::Send -- Unable to send message (not connected to UPM process).
[Package Manager] Cannot connect to Unity Package Manager local server
Mono: successfully reloaded assembly
- Finished resetting the current domain, in  0.768 seconds
Domain Reload Profiling: 1488ms
	BeginReloadAssembly (154ms)
		ExecutionOrderSort (0ms)
		DisableScriptedObjects (8ms)
		BackupInstance (0ms)
		ReleaseScriptingObjects (0ms)
		CreateAndSetChildDomain (45ms)
	RebuildCommonClasses (34ms)
	RebuildNativeTypeToScriptingClass (14ms)
	initialDomainReloadingComplete (36ms)
	LoadAllAssembliesAndSetupDomain (482ms)
		LoadAssemblies (239ms)
		RebuildTransferFunctionScriptingTraits (0ms)
		AnalyzeDomain (310ms)
			TypeCache.Refresh (299ms)
				TypeCache.ScanAssembly (284ms)
			ScanForSourceGeneratedMonoScriptInfo (0ms)
			ResolveRequiredComponents (10ms)
	FinalizeReload (769ms)
		ReleaseScriptCaches (0ms)
		RebuildScriptCaches (0ms)
		SetupLoadedEditorAssemblies (406ms)
			LogAssemblyErrors (0ms)
			InitializePlatformSupportModulesInManaged (5ms)
			SetLoadedEditorAssemblies (5ms)
			RefreshPlugins (0ms)
			BeforeProcessingInitializeOnLoad (68ms)
			ProcessInitializeOnLoadAttributes (306ms)
			ProcessInitializeOnLoadMethodAttributes (17ms)
			AfterProcessingInitializeOnLoad (5ms)
			EditorAssembliesLoaded (0ms)
		ExecutionOrderSort2 (0ms)
		AwakeInstancesAfterBackupRestoration (7ms)
Shader 'VRM10/Universal Render Pipeline/MToon10': fallback shader 'Hidden/Universal Render Pipeline/FallbackError' not found
Shader 'VRM10/Universal Render Pipeline/MToon10': fallback shader 'Hidden/Universal Render Pipeline/FallbackError' not found
Refreshing native plugins compatible for Editor in 1.45 ms, found 3 plugins.
Preloading 0 native plugins for Editor in 0.00 ms.
Unloading 4092 Unused Serialized files (Serialized files now loaded: 0)
Unloading 33 unused Assets / (2.9 MB). Loaded Objects now: 4837.
Memory consumption went from 176.4 MB to 173.4 MB.
Total: 5.454300 ms (FindLiveObjects: 0.361400 ms CreateObjectMapping: 0.462200 ms MarkObjects: 2.691200 ms  DeleteObjects: 1.938400 ms)

Prepare: number of updated asset objects reloaded= 0
AssetImportParameters requested are different than current active one (requested -> active):
  custom:container-demuxer-ogg: 62fdf1f143b41e24485cea50d1cbac27 -> 
  custom:video-codec-MediaFoundation-h265: 746d11721c4dcdbdad8f713fa42b33f4 -> 
  custom:video-decoder-ogg-theora: a1e56fd34408186e4bbccfd4996cb3dc -> 
  custom:framework-win-MediaFoundation: 216162199b28c13a410421893ffa2e32 -> 
  custom:CustomObjectIndexerAttribute: 756ad292c208cfabdd7b50bc23989ffe -> 
  custom:container-demuxer-webm: 4f35f7cbe854078d1ac9338744f61a02 -> 
  custom:container-muxer-webm: aa71ff27fc2769a1b78a27578f13a17b -> 
  custom:video-decoder-webm-vp8: 9c59270c3fd7afecdb556c50c9e8de78 -> 
  custom:AudioImporter_EditorPlatform: d09bf68614088b80899f8185d706f6e7 -> 
  custom:video-encoder-webm-vp8: eb34c28f22e8b96e1ab97ce403110664 -> 
  custom:audio-decoder-ogg-vorbis: bf7c407c2cedff20999df2af8eb42d56 -> 
  custom:audio-encoder-webm-vorbis: bf7c407c2cedff20999df2af8eb42d56 -> 
========================================================================
Received Prepare
Begin MonoManager ReloadAssembly
Symbol file LoadedFromMemory doesn't match image D:\P_Project\Unity\SandeeProject\SandeeProject\SandeeProject\Library\PackageCache\com.unity.visualscripting@1.8.0\Editor\VisualScripting.Core\Dependencies\YamlDotNet\Unity.VisualScripting.YamlDotNet.dll
Symbol file LoadedFromMemory doesn't match image D:\P_Project\Unity\SandeeProject\SandeeProject\SandeeProject\Library\PackageCache\com.unity.visualscripting@1.8.0\Editor\VisualScripting.Core\Dependencies\DotNetZip\Unity.VisualScripting.IonicZip.dll
- Loaded All Assemblies, in  0.731 seconds
Refreshing native plugins compatible for Editor in 1.86 ms, found 3 plugins.
Native extension for UWP target not found
Native extension for WindowsStandalone target not found
[Package Manager] Server::EnsureServerProcessIsRunning -- launch failed, reason: Unity was launched with the -noUpm command-line argument
[Package Manager] UpmClient::Send -- Unable to send message (not connected to UPM process).
[Package Manager] Cannot connect to Unity Package Manager local server
Mono: successfully reloaded assembly
- Finished resetting the current domain, in  0.811 seconds
Domain Reload Profiling: 1540ms
	BeginReloadAssembly (151ms)
		ExecutionOrderSort (0ms)
		DisableScriptedObjects (8ms)
		BackupInstance (0ms)
		ReleaseScriptingObjects (0ms)
		CreateAndSetChildDomain (40ms)
	RebuildCommonClasses (34ms)
	RebuildNativeTypeToScriptingClass (13ms)
	initialDomainReloadingComplete (33ms)
	LoadAllAssembliesAndSetupDomain (499ms)
		LoadAssemblies (245ms)
		RebuildTransferFunctionScriptingTraits (0ms)
		AnalyzeDomain (321ms)
			TypeCache.Refresh (312ms)
				TypeCache.ScanAssembly (296ms)
			ScanForSourceGeneratedMonoScriptInfo (0ms)
			ResolveRequiredComponents (8ms)
	FinalizeReload (811ms)
		ReleaseScriptCaches (0ms)
		RebuildScriptCaches (0ms)
		SetupLoadedEditorAssemblies (422ms)
			LogAssemblyErrors (0ms)
			InitializePlatformSupportModulesInManaged (7ms)
			SetLoadedEditorAssemblies (5ms)
			RefreshPlugins (0ms)
			BeforeProcessingInitializeOnLoad (68ms)
			ProcessInitializeOnLoadAttributes (322ms)
			ProcessInitializeOnLoadMethodAttributes (17ms)
			AfterProcessingInitializeOnLoad (4ms)
			EditorAssembliesLoaded (0ms)
		ExecutionOrderSort2 (0ms)
		AwakeInstancesAfterBackupRestoration (7ms)
Shader 'VRM10/Universal Render Pipeline/MToon10': fallback shader 'Hidden/Universal Render Pipeline/FallbackError' not found
Shader 'VRM10/Universal Render Pipeline/MToon10': fallback shader 'Hidden/Universal Render Pipeline/FallbackError' not found
Refreshing native plugins compatible for Editor in 1.60 ms, found 3 plugins.
Preloading 0 native plugins for Editor in 0.00 ms.
Unloading 4092 Unused Serialized files (Serialized files now loaded: 0)
Unloading 33 unused Assets / (2.9 MB). Loaded Objects now: 4852.
Memory consumption went from 176.4 MB to 173.4 MB.
Total: 4.084600 ms (FindLiveObjects: 0.339100 ms CreateObjectMapping: 0.333400 ms MarkObjects: 2.085300 ms  DeleteObjects: 1.326000 ms)

Prepare: number of updated asset objects reloaded= 0
AssetImportParameters requested are different than current active one (requested -> active):
  custom:container-demuxer-ogg: 62fdf1f143b41e24485cea50d1cbac27 -> 
  custom:video-codec-MediaFoundation-h265: 746d11721c4dcdbdad8f713fa42b33f4 -> 
  custom:video-decoder-ogg-theora: a1e56fd34408186e4bbccfd4996cb3dc -> 
  custom:framework-win-MediaFoundation: 216162199b28c13a410421893ffa2e32 -> 
  custom:CustomObjectIndexerAttribute: 756ad292c208cfabdd7b50bc23989ffe -> 
  custom:container-demuxer-webm: 4f35f7cbe854078d1ac9338744f61a02 -> 
  custom:container-muxer-webm: aa71ff27fc2769a1b78a27578f13a17b -> 
  custom:video-decoder-webm-vp8: 9c59270c3fd7afecdb556c50c9e8de78 -> 
  custom:AudioImporter_EditorPlatform: d09bf68614088b80899f8185d706f6e7 -> 
  custom:video-encoder-webm-vp8: eb34c28f22e8b96e1ab97ce403110664 -> 
  custom:audio-decoder-ogg-vorbis: bf7c407c2cedff20999df2af8eb42d56 -> 
  custom:audio-encoder-webm-vorbis: bf7c407c2cedff20999df2af8eb42d56 -> 
========================================================================
Received Prepare
Begin MonoManager ReloadAssembly
Symbol file LoadedFromMemory doesn't match image D:\P_Project\Unity\SandeeProject\SandeeProject\SandeeProject\Library\PackageCache\com.unity.visualscripting@1.8.0\Editor\VisualScripting.Core\Dependencies\YamlDotNet\Unity.VisualScripting.YamlDotNet.dll
Symbol file LoadedFromMemory doesn't match image D:\P_Project\Unity\SandeeProject\SandeeProject\SandeeProject\Library\PackageCache\com.unity.visualscripting@1.8.0\Editor\VisualScripting.Core\Dependencies\DotNetZip\Unity.VisualScripting.IonicZip.dll
- Loaded All Assemblies, in  0.744 seconds
Refreshing native plugins compatible for Editor in 1.40 ms, found 3 plugins.
Native extension for UWP target not found
Native extension for WindowsStandalone target not found
[Package Manager] Server::EnsureServerProcessIsRunning -- launch failed, reason: Unity was launched with the -noUpm command-line argument
[Package Manager] UpmClient::Send -- Unable to send message (not connected to UPM process).
[Package Manager] Cannot connect to Unity Package Manager local server
Mono: successfully reloaded assembly
- Finished resetting the current domain, in  0.845 seconds
Domain Reload Profiling: 1588ms
	BeginReloadAssembly (144ms)
		ExecutionOrderSort (0ms)
		DisableScriptedObjects (6ms)
		BackupInstance (0ms)
		ReleaseScriptingObjects (0ms)
		CreateAndSetChildDomain (39ms)
	RebuildCommonClasses (42ms)
	RebuildNativeTypeToScriptingClass (16ms)
	initialDomainReloadingComplete (31ms)
	LoadAllAssembliesAndSetupDomain (509ms)
		LoadAssemblies (248ms)
		RebuildTransferFunctionScriptingTraits (0ms)
		AnalyzeDomain (324ms)
			TypeCache.Refresh (314ms)
				TypeCache.ScanAssembly (296ms)
			ScanForSourceGeneratedMonoScriptInfo (3ms)
			ResolveRequiredComponents (7ms)
	FinalizeReload (845ms)
		ReleaseScriptCaches (0ms)
		RebuildScriptCaches (0ms)
		SetupLoadedEditorAssemblies (402ms)
			LogAssemblyErrors (0ms)
			InitializePlatformSupportModulesInManaged (6ms)
			SetLoadedEditorAssemblies (5ms)
			RefreshPlugins (0ms)
			BeforeProcessingInitializeOnLoad (73ms)
			ProcessInitializeOnLoadAttributes (296ms)
			ProcessInitializeOnLoadMethodAttributes (17ms)
			AfterProcessingInitializeOnLoad (5ms)
			EditorAssembliesLoaded (0ms)
		ExecutionOrderSort2 (0ms)
		AwakeInstancesAfterBackupRestoration (10ms)
Shader 'VRM10/Universal Render Pipeline/MToon10': fallback shader 'Hidden/Universal Render Pipeline/FallbackError' not found
Shader 'VRM10/Universal Render Pipeline/MToon10': fallback shader 'Hidden/Universal Render Pipeline/FallbackError' not found
Refreshing native plugins compatible for Editor in 2.05 ms, found 3 plugins.
Preloading 0 native plugins for Editor in 0.00 ms.
Unloading 4092 Unused Serialized files (Serialized files now loaded: 0)
Unloading 33 unused Assets / (2.9 MB). Loaded Objects now: 4867.
Memory consumption went from 176.4 MB to 173.5 MB.
Total: 4.744400 ms (FindLiveObjects: 0.370200 ms CreateObjectMapping: 0.329400 ms MarkObjects: 2.370700 ms  DeleteObjects: 1.672800 ms)

Prepare: number of updated asset objects reloaded= 0
AssetImportParameters requested are different than current active one (requested -> active):
  custom:container-demuxer-ogg: 62fdf1f143b41e24485cea50d1cbac27 -> 
  custom:video-codec-MediaFoundation-h265: 746d11721c4dcdbdad8f713fa42b33f4 -> 
  custom:video-decoder-ogg-theora: a1e56fd34408186e4bbccfd4996cb3dc -> 
  custom:framework-win-MediaFoundation: 216162199b28c13a410421893ffa2e32 -> 
  custom:CustomObjectIndexerAttribute: 756ad292c208cfabdd7b50bc23989ffe -> 
  custom:container-demuxer-webm: 4f35f7cbe854078d1ac9338744f61a02 -> 
  custom:container-muxer-webm: aa71ff27fc2769a1b78a27578f13a17b -> 
  custom:video-decoder-webm-vp8: 9c59270c3fd7afecdb556c50c9e8de78 -> 
  custom:AudioImporter_EditorPlatform: d09bf68614088b80899f8185d706f6e7 -> 
  custom:video-encoder-webm-vp8: eb34c28f22e8b96e1ab97ce403110664 -> 
  custom:audio-decoder-ogg-vorbis: bf7c407c2cedff20999df2af8eb42d56 -> 
  custom:audio-encoder-webm-vorbis: bf7c407c2cedff20999df2af8eb42d56 -> 
========================================================================
Received Prepare
Begin MonoManager ReloadAssembly
Symbol file LoadedFromMemory doesn't match image D:\P_Project\Unity\SandeeProject\SandeeProject\SandeeProject\Library\PackageCache\com.unity.visualscripting@1.8.0\Editor\VisualScripting.Core\Dependencies\YamlDotNet\Unity.VisualScripting.YamlDotNet.dll
Symbol file LoadedFromMemory doesn't match image D:\P_Project\Unity\SandeeProject\SandeeProject\SandeeProject\Library\PackageCache\com.unity.visualscripting@1.8.0\Editor\VisualScripting.Core\Dependencies\DotNetZip\Unity.VisualScripting.IonicZip.dll
- Loaded All Assemblies, in  0.722 seconds
Refreshing native plugins compatible for Editor in 1.95 ms, found 3 plugins.
Native extension for UWP target not found
Native extension for WindowsStandalone target not found
[Package Manager] Server::EnsureServerProcessIsRunning -- launch failed, reason: Unity was launched with the -noUpm command-line argument
[Package Manager] UpmClient::Send -- Unable to send message (not connected to UPM process).
[Package Manager] Cannot connect to Unity Package Manager local server
Mono: successfully reloaded assembly
- Finished resetting the current domain, in  0.830 seconds
Domain Reload Profiling: 1551ms
	BeginReloadAssembly (143ms)
		ExecutionOrderSort (0ms)
		DisableScriptedObjects (5ms)
		BackupInstance (0ms)
		ReleaseScriptingObjects (0ms)
		CreateAndSetChildDomain (33ms)
	RebuildCommonClasses (42ms)
	RebuildNativeTypeToScriptingClass (14ms)
	initialDomainReloadingComplete (32ms)
	LoadAllAssembliesAndSetupDomain (489ms)
		LoadAssemblies (232ms)
		RebuildTransferFunctionScriptingTraits (0ms)
		AnalyzeDomain (323ms)
			TypeCache.Refresh (314ms)
				TypeCache.ScanAssembly (303ms)
			ScanForSourceGeneratedMonoScriptInfo (0ms)
			ResolveRequiredComponents (8ms)
	FinalizeReload (831ms)
		ReleaseScriptCaches (0ms)
		RebuildScriptCaches (0ms)
		SetupLoadedEditorAssemblies (468ms)
			LogAssemblyErrors (0ms)
			InitializePlatformSupportModulesInManaged (5ms)
			SetLoadedEditorAssemblies (5ms)
			RefreshPlugins (0ms)
			BeforeProcessingInitializeOnLoad (69ms)
			ProcessInitializeOnLoadAttributes (357ms)
			ProcessInitializeOnLoadMethodAttributes (27ms)
			AfterProcessingInitializeOnLoad (5ms)
			EditorAssembliesLoaded (0ms)
		ExecutionOrderSort2 (0ms)
		AwakeInstancesAfterBackupRestoration (7ms)
Shader 'VRM10/Universal Render Pipeline/MToon10': fallback shader 'Hidden/Universal Render Pipeline/FallbackError' not found
Shader 'VRM10/Universal Render Pipeline/MToon10': fallback shader 'Hidden/Universal Render Pipeline/FallbackError' not found
Refreshing native plugins compatible for Editor in 1.77 ms, found 3 plugins.
Preloading 0 native plugins for Editor in 0.00 ms.
Unloading 4092 Unused Serialized files (Serialized files now loaded: 0)
Unloading 33 unused Assets / (2.9 MB). Loaded Objects now: 4882.
Memory consumption went from 176.4 MB to 173.5 MB.
Total: 5.212600 ms (FindLiveObjects: 0.380900 ms CreateObjectMapping: 0.384500 ms MarkObjects: 3.019500 ms  DeleteObjects: 1.426600 ms)

Prepare: number of updated asset objects reloaded= 0
AssetImportParameters requested are different than current active one (requested -> active):
  custom:container-demuxer-ogg: 62fdf1f143b41e24485cea50d1cbac27 -> 
  custom:video-codec-MediaFoundation-h265: 746d11721c4dcdbdad8f713fa42b33f4 -> 
  custom:video-decoder-ogg-theora: a1e56fd34408186e4bbccfd4996cb3dc -> 
  custom:framework-win-MediaFoundation: 216162199b28c13a410421893ffa2e32 -> 
  custom:CustomObjectIndexerAttribute: 756ad292c208cfabdd7b50bc23989ffe -> 
  custom:container-demuxer-webm: 4f35f7cbe854078d1ac9338744f61a02 -> 
  custom:container-muxer-webm: aa71ff27fc2769a1b78a27578f13a17b -> 
  custom:video-decoder-webm-vp8: 9c59270c3fd7afecdb556c50c9e8de78 -> 
  custom:AudioImporter_EditorPlatform: d09bf68614088b80899f8185d706f6e7 -> 
  custom:video-encoder-webm-vp8: eb34c28f22e8b96e1ab97ce403110664 -> 
  custom:audio-decoder-ogg-vorbis: bf7c407c2cedff20999df2af8eb42d56 -> 
  custom:audio-encoder-webm-vorbis: bf7c407c2cedff20999df2af8eb42d56 -> 
========================================================================
Received Prepare
Begin MonoManager ReloadAssembly
Symbol file LoadedFromMemory doesn't match image D:\P_Project\Unity\SandeeProject\SandeeProject\SandeeProject\Library\PackageCache\com.unity.visualscripting@1.8.0\Editor\VisualScripting.Core\Dependencies\YamlDotNet\Unity.VisualScripting.YamlDotNet.dll
Symbol file LoadedFromMemory doesn't match image D:\P_Project\Unity\SandeeProject\SandeeProject\SandeeProject\Library\PackageCache\com.unity.visualscripting@1.8.0\Editor\VisualScripting.Core\Dependencies\DotNetZip\Unity.VisualScripting.IonicZip.dll
- Loaded All Assemblies, in  0.960 seconds
Refreshing native plugins compatible for Editor in 1.46 ms, found 3 plugins.
Native extension for UWP target not found
Native extension for WindowsStandalone target not found
[Package Manager] Server::EnsureServerProcessIsRunning -- launch failed, reason: Unity was launched with the -noUpm command-line argument
[Package Manager] UpmClient::Send -- Unable to send message (not connected to UPM process).
[Package Manager] Cannot connect to Unity Package Manager local server
Mono: successfully reloaded assembly
- Finished resetting the current domain, in  0.851 seconds
Domain Reload Profiling: 1811ms
	BeginReloadAssembly (301ms)
		ExecutionOrderSort (0ms)
		DisableScriptedObjects (7ms)
		BackupInstance (0ms)
		ReleaseScriptingObjects (0ms)
		CreateAndSetChildDomain (123ms)
	RebuildCommonClasses (57ms)
	RebuildNativeTypeToScriptingClass (16ms)
	initialDomainReloadingComplete (33ms)
	LoadAllAssembliesAndSetupDomain (551ms)
		LoadAssemblies (314ms)
		RebuildTransferFunctionScriptingTraits (0ms)
		AnalyzeDomain (372ms)
			TypeCache.Refresh (364ms)
				TypeCache.ScanAssembly (352ms)
			ScanForSourceGeneratedMonoScriptInfo (0ms)
			ResolveRequiredComponents (7ms)
	FinalizeReload (852ms)
		ReleaseScriptCaches (0ms)
		RebuildScriptCaches (0ms)
		SetupLoadedEditorAssemblies (454ms)
			LogAssemblyErrors (0ms)
			InitializePlatformSupportModulesInManaged (9ms)
			SetLoadedEditorAssemblies (7ms)
			RefreshPlugins (0ms)
			BeforeProcessingInitializeOnLoad (93ms)
			ProcessInitializeOnLoadAttributes (318ms)
			ProcessInitializeOnLoadMethodAttributes (20ms)
			AfterProcessingInitializeOnLoad (6ms)
			EditorAssembliesLoaded (0ms)
		ExecutionOrderSort2 (0ms)
		AwakeInstancesAfterBackupRestoration (9ms)
Shader 'VRM10/Universal Render Pipeline/MToon10': fallback shader 'Hidden/Universal Render Pipeline/FallbackError' not found
Shader 'VRM10/Universal Render Pipeline/MToon10': fallback shader 'Hidden/Universal Render Pipeline/FallbackError' not found
Refreshing native plugins compatible for Editor in 2.01 ms, found 3 plugins.
Preloading 0 native plugins for Editor in 0.00 ms.
Unloading 4092 Unused Serialized files (Serialized files now loaded: 0)
Unloading 33 unused Assets / (2.9 MB). Loaded Objects now: 4897.
Memory consumption went from 176.4 MB to 173.5 MB.
Total: 5.593000 ms (FindLiveObjects: 0.397500 ms CreateObjectMapping: 0.362600 ms MarkObjects: 3.367700 ms  DeleteObjects: 1.463900 ms)

Prepare: number of updated asset objects reloaded= 0
AssetImportParameters requested are different than current active one (requested -> active):
  custom:container-demuxer-ogg: 62fdf1f143b41e24485cea50d1cbac27 -> 
  custom:video-codec-MediaFoundation-h265: 746d11721c4dcdbdad8f713fa42b33f4 -> 
  custom:video-decoder-ogg-theora: a1e56fd34408186e4bbccfd4996cb3dc -> 
  custom:framework-win-MediaFoundation: 216162199b28c13a410421893ffa2e32 -> 
  custom:CustomObjectIndexerAttribute: 756ad292c208cfabdd7b50bc23989ffe -> 
  custom:container-demuxer-webm: 4f35f7cbe854078d1ac9338744f61a02 -> 
  custom:container-muxer-webm: aa71ff27fc2769a1b78a27578f13a17b -> 
  custom:video-decoder-webm-vp8: 9c59270c3fd7afecdb556c50c9e8de78 -> 
  custom:AudioImporter_EditorPlatform: d09bf68614088b80899f8185d706f6e7 -> 
  custom:video-encoder-webm-vp8: eb34c28f22e8b96e1ab97ce403110664 -> 
  custom:audio-decoder-ogg-vorbis: bf7c407c2cedff20999df2af8eb42d56 -> 
  custom:audio-encoder-webm-vorbis: bf7c407c2cedff20999df2af8eb42d56 -> 
========================================================================
Received Prepare
Begin MonoManager ReloadAssembly
Symbol file LoadedFromMemory doesn't match image D:\P_Project\Unity\SandeeProject\SandeeProject\SandeeProject\Library\PackageCache\com.unity.visualscripting@1.8.0\Editor\VisualScripting.Core\Dependencies\YamlDotNet\Unity.VisualScripting.YamlDotNet.dll
Symbol file LoadedFromMemory doesn't match image D:\P_Project\Unity\SandeeProject\SandeeProject\SandeeProject\Library\PackageCache\com.unity.visualscripting@1.8.0\Editor\VisualScripting.Core\Dependencies\DotNetZip\Unity.VisualScripting.IonicZip.dll
- Loaded All Assemblies, in  0.782 seconds
Refreshing native plugins compatible for Editor in 1.69 ms, found 3 plugins.
Native extension for UWP target not found
Native extension for WindowsStandalone target not found
[Package Manager] Server::EnsureServerProcessIsRunning -- launch failed, reason: Unity was launched with the -noUpm command-line argument
[Package Manager] UpmClient::Send -- Unable to send message (not connected to UPM process).
[Package Manager] Cannot connect to Unity Package Manager local server
Mono: successfully reloaded assembly
- Finished resetting the current domain, in  0.920 seconds
Domain Reload Profiling: 1701ms
	BeginReloadAssembly (136ms)
		ExecutionOrderSort (0ms)
		DisableScriptedObjects (6ms)
		BackupInstance (0ms)
		ReleaseScriptingObjects (0ms)
		CreateAndSetChildDomain (39ms)
	RebuildCommonClasses (36ms)
	RebuildNativeTypeToScriptingClass (16ms)
	initialDomainReloadingComplete (30ms)
	LoadAllAssembliesAndSetupDomain (561ms)
		LoadAssemblies (247ms)
		RebuildTransferFunctionScriptingTraits (0ms)
		AnalyzeDomain (372ms)
			TypeCache.Refresh (360ms)
				TypeCache.ScanAssembly (342ms)
			ScanForSourceGeneratedMonoScriptInfo (4ms)
			ResolveRequiredComponents (8ms)
	FinalizeReload (921ms)
		ReleaseScriptCaches (0ms)
		RebuildScriptCaches (0ms)
		SetupLoadedEditorAssemblies (470ms)
			LogAssemblyErrors (0ms)
			InitializePlatformSupportModulesInManaged (8ms)
			SetLoadedEditorAssemblies (4ms)
			RefreshPlugins (0ms)
			BeforeProcessingInitializeOnLoad (75ms)
			ProcessInitializeOnLoadAttributes (353ms)
			ProcessInitializeOnLoadMethodAttributes (24ms)
			AfterProcessingInitializeOnLoad (5ms)
			EditorAssembliesLoaded (0ms)
		ExecutionOrderSort2 (0ms)
		AwakeInstancesAfterBackupRestoration (10ms)
Shader 'VRM10/Universal Render Pipeline/MToon10': fallback shader 'Hidden/Universal Render Pipeline/FallbackError' not found
Shader 'VRM10/Universal Render Pipeline/MToon10': fallback shader 'Hidden/Universal Render Pipeline/FallbackError' not found
Refreshing native plugins compatible for Editor in 2.62 ms, found 3 plugins.
Preloading 0 native plugins for Editor in 0.00 ms.
Unloading 4092 Unused Serialized files (Serialized files now loaded: 0)
Unloading 33 unused Assets / (2.9 MB). Loaded Objects now: 4912.
Memory consumption went from 176.4 MB to 173.5 MB.
Total: 7.119000 ms (FindLiveObjects: 0.504900 ms CreateObjectMapping: 0.500400 ms MarkObjects: 4.075300 ms  DeleteObjects: 2.037100 ms)

Prepare: number of updated asset objects reloaded= 0
AssetImportParameters requested are different than current active one (requested -> active):
  custom:container-demuxer-ogg: 62fdf1f143b41e24485cea50d1cbac27 -> 
  custom:video-codec-MediaFoundation-h265: 746d11721c4dcdbdad8f713fa42b33f4 -> 
  custom:video-decoder-ogg-theora: a1e56fd34408186e4bbccfd4996cb3dc -> 
  custom:framework-win-MediaFoundation: 216162199b28c13a410421893ffa2e32 -> 
  custom:CustomObjectIndexerAttribute: 756ad292c208cfabdd7b50bc23989ffe -> 
  custom:container-demuxer-webm: 4f35f7cbe854078d1ac9338744f61a02 -> 
  custom:container-muxer-webm: aa71ff27fc2769a1b78a27578f13a17b -> 
  custom:video-decoder-webm-vp8: 9c59270c3fd7afecdb556c50c9e8de78 -> 
  custom:AudioImporter_EditorPlatform: d09bf68614088b80899f8185d706f6e7 -> 
  custom:video-encoder-webm-vp8: eb34c28f22e8b96e1ab97ce403110664 -> 
  custom:audio-decoder-ogg-vorbis: bf7c407c2cedff20999df2af8eb42d56 -> 
  custom:audio-encoder-webm-vorbis: bf7c407c2cedff20999df2af8eb42d56 -> 
========================================================================
Received Import Request.
  Time since last request: 1616.835018 seconds.
  path: Assets/Low Poly Organic Assets/Models/donut_1.fbx
  artifactKey: Guid(80c1c870c12b94fd4afd7b26f33a262b) Importer(815301076,1909f56bfc062723c751e8b465ee728b)
Start importing Assets/Low Poly Organic Assets/Models/donut_1.fbx using Guid(80c1c870c12b94fd4afd7b26f33a262b) Importer(815301076,1909f56bfc062723c751e8b465ee728b)  -> (artifact id: 'da9a02c553180cc01df03efad8b02022') in 0.166431 seconds
Number of updated asset objects reloaded before import = 0
Number of asset objects unloaded after import = 8
========================================================================
Received Import Request.
  Time since last request: 0.000056 seconds.
  path: Assets/Low Poly Organic Assets/Materials
  artifactKey: Guid(737a8e92a72ba40c98119a48cd8f8194) Importer(815301076,1909f56bfc062723c751e8b465ee728b)
Start importing Assets/Low Poly Organic Assets/Materials using Guid(737a8e92a72ba40c98119a48cd8f8194) Importer(815301076,1909f56bfc062723c751e8b465ee728b)  -> (artifact id: '33c82d28bdb7833ff58e912f94cc8ad0') in 0.000697 seconds
Number of updated asset objects reloaded before import = 0
Number of asset objects unloaded after import = 0
========================================================================
Received Import Request.
  Time since last request: 0.001809 seconds.
  path: Assets/Low Poly Organic Assets/Materials/demo_mat.mat
  artifactKey: Guid(2825956ff31cd4e9ab93d6c252b070a0) Importer(815301076,1909f56bfc062723c751e8b465ee728b)
Start importing Assets/Low Poly Organic Assets/Materials/demo_mat.mat using Guid(2825956ff31cd4e9ab93d6c252b070a0) Importer(815301076,1909f56bfc062723c751e8b465ee728b)  -> (artifact id: '07a330019b7d2b510ef633a57d5c67b4') in 0.017953 seconds
Number of updated asset objects reloaded before import = 0
Number of asset objects unloaded after import = 1
========================================================================
Received Import Request.
  Time since last request: 0.001844 seconds.
  path: Assets/Low Poly Organic Assets/Materials/items.mat
  artifactKey: Guid(8e1b106a0b45b420aab82de4830996fe) Importer(815301076,1909f56bfc062723c751e8b465ee728b)
Start importing Assets/Low Poly Organic Assets/Materials/items.mat using Guid(8e1b106a0b45b420aab82de4830996fe) Importer(815301076,1909f56bfc062723c751e8b465ee728b)  -> (artifact id: '563ed335240f95d9c62e78cc227b43e4') in 0.176981 seconds
Number of updated asset objects reloaded before import = 0
Number of asset objects unloaded after import = 3
========================================================================
Received Import Request.
  Time since last request: 0.001366 seconds.
  path: Assets/Low Poly Organic Assets/Models/donut_2.fbx
  artifactKey: Guid(f9fbadd297516484d831b9b65f94e3d6) Importer(815301076,1909f56bfc062723c751e8b465ee728b)
Start importing Assets/Low Poly Organic Assets/Models/donut_2.fbx using Guid(f9fbadd297516484d831b9b65f94e3d6) Importer(815301076,1909f56bfc062723c751e8b465ee728b)  -> (artifact id: 'b60725a5718736ac3095cb6c97b6a3d3') in 0.017129 seconds
Number of updated asset objects reloaded before import = 0
Number of asset objects unloaded after import = 8
========================================================================
Received Import Request.
  Time since last request: 0.001685 seconds.
  path: Assets/Low Poly Organic Assets/Prefabs/meat.prefab
  artifactKey: Guid(1f2b4663dd2ff412e853aeb5935bac8f) Importer(815301076,1909f56bfc062723c751e8b465ee728b)
Start importing Assets/Low Poly Organic Assets/Prefabs/meat.prefab using Guid(1f2b4663dd2ff412e853aeb5935bac8f) Importer(815301076,1909f56bfc062723c751e8b465ee728b)  -> (artifact id: '48ba0dd147f8d073e2378d4e95d99ff5') in 0.012155 seconds
Number of updated asset objects reloaded before import = 0
Number of asset objects unloaded after import = 11
========================================================================
Received Import Request.
  Time since last request: 0.001433 seconds.
  path: Assets/Low Poly Organic Assets/Textures/icons/organic_icon.png
  artifactKey: Guid(040339024274946b995f94b3d7d56fdd) Importer(815301076,1909f56bfc062723c751e8b465ee728b)
Start importing Assets/Low Poly Organic Assets/Textures/icons/organic_icon.png using Guid(040339024274946b995f94b3d7d56fdd) Importer(815301076,1909f56bfc062723c751e8b465ee728b)  -> (artifact id: '0a43ad0724d2f2e9d93d5596837911d8') in 0.015911 seconds
Number of updated asset objects reloaded before import = 0
Number of asset objects unloaded after import = 2
========================================================================
Received Import Request.
  Time since last request: 0.001757 seconds.
  path: Assets/Low Poly Organic Assets/Models/egg_cracked_2.fbx
  artifactKey: Guid(1104d8cf61acf4509bbbd6bcba9b3d57) Importer(815301076,1909f56bfc062723c751e8b465ee728b)
Start importing Assets/Low Poly Organic Assets/Models/egg_cracked_2.fbx using Guid(1104d8cf61acf4509bbbd6bcba9b3d57) Importer(815301076,1909f56bfc062723c751e8b465ee728b)  -> (artifact id: '2ad1edfc87a968b9388281edc3b6cb50') in 0.016668 seconds
Number of updated asset objects reloaded before import = 0
Number of asset objects unloaded after import = 8
========================================================================
Received Import Request.
  Time since last request: 0.001644 seconds.
  path: Assets/Low Poly Organic Assets/Prefabs/apple_2.prefab
  artifactKey: Guid(b13f627e49d044f148da01a3d1c02326) Importer(815301076,1909f56bfc062723c751e8b465ee728b)
Start importing Assets/Low Poly Organic Assets/Prefabs/apple_2.prefab using Guid(b13f627e49d044f148da01a3d1c02326) Importer(815301076,1909f56bfc062723c751e8b465ee728b)  -> (artifact id: 'f6dbc9b8f5432e43872f073c1a50e95f') in 0.012851 seconds
Number of updated asset objects reloaded before import = 0
Number of asset objects unloaded after import = 11
========================================================================
Received Import Request.
  Time since last request: 0.001094 seconds.
  path: Assets/Low Poly Organic Assets/Textures/items.png
  artifactKey: Guid(783518ef60ca04bd4a64bf553e5cc37b) Importer(815301076,1909f56bfc062723c751e8b465ee728b)
Start importing Assets/Low Poly Organic Assets/Textures/items.png using Guid(783518ef60ca04bd4a64bf553e5cc37b) Importer(815301076,1909f56bfc062723c751e8b465ee728b)  -> (artifact id: 'b5e2dc8cf8304d63b0105738e64f3f57') in 0.010276 seconds
Number of updated asset objects reloaded before import = 0
Number of asset objects unloaded after import = 2
========================================================================
Received Import Request.
  Time since last request: 0.001736 seconds.
  path: Assets/Low Poly Organic Assets/Prefabs/apple_3.prefab
  artifactKey: Guid(700c5741f1bd74a6799f7071ae7f2f28) Importer(815301076,1909f56bfc062723c751e8b465ee728b)
Start importing Assets/Low Poly Organic Assets/Prefabs/apple_3.prefab using Guid(700c5741f1bd74a6799f7071ae7f2f28) Importer(815301076,1909f56bfc062723c751e8b465ee728b)  -> (artifact id: 'ab53183d81ea088926ab7a9a018300bf') in 0.012160 seconds
Number of updated asset objects reloaded before import = 0
Number of asset objects unloaded after import = 11
========================================================================
Received Import Request.
  Time since last request: 0.001239 seconds.
  path: Assets/Low Poly Organic Assets/Prefabs/Ice_cream_4.prefab
  artifactKey: Guid(354b75129e1a54a5e8c50edca2350af5) Importer(815301076,1909f56bfc062723c751e8b465ee728b)
Start importing Assets/Low Poly Organic Assets/Prefabs/Ice_cream_4.prefab using Guid(354b75129e1a54a5e8c50edca2350af5) Importer(815301076,1909f56bfc062723c751e8b465ee728b)  -> (artifact id: '1c55c44023b9131a52e6136b760a94b8') in 0.013003 seconds
Number of updated asset objects reloaded before import = 0
Number of asset objects unloaded after import = 11
========================================================================
Received Import Request.
  Time since last request: 0.001340 seconds.
  path: Assets/Low Poly Organic Assets/Prefabs/fish_bones.prefab
  artifactKey: Guid(ff6c5a71bcef44483a6467fb6c6518eb) Importer(815301076,1909f56bfc062723c751e8b465ee728b)
Start importing Assets/Low Poly Organic Assets/Prefabs/fish_bones.prefab using Guid(ff6c5a71bcef44483a6467fb6c6518eb) Importer(815301076,1909f56bfc062723c751e8b465ee728b)  -> (artifact id: '1cc9172aee4fe4fdb109ab5bf2b3a569') in 0.013373 seconds
Number of updated asset objects reloaded before import = 0
Number of asset objects unloaded after import = 11
========================================================================
Received Import Request.
  Time since last request: 0.000858 seconds.
  path: Assets/Low Poly Organic Assets/Textures
  artifactKey: Guid(9b9cadbbad85d4d06875fb9e7690a076) Importer(815301076,1909f56bfc062723c751e8b465ee728b)
Start importing Assets/Low Poly Organic Assets/Textures using Guid(9b9cadbbad85d4d06875fb9e7690a076) Importer(815301076,1909f56bfc062723c751e8b465ee728b)  -> (artifact id: 'c79e7f308828753ec82af143b04de9b6') in 0.000640 seconds
Number of updated asset objects reloaded before import = 0
Number of asset objects unloaded after import = 0
========================================================================
Received Import Request.
  Time since last request: 0.001487 seconds.
  path: Assets/Low Poly Organic Assets/Models/donut_5.fbx
  artifactKey: Guid(5207fd57cd80d4a7883cf6cbe8b13dea) Importer(815301076,1909f56bfc062723c751e8b465ee728b)
Start importing Assets/Low Poly Organic Assets/Models/donut_5.fbx using Guid(5207fd57cd80d4a7883cf6cbe8b13dea) Importer(815301076,1909f56bfc062723c751e8b465ee728b)  -> (artifact id: '630f73087c685e4b40734473d6574518') in 0.019627 seconds
Number of updated asset objects reloaded before import = 0
Number of asset objects unloaded after import = 8
========================================================================
Received Import Request.
  Time since last request: 0.013631 seconds.
  path: Assets/Low Poly Organic Assets/Models/corn.fbx
  artifactKey: Guid(d78900e8fcc2f42899e009e3241e752e) Importer(815301076,1909f56bfc062723c751e8b465ee728b)
Start importing Assets/Low Poly Organic Assets/Models/corn.fbx using Guid(d78900e8fcc2f42899e009e3241e752e) Importer(815301076,1909f56bfc062723c751e8b465ee728b)  -> (artifact id: 'd59583b9ef7dc8e924bc4f5aec6eee1d') in 0.018752 seconds
Number of updated asset objects reloaded before import = 0
Number of asset objects unloaded after import = 8
========================================================================
Received Import Request.
  Time since last request: 0.001257 seconds.
  path: Assets/Low Poly Organic Assets
  artifactKey: Guid(53f1af7dd5d94444ba59137916512b2d) Importer(815301076,1909f56bfc062723c751e8b465ee728b)
Start importing Assets/Low Poly Organic Assets using Guid(53f1af7dd5d94444ba59137916512b2d) Importer(815301076,1909f56bfc062723c751e8b465ee728b)  -> (artifact id: 'ca7b782c2034d8cc4f59d7316bfb818f') in 0.000759 seconds
Number of updated asset objects reloaded before import = 0
Number of asset objects unloaded after import = 0
========================================================================
Received Import Request.
  Time since last request: 0.003200 seconds.
  path: Assets/Low Poly Organic Assets/Models/burger.fbx
  artifactKey: Guid(3f191d663dbba40cebfc9528dc651161) Importer(815301076,1909f56bfc062723c751e8b465ee728b)
Start importing Assets/Low Poly Organic Assets/Models/burger.fbx using Guid(3f191d663dbba40cebfc9528dc651161) Importer(815301076,1909f56bfc062723c751e8b465ee728b)  -> (artifact id: '0cfd12dee8f4b1126113189c45c69841') in 0.037350 seconds
Number of updated asset objects reloaded before import = 0
Number of asset objects unloaded after import = 8
========================================================================
Received Import Request.
  Time since last request: 0.001721 seconds.
  path: Assets/Low Poly Organic Assets/Prefabs/corn.prefab
  artifactKey: Guid(ba2ee7d5c9e734d3e88f8b84a13f4786) Importer(815301076,1909f56bfc062723c751e8b465ee728b)
Start importing Assets/Low Poly Organic Assets/Prefabs/corn.prefab using Guid(ba2ee7d5c9e734d3e88f8b84a13f4786) Importer(815301076,1909f56bfc062723c751e8b465ee728b)  -> (artifact id: 'efdd518c458d05f91b48638dbec05f7e') in 0.015333 seconds
Number of updated asset objects reloaded before import = 0
Number of asset objects unloaded after import = 11
========================================================================
Received Import Request.
  Time since last request: 0.001204 seconds.
  path: Assets/Low Poly Organic Assets/Models/Ice_cream_2.fbx
  artifactKey: Guid(d3fe19108e5c749618e6be7e41c2ac6c) Importer(815301076,1909f56bfc062723c751e8b465ee728b)
Start importing Assets/Low Poly Organic Assets/Models/Ice_cream_2.fbx using Guid(d3fe19108e5c749618e6be7e41c2ac6c) Importer(815301076,1909f56bfc062723c751e8b465ee728b)  -> (artifact id: '20ac5306b623c0f91f2b617316a1458a') in 0.019147 seconds
Number of updated asset objects reloaded before import = 0
Number of asset objects unloaded after import = 8
========================================================================
Received Import Request.
  Time since last request: 0.001496 seconds.
  path: Assets/Low Poly Organic Assets/Prefabs
  artifactKey: Guid(fdc60270ff1774152a104ae5949b8df4) Importer(815301076,1909f56bfc062723c751e8b465ee728b)
Start importing Assets/Low Poly Organic Assets/Prefabs using Guid(fdc60270ff1774152a104ae5949b8df4) Importer(815301076,1909f56bfc062723c751e8b465ee728b)  -> (artifact id: '2cf19f2f1eb0164f7b163fcab9819a40') in 0.000664 seconds
Number of updated asset objects reloaded before import = 0
Number of asset objects unloaded after import = 0
========================================================================
Received Import Request.
  Time since last request: 0.002559 seconds.
  path: Assets/Low Poly Organic Assets/Prefabs/donut_2.prefab
  artifactKey: Guid(04cc2a251a5014794bac2cb185632f9d) Importer(815301076,1909f56bfc062723c751e8b465ee728b)
Start importing Assets/Low Poly Organic Assets/Prefabs/donut_2.prefab using Guid(04cc2a251a5014794bac2cb185632f9d) Importer(815301076,1909f56bfc062723c751e8b465ee728b)  -> (artifact id: '7c2bfcca763d2a93558cf7cc73d00646') in 0.013646 seconds
Number of updated asset objects reloaded before import = 0
Number of asset objects unloaded after import = 11
========================================================================
Received Import Request.
  Time since last request: 0.001240 seconds.
  path: Assets/Low Poly Organic Assets/Prefabs/donut_5.prefab
  artifactKey: Guid(c56abbc08955b40a0bff62b4a421ff27) Importer(815301076,1909f56bfc062723c751e8b465ee728b)
Start importing Assets/Low Poly Organic Assets/Prefabs/donut_5.prefab using Guid(c56abbc08955b40a0bff62b4a421ff27) Importer(815301076,1909f56bfc062723c751e8b465ee728b)  -> (artifact id: '24ea176ab1a786300eb0c3bebb933aa2') in 0.014795 seconds
Number of updated asset objects reloaded before import = 0
Number of asset objects unloaded after import = 11
========================================================================
Received Import Request.
  Time since last request: 0.001181 seconds.
  path: Assets/Low Poly Organic Assets/Prefabs/banana.prefab
  artifactKey: Guid(ef5cb5bd24a584add82be5b98bc3a76a) Importer(815301076,1909f56bfc062723c751e8b465ee728b)
Start importing Assets/Low Poly Organic Assets/Prefabs/banana.prefab using Guid(ef5cb5bd24a584add82be5b98bc3a76a) Importer(815301076,1909f56bfc062723c751e8b465ee728b)  -> (artifact id: '3a1ff40b6447d5d7822a3cbc61085fa0') in 0.012641 seconds
Number of updated asset objects reloaded before import = 0
Number of asset objects unloaded after import = 11
========================================================================
Received Import Request.
  Time since last request: 0.001176 seconds.
  path: Assets/Low Poly Organic Assets/Models/donut_3.fbx
  artifactKey: Guid(95d593b6a904e451cbaa6eb907b8fa8d) Importer(815301076,1909f56bfc062723c751e8b465ee728b)
Start importing Assets/Low Poly Organic Assets/Models/donut_3.fbx using Guid(95d593b6a904e451cbaa6eb907b8fa8d) Importer(815301076,1909f56bfc062723c751e8b465ee728b)  -> (artifact id: '431fcfe2830c5e8106b53d4a8f3015bd') in 0.017386 seconds
Number of updated asset objects reloaded before import = 0
Number of asset objects unloaded after import = 8
========================================================================
Received Import Request.
  Time since last request: 0.001597 seconds.
  path: Assets/Low Poly Organic Assets/Models/donut_4.fbx
  artifactKey: Guid(cacf409b319fa4974b08e2c3ee5645bc) Importer(815301076,1909f56bfc062723c751e8b465ee728b)
Start importing Assets/Low Poly Organic Assets/Models/donut_4.fbx using Guid(cacf409b319fa4974b08e2c3ee5645bc) Importer(815301076,1909f56bfc062723c751e8b465ee728b)  -> (artifact id: '8dc2e6c3c608d1485d29311efc6c2511') in 0.017263 seconds
Number of updated asset objects reloaded before import = 0
Number of asset objects unloaded after import = 8
========================================================================
Received Import Request.
  Time since last request: 0.001888 seconds.
  path: Assets/Low Poly Organic Assets/Prefabs/burger.prefab
  artifactKey: Guid(bf164eafe19c14e8bb630326cf894a86) Importer(815301076,1909f56bfc062723c751e8b465ee728b)
Start importing Assets/Low Poly Organic Assets/Prefabs/burger.prefab using Guid(bf164eafe19c14e8bb630326cf894a86) Importer(815301076,1909f56bfc062723c751e8b465ee728b)  -> (artifact id: 'f1e1617c6b5a2f9a97f6461422435ed5') in 0.012794 seconds
Number of updated asset objects reloaded before import = 0
Number of asset objects unloaded after import = 11
========================================================================
Received Import Request.
  Time since last request: 0.001267 seconds.
  path: Assets/Low Poly Organic Assets/Models/fish_bones.fbx
  artifactKey: Guid(d036e2642c5b7434296ceea87fc2086e) Importer(815301076,1909f56bfc062723c751e8b465ee728b)
Start importing Assets/Low Poly Organic Assets/Models/fish_bones.fbx using Guid(d036e2642c5b7434296ceea87fc2086e) Importer(815301076,1909f56bfc062723c751e8b465ee728b)  -> (artifact id: '9e034c5939387b87a59d7515f6ed97d8') in 0.017241 seconds
Number of updated asset objects reloaded before import = 0
Number of asset objects unloaded after import = 8
========================================================================
Received Import Request.
  Time since last request: 0.001798 seconds.
  path: Assets/Low Poly Organic Assets/Models/Ice_cream_3.fbx
  artifactKey: Guid(055d7c90baf684333b52c261022d559a) Importer(815301076,1909f56bfc062723c751e8b465ee728b)
Start importing Assets/Low Poly Organic Assets/Models/Ice_cream_3.fbx using Guid(055d7c90baf684333b52c261022d559a) Importer(815301076,1909f56bfc062723c751e8b465ee728b)  -> (artifact id: '05158774e13cb7ae056de22e7f9bba9c') in 0.016574 seconds
Number of updated asset objects reloaded before import = 0
Number of asset objects unloaded after import = 8
========================================================================
Received Import Request.
  Time since last request: 0.001179 seconds.
  path: Assets/Low Poly Organic Assets/Textures/icons
  artifactKey: Guid(5aa62e2491fcc46ee9e273a99fc57b45) Importer(815301076,1909f56bfc062723c751e8b465ee728b)
Start importing Assets/Low Poly Organic Assets/Textures/icons using Guid(5aa62e2491fcc46ee9e273a99fc57b45) Importer(815301076,1909f56bfc062723c751e8b465ee728b)  -> (artifact id: '7ab2f5fa60c437c60a8c6ffb1c4e6fb6') in 0.000666 seconds
Number of updated asset objects reloaded before import = 0
Number of asset objects unloaded after import = 0
========================================================================
Received Import Request.
  Time since last request: 0.001273 seconds.
  path: Assets/Low Poly Organic Assets/Scenes
  artifactKey: Guid(9cfc9326d99e8467c94a08966e7ceeec) Importer(815301076,1909f56bfc062723c751e8b465ee728b)
Start importing Assets/Low Poly Organic Assets/Scenes using Guid(9cfc9326d99e8467c94a08966e7ceeec) Importer(815301076,1909f56bfc062723c751e8b465ee728b)  -> (artifact id: 'e1b874630b03e9a43fd9d287fac989c6') in 0.000558 seconds
Number of updated asset objects reloaded before import = 0
Number of asset objects unloaded after import = 0
========================================================================
Received Import Request.
  Time since last request: 0.001644 seconds.
  path: Assets/Low Poly Organic Assets/Shaders/Simple URP.shadergraph
  artifactKey: Guid(10571af191c7d43e7b668cbc10cf18fa) Importer(815301076,1909f56bfc062723c751e8b465ee728b)
Start importing Assets/Low Poly Organic Assets/Shaders/Simple URP.shadergraph using Guid(10571af191c7d43e7b668cbc10cf18fa) Importer(815301076,1909f56bfc062723c751e8b465ee728b)  -> (artifact id: 'fb1ea172c535ddb5e70fddbefc38897c') in 0.001167 seconds
Number of updated asset objects reloaded before import = 0
Number of asset objects unloaded after import = 1
========================================================================
Received Import Request.
  Time since last request: 0.001496 seconds.
  path: Assets/Low Poly Organic Assets/Textures/icons/recycle.png
  artifactKey: Guid(845d0e1ac20aa42359f7428182100d21) Importer(815301076,1909f56bfc062723c751e8b465ee728b)
Start importing Assets/Low Poly Organic Assets/Textures/icons/recycle.png using Guid(845d0e1ac20aa42359f7428182100d21) Importer(815301076,1909f56bfc062723c751e8b465ee728b)  -> (artifact id: 'bd7e9b40d20084dea288f9e58144cf5c') in 0.014090 seconds
Number of updated asset objects reloaded before import = 0
Number of asset objects unloaded after import = 2
========================================================================
Received Import Request.
  Time since last request: 0.002392 seconds.
  path: Assets/Low Poly Organic Assets/Prefabs/Ice_cream_3.prefab
  artifactKey: Guid(7118cfaed603f459d9cfb57a0e5655be) Importer(815301076,1909f56bfc062723c751e8b465ee728b)
Start importing Assets/Low Poly Organic Assets/Prefabs/Ice_cream_3.prefab using Guid(7118cfaed603f459d9cfb57a0e5655be) Importer(815301076,1909f56bfc062723c751e8b465ee728b)  -> (artifact id: '45ece69d25baead680a521783d368931') in 0.018881 seconds
Number of updated asset objects reloaded before import = 0
Number of asset objects unloaded after import = 11
========================================================================
Received Import Request.
  Time since last request: 0.000026 seconds.
  path: Assets/Low Poly Organic Assets/Scenes/Demo 0
  artifactKey: Guid(bb0503b3abc0a4e738c47d7796d57129) Importer(815301076,1909f56bfc062723c751e8b465ee728b)
Start importing Assets/Low Poly Organic Assets/Scenes/Demo 0 using Guid(bb0503b3abc0a4e738c47d7796d57129) Importer(815301076,1909f56bfc062723c751e8b465ee728b)  -> (artifact id: '853f85f70f6acd90b162bc02bda309ea') in 0.000846 seconds
Number of updated asset objects reloaded before import = 0
Number of asset objects unloaded after import = 0
========================================================================
Received Import Request.
  Time since last request: 0.001264 seconds.
  path: Assets/Low Poly Organic Assets/Materials/unitypackages
  artifactKey: Guid(7d03ac9a63a674b81a7dd1ad3715dddb) Importer(815301076,1909f56bfc062723c751e8b465ee728b)
Start importing Assets/Low Poly Organic Assets/Materials/unitypackages using Guid(7d03ac9a63a674b81a7dd1ad3715dddb) Importer(815301076,1909f56bfc062723c751e8b465ee728b)  -> (artifact id: '52d75688d33b50be48a743ca3c0ce2cf') in 0.000620 seconds
Number of updated asset objects reloaded before import = 0
Number of asset objects unloaded after import = 0
========================================================================
Received Import Request.
  Time since last request: 0.001486 seconds.
  path: Assets/Low Poly Organic Assets/Models/apple_3.fbx
  artifactKey: Guid(bda2258abb5264119a913851752e1fb9) Importer(815301076,1909f56bfc062723c751e8b465ee728b)
Start importing Assets/Low Poly Organic Assets/Models/apple_3.fbx using Guid(bda2258abb5264119a913851752e1fb9) Importer(815301076,1909f56bfc062723c751e8b465ee728b)  -> (artifact id: '1f0b1c11f9e868751987886ea23c9a57') in 0.027676 seconds
Number of updated asset objects reloaded before import = 0
Number of asset objects unloaded after import = 8
========================================================================
Received Import Request.
  Time since last request: 0.001843 seconds.
  path: Assets/Low Poly Organic Assets/Prefabs/apple_1.prefab
  artifactKey: Guid(025274babbb594ca1aeb04c87145244d) Importer(815301076,1909f56bfc062723c751e8b465ee728b)
Start importing Assets/Low Poly Organic Assets/Prefabs/apple_1.prefab using Guid(025274babbb594ca1aeb04c87145244d) Importer(815301076,1909f56bfc062723c751e8b465ee728b)  -> (artifact id: '935c1e4d5d27cb6e2d7505f0b1b038d7') in 0.016439 seconds
Number of updated asset objects reloaded before import = 0
Number of asset objects unloaded after import = 11
========================================================================
Received Import Request.
  Time since last request: 0.001015 seconds.
  path: Assets/Low Poly Organic Assets/Prefabs/donut_1.prefab
  artifactKey: Guid(7dbbe968878cc4caa8a888f8475d357c) Importer(815301076,1909f56bfc062723c751e8b465ee728b)
Start importing Assets/Low Poly Organic Assets/Prefabs/donut_1.prefab using Guid(7dbbe968878cc4caa8a888f8475d357c) Importer(815301076,1909f56bfc062723c751e8b465ee728b)  -> (artifact id: '3b54feec23f34c527fa14de718d05d8e') in 0.019373 seconds
Number of updated asset objects reloaded before import = 0
Number of asset objects unloaded after import = 11
========================================================================
Received Import Request.
  Time since last request: 0.001195 seconds.
  path: Assets/Low Poly Organic Assets/Models/Ice_cream_4.fbx
  artifactKey: Guid(51c16767f1b62417ca91287077651650) Importer(815301076,1909f56bfc062723c751e8b465ee728b)
Start importing Assets/Low Poly Organic Assets/Models/Ice_cream_4.fbx using Guid(51c16767f1b62417ca91287077651650) Importer(815301076,1909f56bfc062723c751e8b465ee728b)  -> (artifact id: 'e8aa1d832a5f2828327118e6e9367145') in 0.022367 seconds
Number of updated asset objects reloaded before import = 0
Number of asset objects unloaded after import = 8
========================================================================
Received Import Request.
  Time since last request: 0.002012 seconds.
  path: Assets/Low Poly Organic Assets/Materials/unitypackages/URP.unitypackage
  artifactKey: Guid(63d2fd53ab934485f9eff8841d241150) Importer(815301076,1909f56bfc062723c751e8b465ee728b)
Start importing Assets/Low Poly Organic Assets/Materials/unitypackages/URP.unitypackage using Guid(63d2fd53ab934485f9eff8841d241150) Importer(815301076,1909f56bfc062723c751e8b465ee728b)  -> (artifact id: 'a3a4267fb3b372277a22b4b727e38716') in 0.001030 seconds
Number of updated asset objects reloaded before import = 0
Number of asset objects unloaded after import = 1
========================================================================
Received Import Request.
  Time since last request: 0.001670 seconds.
  path: Assets/Low Poly Organic Assets/Models/apple_2.fbx
  artifactKey: Guid(61802d83e7e8f4295aa4b6693642a886) Importer(815301076,1909f56bfc062723c751e8b465ee728b)
Start importing Assets/Low Poly Organic Assets/Models/apple_2.fbx using Guid(61802d83e7e8f4295aa4b6693642a886) Importer(815301076,1909f56bfc062723c751e8b465ee728b)  -> (artifact id: 'd8ce499c652afe30d46575d17c255191') in 0.025798 seconds
Number of updated asset objects reloaded before import = 0
Number of asset objects unloaded after import = 8
========================================================================
Received Import Request.
  Time since last request: 0.001822 seconds.
  path: Assets/Low Poly Organic Assets/Scenes/Demo 0/LightingData.asset
  artifactKey: Guid(78b4e850d1fa94a40bfae31f069cb4c7) Importer(815301076,1909f56bfc062723c751e8b465ee728b)
Start importing Assets/Low Poly Organic Assets/Scenes/Demo 0/LightingData.asset using Guid(78b4e850d1fa94a40bfae31f069cb4c7) Importer(815301076,1909f56bfc062723c751e8b465ee728b)  -> (artifact id: '4bf1e2d4019ee9e372a6b731bf025188') in 0.001811 seconds
Number of updated asset objects reloaded before import = 0
Number of asset objects unloaded after import = 2
========================================================================
Received Import Request.
  Time since last request: 0.001333 seconds.
  path: Assets/Low Poly Organic Assets/Shaders
  artifactKey: Guid(b2ec315cbef314d588189f91e8c246e5) Importer(815301076,1909f56bfc062723c751e8b465ee728b)
Start importing Assets/Low Poly Organic Assets/Shaders using Guid(b2ec315cbef314d588189f91e8c246e5) Importer(815301076,1909f56bfc062723c751e8b465ee728b)  -> (artifact id: '1366fd35a21217977f8b5cd94195c954') in 0.000670 seconds
Number of updated asset objects reloaded before import = 0
Number of asset objects unloaded after import = 0
========================================================================
Received Import Request.
  Time since last request: 0.003815 seconds.
  path: Assets/Low Poly Organic Assets/Prefabs/donut_4.prefab
  artifactKey: Guid(095c82ef36f27447f8a17fa96fc13abf) Importer(815301076,1909f56bfc062723c751e8b465ee728b)
Start importing Assets/Low Poly Organic Assets/Prefabs/donut_4.prefab using Guid(095c82ef36f27447f8a17fa96fc13abf) Importer(815301076,1909f56bfc062723c751e8b465ee728b)  -> (artifact id: '11a36adf613d2467564712cb0fbc4bb9') in 0.015512 seconds
Number of updated asset objects reloaded before import = 0
Number of asset objects unloaded after import = 11
========================================================================
Received Import Request.
  Time since last request: 0.002971 seconds.
  path: Assets/Low Poly Organic Assets/Scenes/Demo 0.unity
  artifactKey: Guid(28518334b5f1949d9aa3c33cc4d4aa42) Importer(815301076,1909f56bfc062723c751e8b465ee728b)
Start importing Assets/Low Poly Organic Assets/Scenes/Demo 0.unity using Guid(28518334b5f1949d9aa3c33cc4d4aa42) Importer(815301076,1909f56bfc062723c751e8b465ee728b)  -> (artifact id: '3af7cbc50949f516f90ad3198530fb4b') in 0.000957 seconds
Number of updated asset objects reloaded before import = 0
Number of asset objects unloaded after import = 0
========================================================================
Received Import Request.
  Time since last request: 0.002428 seconds.
  path: Assets/Low Poly Organic Assets/Prefabs/Ice_cream_2.prefab
  artifactKey: Guid(d58f2ce85998a4d478effd974f966835) Importer(815301076,1909f56bfc062723c751e8b465ee728b)
Start importing Assets/Low Poly Organic Assets/Prefabs/Ice_cream_2.prefab using Guid(d58f2ce85998a4d478effd974f966835) Importer(815301076,1909f56bfc062723c751e8b465ee728b)  -> (artifact id: 'a70b84561c5f73c275860864d14311c5') in 0.015679 seconds
Number of updated asset objects reloaded before import = 0
Number of asset objects unloaded after import = 11
========================================================================
Received Import Request.
  Time since last request: 0.001328 seconds.
  path: Assets/Low Poly Organic Assets/Prefabs/Ice_cream_1.prefab
  artifactKey: Guid(58f669f14086348abaaa1660a766d06c) Importer(815301076,1909f56bfc062723c751e8b465ee728b)
Start importing Assets/Low Poly Organic Assets/Prefabs/Ice_cream_1.prefab using Guid(58f669f14086348abaaa1660a766d06c) Importer(815301076,1909f56bfc062723c751e8b465ee728b)  -> (artifact id: '099c0decb5e44a358c5819c6ea657909') in 0.017518 seconds
Number of updated asset objects reloaded before import = 0
Number of asset objects unloaded after import = 11
========================================================================
Received Import Request.
  Time since last request: 0.001552 seconds.
  path: Assets/Low Poly Organic Assets/Models/meat.fbx
  artifactKey: Guid(bbe65106c8fc349ce8ecb56f2c875166) Importer(815301076,1909f56bfc062723c751e8b465ee728b)
Start importing Assets/Low Poly Organic Assets/Models/meat.fbx using Guid(bbe65106c8fc349ce8ecb56f2c875166) Importer(815301076,1909f56bfc062723c751e8b465ee728b)  -> (artifact id: '9c871ee4857a955a13a4b2d446981f6d') in 0.020768 seconds
Number of updated asset objects reloaded before import = 0
Number of asset objects unloaded after import = 8
========================================================================
Received Import Request.
  Time since last request: 0.001837 seconds.
  path: Assets/Low Poly Organic Assets/Materials/unitypackages/BuiltIn.unitypackage
  artifactKey: Guid(eebdae025f8194a25b0d32e2e8d1fc66) Importer(815301076,1909f56bfc062723c751e8b465ee728b)
Start importing Assets/Low Poly Organic Assets/Materials/unitypackages/BuiltIn.unitypackage using Guid(eebdae025f8194a25b0d32e2e8d1fc66) Importer(815301076,1909f56bfc062723c751e8b465ee728b)  -> (artifact id: '007cb09a750a0817ff21aebcba567f49') in 0.001812 seconds
Number of updated asset objects reloaded before import = 0
Number of asset objects unloaded after import = 1
========================================================================
Received Import Request.
  Time since last request: 0.001576 seconds.
  path: Assets/Low Poly Organic Assets/Prefabs/egg_cracked_1.prefab
  artifactKey: Guid(c9a1adcae261c4985bf3818a01790d47) Importer(815301076,1909f56bfc062723c751e8b465ee728b)
Start importing Assets/Low Poly Organic Assets/Prefabs/egg_cracked_1.prefab using Guid(c9a1adcae261c4985bf3818a01790d47) Importer(815301076,1909f56bfc062723c751e8b465ee728b)  -> (artifact id: '6dea1349a89d007d3d0e98f2ca7f3a61') in 0.019114 seconds
Number of updated asset objects reloaded before import = 0
Number of asset objects unloaded after import = 11
========================================================================
Received Import Request.
  Time since last request: 0.001014 seconds.
  path: Assets/Low Poly Organic Assets/Prefabs/donut_3.prefab
  artifactKey: Guid(3c91940b302204a70a3cff31d3fa9bec) Importer(815301076,1909f56bfc062723c751e8b465ee728b)
Start importing Assets/Low Poly Organic Assets/Prefabs/donut_3.prefab using Guid(3c91940b302204a70a3cff31d3fa9bec) Importer(815301076,1909f56bfc062723c751e8b465ee728b)  -> (artifact id: '4eed15a535388aef5ad97368ed0d5cd4') in 0.018858 seconds
Number of updated asset objects reloaded before import = 0
Number of asset objects unloaded after import = 11
========================================================================
Received Import Request.
  Time since last request: 0.000102 seconds.
  path: Assets/Low Poly Organic Assets/Models/banana.fbx
  artifactKey: Guid(376e741840e124915ad8fa9844ced36d) Importer(815301076,1909f56bfc062723c751e8b465ee728b)
Start importing Assets/Low Poly Organic Assets/Models/banana.fbx using Guid(376e741840e124915ad8fa9844ced36d) Importer(815301076,1909f56bfc062723c751e8b465ee728b)  -> (artifact id: '9fc690d44a124d4fcbe4a18e03296e6a') in 0.021252 seconds
Number of updated asset objects reloaded before import = 0
Number of asset objects unloaded after import = 8
========================================================================
Received Import Request.
  Time since last request: 0.001323 seconds.
  path: Assets/Low Poly Organic Assets/Models
  artifactKey: Guid(4d08e636c56554970a33cd47e5e463be) Importer(815301076,1909f56bfc062723c751e8b465ee728b)
Start importing Assets/Low Poly Organic Assets/Models using Guid(4d08e636c56554970a33cd47e5e463be) Importer(815301076,1909f56bfc062723c751e8b465ee728b)  -> (artifact id: 'eb76301d314fbc331b65615ffe4f5735') in 0.000571 seconds
Number of updated asset objects reloaded before import = 0
Number of asset objects unloaded after import = 0
========================================================================
Received Import Request.
  Time since last request: 0.002391 seconds.
  path: Assets/Low Poly Organic Assets/Models/sandwich.fbx
  artifactKey: Guid(a5cd7d24144104f929d212e14d67ea5d) Importer(815301076,1909f56bfc062723c751e8b465ee728b)
Start importing Assets/Low Poly Organic Assets/Models/sandwich.fbx using Guid(a5cd7d24144104f929d212e14d67ea5d) Importer(815301076,1909f56bfc062723c751e8b465ee728b)  -> (artifact id: 'bb83bb0a0ffac5bbac868c2fc417c6af') in 0.021575 seconds
Number of updated asset objects reloaded before import = 0
Number of asset objects unloaded after import = 8
========================================================================
Received Import Request.
  Time since last request: 0.001628 seconds.
  path: Assets/Low Poly Organic Assets/Models/Ice_cream_1.fbx
  artifactKey: Guid(857da375bfed540bb9086a03008edb18) Importer(815301076,1909f56bfc062723c751e8b465ee728b)
Start importing Assets/Low Poly Organic Assets/Models/Ice_cream_1.fbx using Guid(857da375bfed540bb9086a03008edb18) Importer(815301076,1909f56bfc062723c751e8b465ee728b)  -> (artifact id: '486656b5603f0af0cd217115aacb57cb') in 0.019095 seconds
Number of updated asset objects reloaded before import = 0
Number of asset objects unloaded after import = 8
========================================================================
Received Import Request.
  Time since last request: 0.003173 seconds.
  path: Assets/Low Poly Organic Assets/Scenes/Demo 0/ReflectionProbe-0.exr
  artifactKey: Guid(4d586eadaaa0b4ab18f8b7930ef2a090) Importer(815301076,1909f56bfc062723c751e8b465ee728b)
Start importing Assets/Low Poly Organic Assets/Scenes/Demo 0/ReflectionProbe-0.exr using Guid(4d586eadaaa0b4ab18f8b7930ef2a090) Importer(815301076,1909f56bfc062723c751e8b465ee728b)  -> (artifact id: 'fe5e27e795d7f914334fa207a8c05cd4') in 0.025299 seconds
Number of updated asset objects reloaded before import = 0
Number of asset objects unloaded after import = 1
========================================================================
Received Import Request.
  Time since last request: 0.000029 seconds.
  path: Assets/Low Poly Organic Assets/Prefabs/egg_cracked_2.prefab
  artifactKey: Guid(bb5ed2b5438f043aeb8eea2c7cc0047d) Importer(815301076,1909f56bfc062723c751e8b465ee728b)
Start importing Assets/Low Poly Organic Assets/Prefabs/egg_cracked_2.prefab using Guid(bb5ed2b5438f043aeb8eea2c7cc0047d) Importer(815301076,1909f56bfc062723c751e8b465ee728b)  -> (artifact id: '35e7aceb2fe38db7cb86656867c91df6') in 0.014694 seconds
Number of updated asset objects reloaded before import = 0
Number of asset objects unloaded after import = 11
========================================================================
Received Import Request.
  Time since last request: 0.001187 seconds.
  path: Assets/Low Poly Organic Assets/Models/apple_1.fbx
  artifactKey: Guid(cc09c36a626b1469fa73ed1e28f25173) Importer(815301076,1909f56bfc062723c751e8b465ee728b)
Start importing Assets/Low Poly Organic Assets/Models/apple_1.fbx using Guid(cc09c36a626b1469fa73ed1e28f25173) Importer(815301076,1909f56bfc062723c751e8b465ee728b)  -> (artifact id: 'a59aa3c3992130f45332d7f829a2074f') in 0.020755 seconds
Number of updated asset objects reloaded before import = 0
Number of asset objects unloaded after import = 8
========================================================================
Received Import Request.
  Time since last request: 0.001529 seconds.
  path: Assets/Low Poly Organic Assets/Prefabs/sandwich.prefab
  artifactKey: Guid(9a4542e3621d74707825fa67ae6a10c4) Importer(815301076,1909f56bfc062723c751e8b465ee728b)
Start importing Assets/Low Poly Organic Assets/Prefabs/sandwich.prefab using Guid(9a4542e3621d74707825fa67ae6a10c4) Importer(815301076,1909f56bfc062723c751e8b465ee728b)  -> (artifact id: 'b40014d43698f520b09ebb90772271cb') in 0.014745 seconds
Number of updated asset objects reloaded before import = 0
Number of asset objects unloaded after import = 11
========================================================================
Received Import Request.
  Time since last request: 0.001216 seconds.
  path: Assets/Low Poly Organic Assets/Shaders/Simple.shader
  artifactKey: Guid(cc37da5f31b834fa68a28aaa160d7488) Importer(815301076,1909f56bfc062723c751e8b465ee728b)
Start importing Assets/Low Poly Organic Assets/Shaders/Simple.shader using Guid(cc37da5f31b834fa68a28aaa160d7488) Importer(815301076,1909f56bfc062723c751e8b465ee728b)  -> (artifact id: 'ed83bce6a8b2a8eb4ab565921acaf108') in 0.003154 seconds
Number of updated asset objects reloaded before import = 0
Number of asset objects unloaded after import = 1
========================================================================
Received Import Request.
  Time since last request: 0.001366 seconds.
  path: Assets/Low Poly Organic Assets/Models/egg_cracked_1.fbx
  artifactKey: Guid(62e5905d614144bcaacb0059ae7bbaab) Importer(815301076,1909f56bfc062723c751e8b465ee728b)
Start importing Assets/Low Poly Organic Assets/Models/egg_cracked_1.fbx using Guid(62e5905d614144bcaacb0059ae7bbaab) Importer(815301076,1909f56bfc062723c751e8b465ee728b)  -> (artifact id: '436f4aad8d4af8dd9f9de9c2f0beb974') in 0.019486 seconds
Number of updated asset objects reloaded before import = 0
Number of asset objects unloaded after import = 8
========================================================================
Received Prepare
Begin MonoManager ReloadAssembly
Symbol file LoadedFromMemory doesn't match image D:\P_Project\Unity\SandeeProject\SandeeProject\SandeeProject\Library\PackageCache\com.unity.visualscripting@1.8.0\Editor\VisualScripting.Core\Dependencies\YamlDotNet\Unity.VisualScripting.YamlDotNet.dll
Symbol file LoadedFromMemory doesn't match image D:\P_Project\Unity\SandeeProject\SandeeProject\SandeeProject\Library\PackageCache\com.unity.visualscripting@1.8.0\Editor\VisualScripting.Core\Dependencies\DotNetZip\Unity.VisualScripting.IonicZip.dll
- Loaded All Assemblies, in  0.788 seconds
Refreshing native plugins compatible for Editor in 1.40 ms, found 3 plugins.
Native extension for UWP target not found
Native extension for WindowsStandalone target not found
[Package Manager] Server::EnsureServerProcessIsRunning -- launch failed, reason: Unity was launched with the -noUpm command-line argument
[Package Manager] UpmClient::Send -- Unable to send message (not connected to UPM process).
[Package Manager] Cannot connect to Unity Package Manager local server
Mono: successfully reloaded assembly
- Finished resetting the current domain, in  0.811 seconds
Domain Reload Profiling: 1597ms
	BeginReloadAssembly (162ms)
		ExecutionOrderSort (0ms)
		DisableScriptedObjects (6ms)
		BackupInstance (0ms)
		ReleaseScriptingObjects (0ms)
		CreateAndSetChildDomain (53ms)
	RebuildCommonClasses (33ms)
	RebuildNativeTypeToScriptingClass (14ms)
	initialDomainReloadingComplete (35ms)
	LoadAllAssembliesAndSetupDomain (541ms)
		LoadAssemblies (249ms)
		RebuildTransferFunctionScriptingTraits (0ms)
		AnalyzeDomain (359ms)
			TypeCache.Refresh (348ms)
				TypeCache.ScanAssembly (336ms)
			ScanForSourceGeneratedMonoScriptInfo (2ms)
			ResolveRequiredComponents (9ms)
	FinalizeReload (812ms)
		ReleaseScriptCaches (0ms)
		RebuildScriptCaches (0ms)
		SetupLoadedEditorAssemblies (407ms)
			LogAssemblyErrors (0ms)
			InitializePlatformSupportModulesInManaged (5ms)
			SetLoadedEditorAssemblies (5ms)
			RefreshPlugins (0ms)
			BeforeProcessingInitializeOnLoad (63ms)
			ProcessInitializeOnLoadAttributes (312ms)
			ProcessInitializeOnLoadMethodAttributes (17ms)
			AfterProcessingInitializeOnLoad (5ms)
			EditorAssembliesLoaded (0ms)
		ExecutionOrderSort2 (0ms)
		AwakeInstancesAfterBackupRestoration (7ms)
Shader 'VRM10/Universal Render Pipeline/MToon10': fallback shader 'Hidden/Universal Render Pipeline/FallbackError' not found
Shader 'VRM10/Universal Render Pipeline/MToon10': fallback shader 'Hidden/Universal Render Pipeline/FallbackError' not found
Refreshing native plugins compatible for Editor in 1.40 ms, found 3 plugins.
Preloading 0 native plugins for Editor in 0.00 ms.
Unloading 4091 Unused Serialized files (Serialized files now loaded: 0)
Unloading 33 unused Assets / (2.9 MB). Loaded Objects now: 4933.
Memory consumption went from 176.6 MB to 173.7 MB.
Total: 4.212100 ms (FindLiveObjects: 0.315800 ms CreateObjectMapping: 0.316000 ms MarkObjects: 2.278400 ms  DeleteObjects: 1.301300 ms)

Prepare: number of updated asset objects reloaded= 0
AssetImportParameters requested are different than current active one (requested -> active):
  custom:container-demuxer-ogg: 62fdf1f143b41e24485cea50d1cbac27 -> 
  custom:video-codec-MediaFoundation-h265: 746d11721c4dcdbdad8f713fa42b33f4 -> 
  custom:video-decoder-ogg-theora: a1e56fd34408186e4bbccfd4996cb3dc -> 
  custom:framework-win-MediaFoundation: 216162199b28c13a410421893ffa2e32 -> 
  custom:CustomObjectIndexerAttribute: 756ad292c208cfabdd7b50bc23989ffe -> 
  custom:container-demuxer-webm: 4f35f7cbe854078d1ac9338744f61a02 -> 
  custom:container-muxer-webm: aa71ff27fc2769a1b78a27578f13a17b -> 
  custom:video-decoder-webm-vp8: 9c59270c3fd7afecdb556c50c9e8de78 -> 
  custom:AudioImporter_EditorPlatform: d09bf68614088b80899f8185d706f6e7 -> 
  custom:video-encoder-webm-vp8: eb34c28f22e8b96e1ab97ce403110664 -> 
  custom:audio-decoder-ogg-vorbis: bf7c407c2cedff20999df2af8eb42d56 -> 
  custom:audio-encoder-webm-vorbis: bf7c407c2cedff20999df2af8eb42d56 -> 
========================================================================
Received Prepare
Begin MonoManager ReloadAssembly
Symbol file LoadedFromMemory doesn't match image D:\P_Project\Unity\SandeeProject\SandeeProject\SandeeProject\Library\PackageCache\com.unity.visualscripting@1.8.0\Editor\VisualScripting.Core\Dependencies\YamlDotNet\Unity.VisualScripting.YamlDotNet.dll
Symbol file LoadedFromMemory doesn't match image D:\P_Project\Unity\SandeeProject\SandeeProject\SandeeProject\Library\PackageCache\com.unity.visualscripting@1.8.0\Editor\VisualScripting.Core\Dependencies\DotNetZip\Unity.VisualScripting.IonicZip.dll
- Loaded All Assemblies, in  0.793 seconds
Refreshing native plugins compatible for Editor in 1.38 ms, found 3 plugins.
Native extension for UWP target not found
Native extension for WindowsStandalone target not found
[Package Manager] Server::EnsureServerProcessIsRunning -- launch failed, reason: Unity was launched with the -noUpm command-line argument
[Package Manager] UpmClient::Send -- Unable to send message (not connected to UPM process).
[Package Manager] Cannot connect to Unity Package Manager local server
Mono: successfully reloaded assembly
- Finished resetting the current domain, in  0.786 seconds
Domain Reload Profiling: 1578ms
	BeginReloadAssembly (160ms)
		ExecutionOrderSort (0ms)
		DisableScriptedObjects (5ms)
		BackupInstance (0ms)
		ReleaseScriptingObjects (0ms)
		CreateAndSetChildDomain (53ms)
	RebuildCommonClasses (40ms)
	RebuildNativeTypeToScriptingClass (20ms)
	initialDomainReloadingComplete (30ms)
	LoadAllAssembliesAndSetupDomain (543ms)
		LoadAssemblies (246ms)
		RebuildTransferFunctionScriptingTraits (0ms)
		AnalyzeDomain (363ms)
			TypeCache.Refresh (353ms)
				TypeCache.ScanAssembly (341ms)
			ScanForSourceGeneratedMonoScriptInfo (3ms)
			ResolveRequiredComponents (7ms)
	FinalizeReload (787ms)
		ReleaseScriptCaches (0ms)
		RebuildScriptCaches (0ms)
		SetupLoadedEditorAssemblies (400ms)
			LogAssemblyErrors (0ms)
			InitializePlatformSupportModulesInManaged (6ms)
			SetLoadedEditorAssemblies (6ms)
			RefreshPlugins (0ms)
			BeforeProcessingInitializeOnLoad (64ms)
			ProcessInitializeOnLoadAttributes (302ms)
			ProcessInitializeOnLoadMethodAttributes (17ms)
			AfterProcessingInitializeOnLoad (5ms)
			EditorAssembliesLoaded (0ms)
		ExecutionOrderSort2 (0ms)
		AwakeInstancesAfterBackupRestoration (7ms)
Shader 'VRM10/Universal Render Pipeline/MToon10': fallback shader 'Hidden/Universal Render Pipeline/FallbackError' not found
Shader 'VRM10/Universal Render Pipeline/MToon10': fallback shader 'Hidden/Universal Render Pipeline/FallbackError' not found
Refreshing native plugins compatible for Editor in 1.49 ms, found 3 plugins.
Preloading 0 native plugins for Editor in 0.00 ms.
Unloading 4092 Unused Serialized files (Serialized files now loaded: 0)
Unloading 33 unused Assets / (2.9 MB). Loaded Objects now: 4948.
Memory consumption went from 176.9 MB to 173.9 MB.
Total: 4.463800 ms (FindLiveObjects: 0.420500 ms CreateObjectMapping: 0.366300 ms MarkObjects: 2.148600 ms  DeleteObjects: 1.527100 ms)

Prepare: number of updated asset objects reloaded= 0
AssetImportParameters requested are different than current active one (requested -> active):
  custom:container-demuxer-ogg: 62fdf1f143b41e24485cea50d1cbac27 -> 
  custom:video-codec-MediaFoundation-h265: 746d11721c4dcdbdad8f713fa42b33f4 -> 
  custom:video-decoder-ogg-theora: a1e56fd34408186e4bbccfd4996cb3dc -> 
  custom:framework-win-MediaFoundation: 216162199b28c13a410421893ffa2e32 -> 
  custom:CustomObjectIndexerAttribute: 756ad292c208cfabdd7b50bc23989ffe -> 
  custom:container-demuxer-webm: 4f35f7cbe854078d1ac9338744f61a02 -> 
  custom:container-muxer-webm: aa71ff27fc2769a1b78a27578f13a17b -> 
  custom:video-decoder-webm-vp8: 9c59270c3fd7afecdb556c50c9e8de78 -> 
  custom:AudioImporter_EditorPlatform: d09bf68614088b80899f8185d706f6e7 -> 
  custom:video-encoder-webm-vp8: eb34c28f22e8b96e1ab97ce403110664 -> 
  custom:audio-decoder-ogg-vorbis: bf7c407c2cedff20999df2af8eb42d56 -> 
  custom:audio-encoder-webm-vorbis: bf7c407c2cedff20999df2af8eb42d56 -> 
========================================================================
Received Prepare
Begin MonoManager ReloadAssembly
Symbol file LoadedFromMemory doesn't match image D:\P_Project\Unity\SandeeProject\SandeeProject\SandeeProject\Library\PackageCache\com.unity.visualscripting@1.8.0\Editor\VisualScripting.Core\Dependencies\YamlDotNet\Unity.VisualScripting.YamlDotNet.dll
Symbol file LoadedFromMemory doesn't match image D:\P_Project\Unity\SandeeProject\SandeeProject\SandeeProject\Library\PackageCache\com.unity.visualscripting@1.8.0\Editor\VisualScripting.Core\Dependencies\DotNetZip\Unity.VisualScripting.IonicZip.dll
- Loaded All Assemblies, in  0.739 seconds
Refreshing native plugins compatible for Editor in 1.97 ms, found 3 plugins.
Native extension for UWP target not found
Native extension for WindowsStandalone target not found
[Package Manager] Server::EnsureServerProcessIsRunning -- launch failed, reason: Unity was launched with the -noUpm command-line argument
[Package Manager] UpmClient::Send -- Unable to send message (not connected to UPM process).
[Package Manager] Cannot connect to Unity Package Manager local server
Mono: successfully reloaded assembly
- Finished resetting the current domain, in  0.751 seconds
Domain Reload Profiling: 1488ms
	BeginReloadAssembly (153ms)
		ExecutionOrderSort (0ms)
		DisableScriptedObjects (5ms)
		BackupInstance (0ms)
		ReleaseScriptingObjects (0ms)
		CreateAndSetChildDomain (39ms)
	RebuildCommonClasses (33ms)
	RebuildNativeTypeToScriptingClass (16ms)
	initialDomainReloadingComplete (25ms)
	LoadAllAssembliesAndSetupDomain (509ms)
		LoadAssemblies (256ms)
		RebuildTransferFunctionScriptingTraits (0ms)
		AnalyzeDomain (328ms)
			TypeCache.Refresh (322ms)
				TypeCache.ScanAssembly (307ms)
			ScanForSourceGeneratedMonoScriptInfo (0ms)
			ResolveRequiredComponents (7ms)
	FinalizeReload (751ms)
		ReleaseScriptCaches (0ms)
		RebuildScriptCaches (0ms)
		SetupLoadedEditorAssemblies (393ms)
			LogAssemblyErrors (0ms)
			InitializePlatformSupportModulesInManaged (8ms)
			SetLoadedEditorAssemblies (5ms)
			RefreshPlugins (0ms)
			BeforeProcessingInitializeOnLoad (66ms)
			ProcessInitializeOnLoadAttributes (290ms)
			ProcessInitializeOnLoadMethodAttributes (19ms)
			AfterProcessingInitializeOnLoad (4ms)
			EditorAssembliesLoaded (0ms)
		ExecutionOrderSort2 (0ms)
		AwakeInstancesAfterBackupRestoration (6ms)
Shader 'VRM10/Universal Render Pipeline/MToon10': fallback shader 'Hidden/Universal Render Pipeline/FallbackError' not found
Shader 'VRM10/Universal Render Pipeline/MToon10': fallback shader 'Hidden/Universal Render Pipeline/FallbackError' not found
Refreshing native plugins compatible for Editor in 1.89 ms, found 3 plugins.
Preloading 0 native plugins for Editor in 0.00 ms.
Unloading 4092 Unused Serialized files (Serialized files now loaded: 0)
Unloading 33 unused Assets / (2.9 MB). Loaded Objects now: 4963.
Memory consumption went from 176.9 MB to 173.9 MB.
Total: 6.122400 ms (FindLiveObjects: 0.461200 ms CreateObjectMapping: 0.427600 ms MarkObjects: 3.293900 ms  DeleteObjects: 1.938300 ms)

Prepare: number of updated asset objects reloaded= 0
AssetImportParameters requested are different than current active one (requested -> active):
  custom:container-demuxer-ogg: 62fdf1f143b41e24485cea50d1cbac27 -> 
  custom:video-codec-MediaFoundation-h265: 746d11721c4dcdbdad8f713fa42b33f4 -> 
  custom:video-decoder-ogg-theora: a1e56fd34408186e4bbccfd4996cb3dc -> 
  custom:framework-win-MediaFoundation: 216162199b28c13a410421893ffa2e32 -> 
  custom:CustomObjectIndexerAttribute: 756ad292c208cfabdd7b50bc23989ffe -> 
  custom:container-demuxer-webm: 4f35f7cbe854078d1ac9338744f61a02 -> 
  custom:container-muxer-webm: aa71ff27fc2769a1b78a27578f13a17b -> 
  custom:video-decoder-webm-vp8: 9c59270c3fd7afecdb556c50c9e8de78 -> 
  custom:AudioImporter_EditorPlatform: d09bf68614088b80899f8185d706f6e7 -> 
  custom:video-encoder-webm-vp8: eb34c28f22e8b96e1ab97ce403110664 -> 
  custom:audio-decoder-ogg-vorbis: bf7c407c2cedff20999df2af8eb42d56 -> 
  custom:audio-encoder-webm-vorbis: bf7c407c2cedff20999df2af8eb42d56 -> 
========================================================================
Received Prepare
Begin MonoManager ReloadAssembly
Symbol file LoadedFromMemory doesn't match image D:\P_Project\Unity\SandeeProject\SandeeProject\SandeeProject\Library\PackageCache\com.unity.visualscripting@1.8.0\Editor\VisualScripting.Core\Dependencies\YamlDotNet\Unity.VisualScripting.YamlDotNet.dll
Symbol file LoadedFromMemory doesn't match image D:\P_Project\Unity\SandeeProject\SandeeProject\SandeeProject\Library\PackageCache\com.unity.visualscripting@1.8.0\Editor\VisualScripting.Core\Dependencies\DotNetZip\Unity.VisualScripting.IonicZip.dll
- Loaded All Assemblies, in  0.743 seconds
Refreshing native plugins compatible for Editor in 2.05 ms, found 3 plugins.
Native extension for UWP target not found
Native extension for WindowsStandalone target not found
[Package Manager] Server::EnsureServerProcessIsRunning -- launch failed, reason: Unity was launched with the -noUpm command-line argument
[Package Manager] UpmClient::Send -- Unable to send message (not connected to UPM process).
[Package Manager] Cannot connect to Unity Package Manager local server
Mono: successfully reloaded assembly
- Finished resetting the current domain, in  0.826 seconds
Domain Reload Profiling: 1567ms
	BeginReloadAssembly (152ms)
		ExecutionOrderSort (0ms)
		DisableScriptedObjects (6ms)
		BackupInstance (0ms)
		ReleaseScriptingObjects (0ms)
		CreateAndSetChildDomain (48ms)
	RebuildCommonClasses (38ms)
	RebuildNativeTypeToScriptingClass (14ms)
	initialDomainReloadingComplete (29ms)
	LoadAllAssembliesAndSetupDomain (507ms)
		LoadAssemblies (254ms)
		RebuildTransferFunctionScriptingTraits (0ms)
		AnalyzeDomain (315ms)
			TypeCache.Refresh (303ms)
				TypeCache.ScanAssembly (290ms)
			ScanForSourceGeneratedMonoScriptInfo (2ms)
			ResolveRequiredComponents (9ms)
	FinalizeReload (827ms)
		ReleaseScriptCaches (0ms)
		RebuildScriptCaches (0ms)
		SetupLoadedEditorAssemblies (395ms)
			LogAssemblyErrors (0ms)
			InitializePlatformSupportModulesInManaged (6ms)
			SetLoadedEditorAssemblies (5ms)
			RefreshPlugins (0ms)
			BeforeProcessingInitializeOnLoad (68ms)
			ProcessInitializeOnLoadAttributes (286ms)
			ProcessInitializeOnLoadMethodAttributes (24ms)
			AfterProcessingInitializeOnLoad (6ms)
			EditorAssembliesLoaded (0ms)
		ExecutionOrderSort2 (0ms)
		AwakeInstancesAfterBackupRestoration (8ms)
Shader 'VRM10/Universal Render Pipeline/MToon10': fallback shader 'Hidden/Universal Render Pipeline/FallbackError' not found
Shader 'VRM10/Universal Render Pipeline/MToon10': fallback shader 'Hidden/Universal Render Pipeline/FallbackError' not found
Refreshing native plugins compatible for Editor in 2.22 ms, found 3 plugins.
Preloading 0 native plugins for Editor in 0.00 ms.
Unloading 4092 Unused Serialized files (Serialized files now loaded: 0)
Unloading 33 unused Assets / (2.9 MB). Loaded Objects now: 4978.
Memory consumption went from 176.9 MB to 174.0 MB.
Total: 5.440400 ms (FindLiveObjects: 0.359300 ms CreateObjectMapping: 0.338000 ms MarkObjects: 2.772200 ms  DeleteObjects: 1.970000 ms)

Prepare: number of updated asset objects reloaded= 0
AssetImportParameters requested are different than current active one (requested -> active):
  custom:container-demuxer-ogg: 62fdf1f143b41e24485cea50d1cbac27 -> 
  custom:video-codec-MediaFoundation-h265: 746d11721c4dcdbdad8f713fa42b33f4 -> 
  custom:video-decoder-ogg-theora: a1e56fd34408186e4bbccfd4996cb3dc -> 
  custom:framework-win-MediaFoundation: 216162199b28c13a410421893ffa2e32 -> 
  custom:CustomObjectIndexerAttribute: 756ad292c208cfabdd7b50bc23989ffe -> 
  custom:container-demuxer-webm: 4f35f7cbe854078d1ac9338744f61a02 -> 
  custom:container-muxer-webm: aa71ff27fc2769a1b78a27578f13a17b -> 
  custom:video-decoder-webm-vp8: 9c59270c3fd7afecdb556c50c9e8de78 -> 
  custom:AudioImporter_EditorPlatform: d09bf68614088b80899f8185d706f6e7 -> 
  custom:video-encoder-webm-vp8: eb34c28f22e8b96e1ab97ce403110664 -> 
  custom:audio-decoder-ogg-vorbis: bf7c407c2cedff20999df2af8eb42d56 -> 
  custom:audio-encoder-webm-vorbis: bf7c407c2cedff20999df2af8eb42d56 -> 
========================================================================
Received Prepare
Begin MonoManager ReloadAssembly
Symbol file LoadedFromMemory doesn't match image D:\P_Project\Unity\SandeeProject\SandeeProject\SandeeProject\Library\PackageCache\com.unity.visualscripting@1.8.0\Editor\VisualScripting.Core\Dependencies\YamlDotNet\Unity.VisualScripting.YamlDotNet.dll
Symbol file LoadedFromMemory doesn't match image D:\P_Project\Unity\SandeeProject\SandeeProject\SandeeProject\Library\PackageCache\com.unity.visualscripting@1.8.0\Editor\VisualScripting.Core\Dependencies\DotNetZip\Unity.VisualScripting.IonicZip.dll
- Loaded All Assemblies, in  0.744 seconds
Refreshing native plugins compatible for Editor in 1.42 ms, found 3 plugins.
Native extension for UWP target not found
Native extension for WindowsStandalone target not found
[Package Manager] Server::EnsureServerProcessIsRunning -- launch failed, reason: Unity was launched with the -noUpm command-line argument
[Package Manager] UpmClient::Send -- Unable to send message (not connected to UPM process).
[Package Manager] Cannot connect to Unity Package Manager local server
Mono: successfully reloaded assembly
- Finished resetting the current domain, in  0.819 seconds
Domain Reload Profiling: 1561ms
	BeginReloadAssembly (138ms)
		ExecutionOrderSort (0ms)
		DisableScriptedObjects (5ms)
		BackupInstance (0ms)
		ReleaseScriptingObjects (0ms)
		CreateAndSetChildDomain (36ms)
	RebuildCommonClasses (51ms)
	RebuildNativeTypeToScriptingClass (18ms)
	initialDomainReloadingComplete (26ms)
	LoadAllAssembliesAndSetupDomain (509ms)
		LoadAssemblies (229ms)
		RebuildTransferFunctionScriptingTraits (0ms)
		AnalyzeDomain (344ms)
			TypeCache.Refresh (337ms)
				TypeCache.ScanAssembly (325ms)
			ScanForSourceGeneratedMonoScriptInfo (0ms)
			ResolveRequiredComponents (7ms)
	FinalizeReload (819ms)
		ReleaseScriptCaches (0ms)
		RebuildScriptCaches (0ms)
		SetupLoadedEditorAssemblies (470ms)
			LogAssemblyErrors (0ms)
			InitializePlatformSupportModulesInManaged (5ms)
			SetLoadedEditorAssemblies (5ms)
			RefreshPlugins (0ms)
			BeforeProcessingInitializeOnLoad (68ms)
			ProcessInitializeOnLoadAttributes (362ms)
			ProcessInitializeOnLoadMethodAttributes (25ms)
			AfterProcessingInitializeOnLoad (5ms)
			EditorAssembliesLoaded (0ms)
		ExecutionOrderSort2 (0ms)
		AwakeInstancesAfterBackupRestoration (7ms)
Shader 'VRM10/Universal Render Pipeline/MToon10': fallback shader 'Hidden/Universal Render Pipeline/FallbackError' not found
Shader 'VRM10/Universal Render Pipeline/MToon10': fallback shader 'Hidden/Universal Render Pipeline/FallbackError' not found
Refreshing native plugins compatible for Editor in 1.50 ms, found 3 plugins.
Preloading 0 native plugins for Editor in 0.00 ms.
Unloading 4092 Unused Serialized files (Serialized files now loaded: 0)
Unloading 33 unused Assets / (2.9 MB). Loaded Objects now: 4993.
Memory consumption went from 176.9 MB to 174.0 MB.
Total: 4.873000 ms (FindLiveObjects: 0.362100 ms CreateObjectMapping: 0.342800 ms MarkObjects: 2.687400 ms  DeleteObjects: 1.479500 ms)

Prepare: number of updated asset objects reloaded= 0
AssetImportParameters requested are different than current active one (requested -> active):
  custom:container-demuxer-ogg: 62fdf1f143b41e24485cea50d1cbac27 -> 
  custom:video-codec-MediaFoundation-h265: 746d11721c4dcdbdad8f713fa42b33f4 -> 
  custom:video-decoder-ogg-theora: a1e56fd34408186e4bbccfd4996cb3dc -> 
  custom:framework-win-MediaFoundation: 216162199b28c13a410421893ffa2e32 -> 
  custom:CustomObjectIndexerAttribute: 756ad292c208cfabdd7b50bc23989ffe -> 
  custom:container-demuxer-webm: 4f35f7cbe854078d1ac9338744f61a02 -> 
  custom:container-muxer-webm: aa71ff27fc2769a1b78a27578f13a17b -> 
  custom:video-decoder-webm-vp8: 9c59270c3fd7afecdb556c50c9e8de78 -> 
  custom:AudioImporter_EditorPlatform: d09bf68614088b80899f8185d706f6e7 -> 
  custom:video-encoder-webm-vp8: eb34c28f22e8b96e1ab97ce403110664 -> 
  custom:audio-decoder-ogg-vorbis: bf7c407c2cedff20999df2af8eb42d56 -> 
  custom:audio-encoder-webm-vorbis: bf7c407c2cedff20999df2af8eb42d56 -> 
========================================================================
Received Prepare
Begin MonoManager ReloadAssembly
Symbol file LoadedFromMemory doesn't match image D:\P_Project\Unity\SandeeProject\SandeeProject\SandeeProject\Library\PackageCache\com.unity.visualscripting@1.8.0\Editor\VisualScripting.Core\Dependencies\YamlDotNet\Unity.VisualScripting.YamlDotNet.dll
Symbol file LoadedFromMemory doesn't match image D:\P_Project\Unity\SandeeProject\SandeeProject\SandeeProject\Library\PackageCache\com.unity.visualscripting@1.8.0\Editor\VisualScripting.Core\Dependencies\DotNetZip\Unity.VisualScripting.IonicZip.dll
- Loaded All Assemblies, in  0.773 seconds
Refreshing native plugins compatible for Editor in 2.88 ms, found 3 plugins.
Native extension for UWP target not found
Native extension for WindowsStandalone target not found
[Package Manager] Server::EnsureServerProcessIsRunning -- launch failed, reason: Unity was launched with the -noUpm command-line argument
[Package Manager] UpmClient::Send -- Unable to send message (not connected to UPM process).
[Package Manager] Cannot connect to Unity Package Manager local server
Mono: successfully reloaded assembly
- Finished resetting the current domain, in  0.785 seconds
Domain Reload Profiling: 1557ms
	BeginReloadAssembly (166ms)
		ExecutionOrderSort (0ms)
		DisableScriptedObjects (8ms)
		BackupInstance (0ms)
		ReleaseScriptingObjects (0ms)
		CreateAndSetChildDomain (48ms)
	RebuildCommonClasses (47ms)
	RebuildNativeTypeToScriptingClass (15ms)
	initialDomainReloadingComplete (31ms)
	LoadAllAssembliesAndSetupDomain (511ms)
		LoadAssemblies (250ms)
		RebuildTransferFunctionScriptingTraits (0ms)
		AnalyzeDomain (333ms)
			TypeCache.Refresh (322ms)
				TypeCache.ScanAssembly (306ms)
			ScanForSourceGeneratedMonoScriptInfo (0ms)
			ResolveRequiredComponents (11ms)
	FinalizeReload (785ms)
		ReleaseScriptCaches (0ms)
		RebuildScriptCaches (0ms)
		SetupLoadedEditorAssemblies (426ms)
			LogAssemblyErrors (0ms)
			InitializePlatformSupportModulesInManaged (5ms)
			SetLoadedEditorAssemblies (4ms)
			RefreshPlugins (0ms)
			BeforeProcessingInitializeOnLoad (73ms)
			ProcessInitializeOnLoadAttributes (315ms)
			ProcessInitializeOnLoadMethodAttributes (21ms)
			AfterProcessingInitializeOnLoad (7ms)
			EditorAssembliesLoaded (0ms)
		ExecutionOrderSort2 (0ms)
		AwakeInstancesAfterBackupRestoration (7ms)
Shader 'VRM10/Universal Render Pipeline/MToon10': fallback shader 'Hidden/Universal Render Pipeline/FallbackError' not found
Shader 'VRM10/Universal Render Pipeline/MToon10': fallback shader 'Hidden/Universal Render Pipeline/FallbackError' not found
Refreshing native plugins compatible for Editor in 2.30 ms, found 3 plugins.
Preloading 0 native plugins for Editor in 0.00 ms.
Unloading 4092 Unused Serialized files (Serialized files now loaded: 0)
Unloading 33 unused Assets / (2.9 MB). Loaded Objects now: 5008.
Memory consumption went from 176.9 MB to 174.0 MB.
Total: 7.026600 ms (FindLiveObjects: 0.509300 ms CreateObjectMapping: 0.760400 ms MarkObjects: 4.231000 ms  DeleteObjects: 1.524600 ms)

Prepare: number of updated asset objects reloaded= 0
AssetImportParameters requested are different than current active one (requested -> active):
  custom:container-demuxer-ogg: 62fdf1f143b41e24485cea50d1cbac27 -> 
  custom:video-codec-MediaFoundation-h265: 746d11721c4dcdbdad8f713fa42b33f4 -> 
  custom:video-decoder-ogg-theora: a1e56fd34408186e4bbccfd4996cb3dc -> 
  custom:framework-win-MediaFoundation: 216162199b28c13a410421893ffa2e32 -> 
  custom:CustomObjectIndexerAttribute: 756ad292c208cfabdd7b50bc23989ffe -> 
  custom:container-demuxer-webm: 4f35f7cbe854078d1ac9338744f61a02 -> 
  custom:container-muxer-webm: aa71ff27fc2769a1b78a27578f13a17b -> 
  custom:video-decoder-webm-vp8: 9c59270c3fd7afecdb556c50c9e8de78 -> 
  custom:AudioImporter_EditorPlatform: d09bf68614088b80899f8185d706f6e7 -> 
  custom:video-encoder-webm-vp8: eb34c28f22e8b96e1ab97ce403110664 -> 
  custom:audio-decoder-ogg-vorbis: bf7c407c2cedff20999df2af8eb42d56 -> 
  custom:audio-encoder-webm-vorbis: bf7c407c2cedff20999df2af8eb42d56 -> 
========================================================================
Received Prepare
Begin MonoManager ReloadAssembly
Symbol file LoadedFromMemory doesn't match image D:\P_Project\Unity\SandeeProject\SandeeProject\SandeeProject\Library\PackageCache\com.unity.visualscripting@1.8.0\Editor\VisualScripting.Core\Dependencies\YamlDotNet\Unity.VisualScripting.YamlDotNet.dll
Symbol file LoadedFromMemory doesn't match image D:\P_Project\Unity\SandeeProject\SandeeProject\SandeeProject\Library\PackageCache\com.unity.visualscripting@1.8.0\Editor\VisualScripting.Core\Dependencies\DotNetZip\Unity.VisualScripting.IonicZip.dll
- Loaded All Assemblies, in  0.732 seconds
Refreshing native plugins compatible for Editor in 1.47 ms, found 3 plugins.
Native extension for UWP target not found
Native extension for WindowsStandalone target not found
[Package Manager] Server::EnsureServerProcessIsRunning -- launch failed, reason: Unity was launched with the -noUpm command-line argument
[Package Manager] UpmClient::Send -- Unable to send message (not connected to UPM process).
[Package Manager] Cannot connect to Unity Package Manager local server
Mono: successfully reloaded assembly
- Finished resetting the current domain, in  0.819 seconds
Domain Reload Profiling: 1550ms
	BeginReloadAssembly (148ms)
		ExecutionOrderSort (0ms)
		DisableScriptedObjects (6ms)
		BackupInstance (0ms)
		ReleaseScriptingObjects (0ms)
		CreateAndSetChildDomain (47ms)
	RebuildCommonClasses (41ms)
	RebuildNativeTypeToScriptingClass (12ms)
	initialDomainReloadingComplete (36ms)
	LoadAllAssembliesAndSetupDomain (493ms)
		LoadAssemblies (232ms)
		RebuildTransferFunctionScriptingTraits (0ms)
		AnalyzeDomain (322ms)
			TypeCache.Refresh (315ms)
				TypeCache.ScanAssembly (303ms)
			ScanForSourceGeneratedMonoScriptInfo (0ms)
			ResolveRequiredComponents (7ms)
	FinalizeReload (820ms)
		ReleaseScriptCaches (0ms)
		RebuildScriptCaches (0ms)
		SetupLoadedEditorAssemblies (439ms)
			LogAssemblyErrors (0ms)
			InitializePlatformSupportModulesInManaged (6ms)
			SetLoadedEditorAssemblies (6ms)
			RefreshPlugins (0ms)
			BeforeProcessingInitializeOnLoad (71ms)
			ProcessInitializeOnLoadAttributes (334ms)
			ProcessInitializeOnLoadMethodAttributes (18ms)
			AfterProcessingInitializeOnLoad (5ms)
			EditorAssembliesLoaded (0ms)
		ExecutionOrderSort2 (0ms)
		AwakeInstancesAfterBackupRestoration (7ms)
Shader 'VRM10/Universal Render Pipeline/MToon10': fallback shader 'Hidden/Universal Render Pipeline/FallbackError' not found
Shader 'VRM10/Universal Render Pipeline/MToon10': fallback shader 'Hidden/Universal Render Pipeline/FallbackError' not found
Refreshing native plugins compatible for Editor in 2.28 ms, found 3 plugins.
Preloading 0 native plugins for Editor in 0.00 ms.
Unloading 4092 Unused Serialized files (Serialized files now loaded: 0)
Unloading 33 unused Assets / (2.9 MB). Loaded Objects now: 5023.
Memory consumption went from 176.9 MB to 174.0 MB.
Total: 5.568200 ms (FindLiveObjects: 0.444500 ms CreateObjectMapping: 0.387100 ms MarkObjects: 3.390400 ms  DeleteObjects: 1.344700 ms)

Prepare: number of updated asset objects reloaded= 0
AssetImportParameters requested are different than current active one (requested -> active):
  custom:container-demuxer-ogg: 62fdf1f143b41e24485cea50d1cbac27 -> 
  custom:video-codec-MediaFoundation-h265: 746d11721c4dcdbdad8f713fa42b33f4 -> 
  custom:video-decoder-ogg-theora: a1e56fd34408186e4bbccfd4996cb3dc -> 
  custom:framework-win-MediaFoundation: 216162199b28c13a410421893ffa2e32 -> 
  custom:CustomObjectIndexerAttribute: 756ad292c208cfabdd7b50bc23989ffe -> 
  custom:container-demuxer-webm: 4f35f7cbe854078d1ac9338744f61a02 -> 
  custom:container-muxer-webm: aa71ff27fc2769a1b78a27578f13a17b -> 
  custom:video-decoder-webm-vp8: 9c59270c3fd7afecdb556c50c9e8de78 -> 
  custom:AudioImporter_EditorPlatform: d09bf68614088b80899f8185d706f6e7 -> 
  custom:video-encoder-webm-vp8: eb34c28f22e8b96e1ab97ce403110664 -> 
  custom:audio-decoder-ogg-vorbis: bf7c407c2cedff20999df2af8eb42d56 -> 
  custom:audio-encoder-webm-vorbis: bf7c407c2cedff20999df2af8eb42d56 -> 
========================================================================
Received Prepare
Begin MonoManager ReloadAssembly
Symbol file LoadedFromMemory doesn't match image D:\P_Project\Unity\SandeeProject\SandeeProject\SandeeProject\Library\PackageCache\com.unity.visualscripting@1.8.0\Editor\VisualScripting.Core\Dependencies\YamlDotNet\Unity.VisualScripting.YamlDotNet.dll
Symbol file LoadedFromMemory doesn't match image D:\P_Project\Unity\SandeeProject\SandeeProject\SandeeProject\Library\PackageCache\com.unity.visualscripting@1.8.0\Editor\VisualScripting.Core\Dependencies\DotNetZip\Unity.VisualScripting.IonicZip.dll
- Loaded All Assemblies, in  0.811 seconds
Refreshing native plugins compatible for Editor in 1.63 ms, found 3 plugins.
Native extension for UWP target not found
Native extension for WindowsStandalone target not found
[Package Manager] Server::EnsureServerProcessIsRunning -- launch failed, reason: Unity was launched with the -noUpm command-line argument
[Package Manager] UpmClient::Send -- Unable to send message (not connected to UPM process).
[Package Manager] Cannot connect to Unity Package Manager local server
Mono: successfully reloaded assembly
- Finished resetting the current domain, in  0.834 seconds
Domain Reload Profiling: 1644ms
	BeginReloadAssembly (174ms)
		ExecutionOrderSort (0ms)
		DisableScriptedObjects (8ms)
		BackupInstance (0ms)
		ReleaseScriptingObjects (0ms)
		CreateAndSetChildDomain (47ms)
	RebuildCommonClasses (41ms)
	RebuildNativeTypeToScriptingClass (17ms)
	initialDomainReloadingComplete (35ms)
	LoadAllAssembliesAndSetupDomain (542ms)
		LoadAssemblies (273ms)
		RebuildTransferFunctionScriptingTraits (0ms)
		AnalyzeDomain (352ms)
			TypeCache.Refresh (344ms)
				TypeCache.ScanAssembly (331ms)
			ScanForSourceGeneratedMonoScriptInfo (0ms)
			ResolveRequiredComponents (7ms)
	FinalizeReload (835ms)
		ReleaseScriptCaches (0ms)
		RebuildScriptCaches (0ms)
		SetupLoadedEditorAssemblies (426ms)
			LogAssemblyErrors (0ms)
			InitializePlatformSupportModulesInManaged (6ms)
			SetLoadedEditorAssemblies (5ms)
			RefreshPlugins (0ms)
			BeforeProcessingInitializeOnLoad (69ms)
			ProcessInitializeOnLoadAttributes (317ms)
			ProcessInitializeOnLoadMethodAttributes (24ms)
			AfterProcessingInitializeOnLoad (5ms)
			EditorAssembliesLoaded (0ms)
		ExecutionOrderSort2 (0ms)
		AwakeInstancesAfterBackupRestoration (7ms)
Shader 'VRM10/Universal Render Pipeline/MToon10': fallback shader 'Hidden/Universal Render Pipeline/FallbackError' not found
Shader 'VRM10/Universal Render Pipeline/MToon10': fallback shader 'Hidden/Universal Render Pipeline/FallbackError' not found
Refreshing native plugins compatible for Editor in 2.06 ms, found 3 plugins.
Preloading 0 native plugins for Editor in 0.00 ms.
Unloading 4092 Unused Serialized files (Serialized files now loaded: 0)
Unloading 33 unused Assets / (2.9 MB). Loaded Objects now: 5038.
Memory consumption went from 176.9 MB to 174.0 MB.
Total: 6.603900 ms (FindLiveObjects: 0.497900 ms CreateObjectMapping: 0.429300 ms MarkObjects: 3.835500 ms  DeleteObjects: 1.839800 ms)

Prepare: number of updated asset objects reloaded= 0
AssetImportParameters requested are different than current active one (requested -> active):
  custom:container-demuxer-ogg: 62fdf1f143b41e24485cea50d1cbac27 -> 
  custom:video-codec-MediaFoundation-h265: 746d11721c4dcdbdad8f713fa42b33f4 -> 
  custom:video-decoder-ogg-theora: a1e56fd34408186e4bbccfd4996cb3dc -> 
  custom:framework-win-MediaFoundation: 216162199b28c13a410421893ffa2e32 -> 
  custom:CustomObjectIndexerAttribute: 756ad292c208cfabdd7b50bc23989ffe -> 
  custom:container-demuxer-webm: 4f35f7cbe854078d1ac9338744f61a02 -> 
  custom:container-muxer-webm: aa71ff27fc2769a1b78a27578f13a17b -> 
  custom:video-decoder-webm-vp8: 9c59270c3fd7afecdb556c50c9e8de78 -> 
  custom:AudioImporter_EditorPlatform: d09bf68614088b80899f8185d706f6e7 -> 
  custom:video-encoder-webm-vp8: eb34c28f22e8b96e1ab97ce403110664 -> 
  custom:audio-decoder-ogg-vorbis: bf7c407c2cedff20999df2af8eb42d56 -> 
  custom:audio-encoder-webm-vorbis: bf7c407c2cedff20999df2af8eb42d56 -> 
========================================================================
Received Prepare
Begin MonoManager ReloadAssembly
Symbol file LoadedFromMemory doesn't match image D:\P_Project\Unity\SandeeProject\SandeeProject\SandeeProject\Library\PackageCache\com.unity.visualscripting@1.8.0\Editor\VisualScripting.Core\Dependencies\YamlDotNet\Unity.VisualScripting.YamlDotNet.dll
Symbol file LoadedFromMemory doesn't match image D:\P_Project\Unity\SandeeProject\SandeeProject\SandeeProject\Library\PackageCache\com.unity.visualscripting@1.8.0\Editor\VisualScripting.Core\Dependencies\DotNetZip\Unity.VisualScripting.IonicZip.dll
- Loaded All Assemblies, in  0.882 seconds
Refreshing native plugins compatible for Editor in 2.42 ms, found 3 plugins.
Native extension for UWP target not found
Native extension for WindowsStandalone target not found
[Package Manager] Server::EnsureServerProcessIsRunning -- launch failed, reason: Unity was launched with the -noUpm command-line argument
[Package Manager] UpmClient::Send -- Unable to send message (not connected to UPM process).
[Package Manager] Cannot connect to Unity Package Manager local server
Mono: successfully reloaded assembly
- Finished resetting the current domain, in  0.785 seconds
Domain Reload Profiling: 1666ms
	BeginReloadAssembly (162ms)
		ExecutionOrderSort (0ms)
		DisableScriptedObjects (9ms)
		BackupInstance (0ms)
		ReleaseScriptingObjects (0ms)
		CreateAndSetChildDomain (44ms)
	RebuildCommonClasses (33ms)
	RebuildNativeTypeToScriptingClass (12ms)
	initialDomainReloadingComplete (32ms)
	LoadAllAssembliesAndSetupDomain (641ms)
		LoadAssemblies (265ms)
		RebuildTransferFunctionScriptingTraits (0ms)
		AnalyzeDomain (443ms)
			TypeCache.Refresh (427ms)
				TypeCache.ScanAssembly (411ms)
			ScanForSourceGeneratedMonoScriptInfo (3ms)
			ResolveRequiredComponents (13ms)
	FinalizeReload (785ms)
		ReleaseScriptCaches (0ms)
		RebuildScriptCaches (0ms)
		SetupLoadedEditorAssemblies (370ms)
			LogAssemblyErrors (0ms)
			InitializePlatformSupportModulesInManaged (6ms)
			SetLoadedEditorAssemblies (5ms)
			RefreshPlugins (0ms)
			BeforeProcessingInitializeOnLoad (64ms)
			ProcessInitializeOnLoadAttributes (275ms)
			ProcessInitializeOnLoadMethodAttributes (16ms)
			AfterProcessingInitializeOnLoad (5ms)
			EditorAssembliesLoaded (0ms)
		ExecutionOrderSort2 (0ms)
		AwakeInstancesAfterBackupRestoration (6ms)
Shader 'VRM10/Universal Render Pipeline/MToon10': fallback shader 'Hidden/Universal Render Pipeline/FallbackError' not found
Shader 'VRM10/Universal Render Pipeline/MToon10': fallback shader 'Hidden/Universal Render Pipeline/FallbackError' not found
Refreshing native plugins compatible for Editor in 2.24 ms, found 3 plugins.
Preloading 0 native plugins for Editor in 0.00 ms.
Unloading 4092 Unused Serialized files (Serialized files now loaded: 0)
Unloading 33 unused Assets / (2.9 MB). Loaded Objects now: 5053.
Memory consumption went from 176.9 MB to 174.0 MB.
Total: 4.196300 ms (FindLiveObjects: 0.371800 ms CreateObjectMapping: 0.354600 ms MarkObjects: 2.176700 ms  DeleteObjects: 1.292300 ms)

Prepare: number of updated asset objects reloaded= 0
AssetImportParameters requested are different than current active one (requested -> active):
  custom:container-demuxer-ogg: 62fdf1f143b41e24485cea50d1cbac27 -> 
  custom:video-codec-MediaFoundation-h265: 746d11721c4dcdbdad8f713fa42b33f4 -> 
  custom:video-decoder-ogg-theora: a1e56fd34408186e4bbccfd4996cb3dc -> 
  custom:framework-win-MediaFoundation: 216162199b28c13a410421893ffa2e32 -> 
  custom:CustomObjectIndexerAttribute: 756ad292c208cfabdd7b50bc23989ffe -> 
  custom:container-demuxer-webm: 4f35f7cbe854078d1ac9338744f61a02 -> 
  custom:container-muxer-webm: aa71ff27fc2769a1b78a27578f13a17b -> 
  custom:video-decoder-webm-vp8: 9c59270c3fd7afecdb556c50c9e8de78 -> 
  custom:AudioImporter_EditorPlatform: d09bf68614088b80899f8185d706f6e7 -> 
  custom:video-encoder-webm-vp8: eb34c28f22e8b96e1ab97ce403110664 -> 
  custom:audio-decoder-ogg-vorbis: bf7c407c2cedff20999df2af8eb42d56 -> 
  custom:audio-encoder-webm-vorbis: bf7c407c2cedff20999df2af8eb42d56 -> 
========================================================================
Received Prepare
Begin MonoManager ReloadAssembly
Symbol file LoadedFromMemory doesn't match image D:\P_Project\Unity\SandeeProject\SandeeProject\SandeeProject\Library\PackageCache\com.unity.visualscripting@1.8.0\Editor\VisualScripting.Core\Dependencies\YamlDotNet\Unity.VisualScripting.YamlDotNet.dll
Symbol file LoadedFromMemory doesn't match image D:\P_Project\Unity\SandeeProject\SandeeProject\SandeeProject\Library\PackageCache\com.unity.visualscripting@1.8.0\Editor\VisualScripting.Core\Dependencies\DotNetZip\Unity.VisualScripting.IonicZip.dll
- Loaded All Assemblies, in  0.765 seconds
Refreshing native plugins compatible for Editor in 1.47 ms, found 3 plugins.
Native extension for UWP target not found
Native extension for WindowsStandalone target not found
[Package Manager] Server::EnsureServerProcessIsRunning -- launch failed, reason: Unity was launched with the -noUpm command-line argument
[Package Manager] UpmClient::Send -- Unable to send message (not connected to UPM process).
[Package Manager] Cannot connect to Unity Package Manager local server
Mono: successfully reloaded assembly
- Finished resetting the current domain, in  0.797 seconds
Domain Reload Profiling: 1560ms
	BeginReloadAssembly (144ms)
		ExecutionOrderSort (0ms)
		DisableScriptedObjects (8ms)
		BackupInstance (0ms)
		ReleaseScriptingObjects (0ms)
		CreateAndSetChildDomain (42ms)
	RebuildCommonClasses (34ms)
	RebuildNativeTypeToScriptingClass (13ms)
	initialDomainReloadingComplete (26ms)
	LoadAllAssembliesAndSetupDomain (546ms)
		LoadAssemblies (243ms)
		RebuildTransferFunctionScriptingTraits (0ms)
		AnalyzeDomain (358ms)
			TypeCache.Refresh (352ms)
				TypeCache.ScanAssembly (340ms)
			ScanForSourceGeneratedMonoScriptInfo (0ms)
			ResolveRequiredComponents (7ms)
	FinalizeReload (797ms)
		ReleaseScriptCaches (0ms)
		RebuildScriptCaches (0ms)
		SetupLoadedEditorAssemblies (420ms)
			LogAssemblyErrors (0ms)
			InitializePlatformSupportModulesInManaged (6ms)
			SetLoadedEditorAssemblies (5ms)
			RefreshPlugins (0ms)
			BeforeProcessingInitializeOnLoad (73ms)
			ProcessInitializeOnLoadAttributes (311ms)
			ProcessInitializeOnLoadMethodAttributes (21ms)
			AfterProcessingInitializeOnLoad (5ms)
			EditorAssembliesLoaded (0ms)
		ExecutionOrderSort2 (0ms)
		AwakeInstancesAfterBackupRestoration (8ms)
Shader 'VRM10/Universal Render Pipeline/MToon10': fallback shader 'Hidden/Universal Render Pipeline/FallbackError' not found
Shader 'VRM10/Universal Render Pipeline/MToon10': fallback shader 'Hidden/Universal Render Pipeline/FallbackError' not found
Refreshing native plugins compatible for Editor in 1.73 ms, found 3 plugins.
Preloading 0 native plugins for Editor in 0.00 ms.
Unloading 4092 Unused Serialized files (Serialized files now loaded: 0)
Unloading 33 unused Assets / (2.9 MB). Loaded Objects now: 5068.
Memory consumption went from 176.9 MB to 174.0 MB.
Total: 4.417200 ms (FindLiveObjects: 0.375300 ms CreateObjectMapping: 0.351000 ms MarkObjects: 2.261700 ms  DeleteObjects: 1.428400 ms)

Prepare: number of updated asset objects reloaded= 0
AssetImportParameters requested are different than current active one (requested -> active):
  custom:container-demuxer-ogg: 62fdf1f143b41e24485cea50d1cbac27 -> 
  custom:video-codec-MediaFoundation-h265: 746d11721c4dcdbdad8f713fa42b33f4 -> 
  custom:video-decoder-ogg-theora: a1e56fd34408186e4bbccfd4996cb3dc -> 
  custom:framework-win-MediaFoundation: 216162199b28c13a410421893ffa2e32 -> 
  custom:CustomObjectIndexerAttribute: 756ad292c208cfabdd7b50bc23989ffe -> 
  custom:container-demuxer-webm: 4f35f7cbe854078d1ac9338744f61a02 -> 
  custom:container-muxer-webm: aa71ff27fc2769a1b78a27578f13a17b -> 
  custom:video-decoder-webm-vp8: 9c59270c3fd7afecdb556c50c9e8de78 -> 
  custom:AudioImporter_EditorPlatform: d09bf68614088b80899f8185d706f6e7 -> 
  custom:video-encoder-webm-vp8: eb34c28f22e8b96e1ab97ce403110664 -> 
  custom:audio-decoder-ogg-vorbis: bf7c407c2cedff20999df2af8eb42d56 -> 
  custom:audio-encoder-webm-vorbis: bf7c407c2cedff20999df2af8eb42d56 -> 
========================================================================
Received Prepare
Begin MonoManager ReloadAssembly
Symbol file LoadedFromMemory doesn't match image D:\P_Project\Unity\SandeeProject\SandeeProject\SandeeProject\Library\PackageCache\com.unity.visualscripting@1.8.0\Editor\VisualScripting.Core\Dependencies\YamlDotNet\Unity.VisualScripting.YamlDotNet.dll
Symbol file LoadedFromMemory doesn't match image D:\P_Project\Unity\SandeeProject\SandeeProject\SandeeProject\Library\PackageCache\com.unity.visualscripting@1.8.0\Editor\VisualScripting.Core\Dependencies\DotNetZip\Unity.VisualScripting.IonicZip.dll
- Loaded All Assemblies, in  0.820 seconds
Refreshing native plugins compatible for Editor in 2.52 ms, found 3 plugins.
Native extension for UWP target not found
Native extension for WindowsStandalone target not found
[Package Manager] Server::EnsureServerProcessIsRunning -- launch failed, reason: Unity was launched with the -noUpm command-line argument
[Package Manager] UpmClient::Send -- Unable to send message (not connected to UPM process).
[Package Manager] Cannot connect to Unity Package Manager local server
Mono: successfully reloaded assembly
- Finished resetting the current domain, in  0.773 seconds
Domain Reload Profiling: 1592ms
	BeginReloadAssembly (149ms)
		ExecutionOrderSort (0ms)
		DisableScriptedObjects (7ms)
		BackupInstance (0ms)
		ReleaseScriptingObjects (0ms)
		CreateAndSetChildDomain (46ms)
	RebuildCommonClasses (42ms)
	RebuildNativeTypeToScriptingClass (18ms)
	initialDomainReloadingComplete (31ms)
	LoadAllAssembliesAndSetupDomain (578ms)
		LoadAssemblies (243ms)
		RebuildTransferFunctionScriptingTraits (0ms)
		AnalyzeDomain (400ms)
			TypeCache.Refresh (384ms)
				TypeCache.ScanAssembly (365ms)
			ScanForSourceGeneratedMonoScriptInfo (4ms)
			ResolveRequiredComponents (12ms)
	FinalizeReload (773ms)
		ReleaseScriptCaches (0ms)
		RebuildScriptCaches (0ms)
		SetupLoadedEditorAssemblies (387ms)
			LogAssemblyErrors (0ms)
			InitializePlatformSupportModulesInManaged (6ms)
			SetLoadedEditorAssemblies (5ms)
			RefreshPlugins (0ms)
			BeforeProcessingInitializeOnLoad (65ms)
			ProcessInitializeOnLoadAttributes (288ms)
			ProcessInitializeOnLoadMethodAttributes (19ms)
			AfterProcessingInitializeOnLoad (5ms)
			EditorAssembliesLoaded (0ms)
		ExecutionOrderSort2 (0ms)
		AwakeInstancesAfterBackupRestoration (7ms)
Shader 'VRM10/Universal Render Pipeline/MToon10': fallback shader 'Hidden/Universal Render Pipeline/FallbackError' not found
Shader 'VRM10/Universal Render Pipeline/MToon10': fallback shader 'Hidden/Universal Render Pipeline/FallbackError' not found
Refreshing native plugins compatible for Editor in 1.56 ms, found 3 plugins.
Preloading 0 native plugins for Editor in 0.00 ms.
Unloading 4092 Unused Serialized files (Serialized files now loaded: 0)
Unloading 33 unused Assets / (2.9 MB). Loaded Objects now: 5083.
Memory consumption went from 177.0 MB to 174.0 MB.
Total: 4.639400 ms (FindLiveObjects: 0.397700 ms CreateObjectMapping: 0.408400 ms MarkObjects: 2.390600 ms  DeleteObjects: 1.441600 ms)

Prepare: number of updated asset objects reloaded= 0
AssetImportParameters requested are different than current active one (requested -> active):
  custom:container-demuxer-ogg: 62fdf1f143b41e24485cea50d1cbac27 -> 
  custom:video-codec-MediaFoundation-h265: 746d11721c4dcdbdad8f713fa42b33f4 -> 
  custom:video-decoder-ogg-theora: a1e56fd34408186e4bbccfd4996cb3dc -> 
  custom:framework-win-MediaFoundation: 216162199b28c13a410421893ffa2e32 -> 
  custom:CustomObjectIndexerAttribute: 756ad292c208cfabdd7b50bc23989ffe -> 
  custom:container-demuxer-webm: 4f35f7cbe854078d1ac9338744f61a02 -> 
  custom:container-muxer-webm: aa71ff27fc2769a1b78a27578f13a17b -> 
  custom:video-decoder-webm-vp8: 9c59270c3fd7afecdb556c50c9e8de78 -> 
  custom:AudioImporter_EditorPlatform: d09bf68614088b80899f8185d706f6e7 -> 
  custom:video-encoder-webm-vp8: eb34c28f22e8b96e1ab97ce403110664 -> 
  custom:audio-decoder-ogg-vorbis: bf7c407c2cedff20999df2af8eb42d56 -> 
  custom:audio-encoder-webm-vorbis: bf7c407c2cedff20999df2af8eb42d56 -> 
========================================================================
Received Prepare
Begin MonoManager ReloadAssembly
Symbol file LoadedFromMemory doesn't match image D:\P_Project\Unity\SandeeProject\SandeeProject\SandeeProject\Library\PackageCache\com.unity.visualscripting@1.8.0\Editor\VisualScripting.Core\Dependencies\YamlDotNet\Unity.VisualScripting.YamlDotNet.dll
Symbol file LoadedFromMemory doesn't match image D:\P_Project\Unity\SandeeProject\SandeeProject\SandeeProject\Library\PackageCache\com.unity.visualscripting@1.8.0\Editor\VisualScripting.Core\Dependencies\DotNetZip\Unity.VisualScripting.IonicZip.dll
- Loaded All Assemblies, in  0.736 seconds
Refreshing native plugins compatible for Editor in 1.48 ms, found 3 plugins.
Native extension for UWP target not found
Native extension for WindowsStandalone target not found
[Package Manager] Server::EnsureServerProcessIsRunning -- launch failed, reason: Unity was launched with the -noUpm command-line argument
[Package Manager] UpmClient::Send -- Unable to send message (not connected to UPM process).
[Package Manager] Cannot connect to Unity Package Manager local server
Mono: successfully reloaded assembly
- Finished resetting the current domain, in  0.780 seconds
Domain Reload Profiling: 1514ms
	BeginReloadAssembly (137ms)
		ExecutionOrderSort (0ms)
		DisableScriptedObjects (6ms)
		BackupInstance (0ms)
		ReleaseScriptingObjects (0ms)
		CreateAndSetChildDomain (36ms)
	RebuildCommonClasses (41ms)
	RebuildNativeTypeToScriptingClass (18ms)
	initialDomainReloadingComplete (29ms)
	LoadAllAssembliesAndSetupDomain (510ms)
		LoadAssemblies (233ms)
		RebuildTransferFunctionScriptingTraits (0ms)
		AnalyzeDomain (336ms)
			TypeCache.Refresh (329ms)
				TypeCache.ScanAssembly (315ms)
			ScanForSourceGeneratedMonoScriptInfo (0ms)
			ResolveRequiredComponents (7ms)
	FinalizeReload (780ms)
		ReleaseScriptCaches (0ms)
		RebuildScriptCaches (0ms)
		SetupLoadedEditorAssemblies (408ms)
			LogAssemblyErrors (0ms)
			InitializePlatformSupportModulesInManaged (5ms)
			SetLoadedEditorAssemblies (5ms)
			RefreshPlugins (0ms)
			BeforeProcessingInitializeOnLoad (68ms)
			ProcessInitializeOnLoadAttributes (307ms)
			ProcessInitializeOnLoadMethodAttributes (17ms)
			AfterProcessingInitializeOnLoad (5ms)
			EditorAssembliesLoaded (0ms)
		ExecutionOrderSort2 (0ms)
		AwakeInstancesAfterBackupRestoration (7ms)
Shader 'VRM10/Universal Render Pipeline/MToon10': fallback shader 'Hidden/Universal Render Pipeline/FallbackError' not found
Shader 'VRM10/Universal Render Pipeline/MToon10': fallback shader 'Hidden/Universal Render Pipeline/FallbackError' not found
Refreshing native plugins compatible for Editor in 2.23 ms, found 3 plugins.
Preloading 0 native plugins for Editor in 0.00 ms.
Unloading 4092 Unused Serialized files (Serialized files now loaded: 0)
Unloading 33 unused Assets / (2.9 MB). Loaded Objects now: 5098.
Memory consumption went from 177.0 MB to 174.0 MB.
Total: 4.165900 ms (FindLiveObjects: 0.372200 ms CreateObjectMapping: 0.330400 ms MarkObjects: 2.136200 ms  DeleteObjects: 1.326300 ms)

Prepare: number of updated asset objects reloaded= 0
AssetImportParameters requested are different than current active one (requested -> active):
  custom:container-demuxer-ogg: 62fdf1f143b41e24485cea50d1cbac27 -> 
  custom:video-codec-MediaFoundation-h265: 746d11721c4dcdbdad8f713fa42b33f4 -> 
  custom:video-decoder-ogg-theora: a1e56fd34408186e4bbccfd4996cb3dc -> 
  custom:framework-win-MediaFoundation: 216162199b28c13a410421893ffa2e32 -> 
  custom:CustomObjectIndexerAttribute: 756ad292c208cfabdd7b50bc23989ffe -> 
  custom:container-demuxer-webm: 4f35f7cbe854078d1ac9338744f61a02 -> 
  custom:container-muxer-webm: aa71ff27fc2769a1b78a27578f13a17b -> 
  custom:video-decoder-webm-vp8: 9c59270c3fd7afecdb556c50c9e8de78 -> 
  custom:AudioImporter_EditorPlatform: d09bf68614088b80899f8185d706f6e7 -> 
  custom:video-encoder-webm-vp8: eb34c28f22e8b96e1ab97ce403110664 -> 
  custom:audio-decoder-ogg-vorbis: bf7c407c2cedff20999df2af8eb42d56 -> 
  custom:audio-encoder-webm-vorbis: bf7c407c2cedff20999df2af8eb42d56 -> 
========================================================================
Received Prepare
Begin MonoManager ReloadAssembly
Symbol file LoadedFromMemory doesn't match image D:\P_Project\Unity\SandeeProject\SandeeProject\SandeeProject\Library\PackageCache\com.unity.visualscripting@1.8.0\Editor\VisualScripting.Core\Dependencies\YamlDotNet\Unity.VisualScripting.YamlDotNet.dll
Symbol file LoadedFromMemory doesn't match image D:\P_Project\Unity\SandeeProject\SandeeProject\SandeeProject\Library\PackageCache\com.unity.visualscripting@1.8.0\Editor\VisualScripting.Core\Dependencies\DotNetZip\Unity.VisualScripting.IonicZip.dll
- Loaded All Assemblies, in  0.800 seconds
Refreshing native plugins compatible for Editor in 2.17 ms, found 3 plugins.
Native extension for UWP target not found
Native extension for WindowsStandalone target not found
[Package Manager] Server::EnsureServerProcessIsRunning -- launch failed, reason: Unity was launched with the -noUpm command-line argument
[Package Manager] UpmClient::Send -- Unable to send message (not connected to UPM process).
[Package Manager] Cannot connect to Unity Package Manager local server
Mono: successfully reloaded assembly
- Finished resetting the current domain, in  0.995 seconds
Domain Reload Profiling: 1793ms
	BeginReloadAssembly (151ms)
		ExecutionOrderSort (0ms)
		DisableScriptedObjects (8ms)
		BackupInstance (0ms)
		ReleaseScriptingObjects (0ms)
		CreateAndSetChildDomain (37ms)
	RebuildCommonClasses (35ms)
	RebuildNativeTypeToScriptingClass (13ms)
	initialDomainReloadingComplete (32ms)
	LoadAllAssembliesAndSetupDomain (567ms)
		LoadAssemblies (275ms)
		RebuildTransferFunctionScriptingTraits (0ms)
		AnalyzeDomain (359ms)
			TypeCache.Refresh (348ms)
				TypeCache.ScanAssembly (333ms)
			ScanForSourceGeneratedMonoScriptInfo (3ms)
			ResolveRequiredComponents (8ms)
	FinalizeReload (995ms)
		ReleaseScriptCaches (0ms)
		RebuildScriptCaches (0ms)
		SetupLoadedEditorAssemblies (518ms)
			LogAssemblyErrors (0ms)
			InitializePlatformSupportModulesInManaged (6ms)
			SetLoadedEditorAssemblies (5ms)
			RefreshPlugins (0ms)
			BeforeProcessingInitializeOnLoad (75ms)
			ProcessInitializeOnLoadAttributes (384ms)
			ProcessInitializeOnLoadMethodAttributes (40ms)
			AfterProcessingInitializeOnLoad (8ms)
			EditorAssembliesLoaded (0ms)
		ExecutionOrderSort2 (0ms)
		AwakeInstancesAfterBackupRestoration (10ms)
Shader 'VRM10/Universal Render Pipeline/MToon10': fallback shader 'Hidden/Universal Render Pipeline/FallbackError' not found
Shader 'VRM10/Universal Render Pipeline/MToon10': fallback shader 'Hidden/Universal Render Pipeline/FallbackError' not found
Refreshing native plugins compatible for Editor in 2.28 ms, found 3 plugins.
Preloading 0 native plugins for Editor in 0.00 ms.
Unloading 4092 Unused Serialized files (Serialized files now loaded: 0)
Unloading 33 unused Assets / (2.9 MB). Loaded Objects now: 5113.
Memory consumption went from 177.0 MB to 174.0 MB.
Total: 5.174700 ms (FindLiveObjects: 0.401700 ms CreateObjectMapping: 0.351200 ms MarkObjects: 2.632000 ms  DeleteObjects: 1.788000 ms)

Prepare: number of updated asset objects reloaded= 0
AssetImportParameters requested are different than current active one (requested -> active):
  custom:container-demuxer-ogg: 62fdf1f143b41e24485cea50d1cbac27 -> 
  custom:video-codec-MediaFoundation-h265: 746d11721c4dcdbdad8f713fa42b33f4 -> 
  custom:video-decoder-ogg-theora: a1e56fd34408186e4bbccfd4996cb3dc -> 
  custom:framework-win-MediaFoundation: 216162199b28c13a410421893ffa2e32 -> 
  custom:CustomObjectIndexerAttribute: 756ad292c208cfabdd7b50bc23989ffe -> 
  custom:container-demuxer-webm: 4f35f7cbe854078d1ac9338744f61a02 -> 
  custom:container-muxer-webm: aa71ff27fc2769a1b78a27578f13a17b -> 
  custom:video-decoder-webm-vp8: 9c59270c3fd7afecdb556c50c9e8de78 -> 
  custom:AudioImporter_EditorPlatform: d09bf68614088b80899f8185d706f6e7 -> 
  custom:video-encoder-webm-vp8: eb34c28f22e8b96e1ab97ce403110664 -> 
  custom:audio-decoder-ogg-vorbis: bf7c407c2cedff20999df2af8eb42d56 -> 
  custom:audio-encoder-webm-vorbis: bf7c407c2cedff20999df2af8eb42d56 -> 
========================================================================
Received Prepare
Begin MonoManager ReloadAssembly
Symbol file LoadedFromMemory doesn't match image D:\P_Project\Unity\SandeeProject\SandeeProject\SandeeProject\Library\PackageCache\com.unity.visualscripting@1.8.0\Editor\VisualScripting.Core\Dependencies\YamlDotNet\Unity.VisualScripting.YamlDotNet.dll
Symbol file LoadedFromMemory doesn't match image D:\P_Project\Unity\SandeeProject\SandeeProject\SandeeProject\Library\PackageCache\com.unity.visualscripting@1.8.0\Editor\VisualScripting.Core\Dependencies\DotNetZip\Unity.VisualScripting.IonicZip.dll
- Loaded All Assemblies, in  0.840 seconds
Refreshing native plugins compatible for Editor in 1.57 ms, found 3 plugins.
Native extension for UWP target not found
Native extension for WindowsStandalone target not found
[Package Manager] Server::EnsureServerProcessIsRunning -- launch failed, reason: Unity was launched with the -noUpm command-line argument
[Package Manager] UpmClient::Send -- Unable to send message (not connected to UPM process).
[Package Manager] Cannot connect to Unity Package Manager local server
Mono: successfully reloaded assembly
- Finished resetting the current domain, in  0.843 seconds
Domain Reload Profiling: 1682ms
	BeginReloadAssembly (159ms)
		ExecutionOrderSort (0ms)
		DisableScriptedObjects (6ms)
		BackupInstance (0ms)
		ReleaseScriptingObjects (0ms)
		CreateAndSetChildDomain (42ms)
	RebuildCommonClasses (54ms)
	RebuildNativeTypeToScriptingClass (14ms)
	initialDomainReloadingComplete (34ms)
	LoadAllAssembliesAndSetupDomain (576ms)
		LoadAssemblies (256ms)
		RebuildTransferFunctionScriptingTraits (0ms)
		AnalyzeDomain (389ms)
			TypeCache.Refresh (381ms)
				TypeCache.ScanAssembly (367ms)
			ScanForSourceGeneratedMonoScriptInfo (0ms)
			ResolveRequiredComponents (8ms)
	FinalizeReload (844ms)
		ReleaseScriptCaches (0ms)
		RebuildScriptCaches (0ms)
		SetupLoadedEditorAssemblies (441ms)
			LogAssemblyErrors (0ms)
			InitializePlatformSupportModulesInManaged (6ms)
			SetLoadedEditorAssemblies (5ms)
			RefreshPlugins (0ms)
			BeforeProcessingInitializeOnLoad (75ms)
			ProcessInitializeOnLoadAttributes (324ms)
			ProcessInitializeOnLoadMethodAttributes (23ms)
			AfterProcessingInitializeOnLoad (8ms)
			EditorAssembliesLoaded (0ms)
		ExecutionOrderSort2 (0ms)
		AwakeInstancesAfterBackupRestoration (10ms)
Shader 'VRM10/Universal Render Pipeline/MToon10': fallback shader 'Hidden/Universal Render Pipeline/FallbackError' not found
Shader 'VRM10/Universal Render Pipeline/MToon10': fallback shader 'Hidden/Universal Render Pipeline/FallbackError' not found
Refreshing native plugins compatible for Editor in 1.62 ms, found 3 plugins.
Preloading 0 native plugins for Editor in 0.00 ms.
Unloading 4092 Unused Serialized files (Serialized files now loaded: 0)
Unloading 33 unused Assets / (2.9 MB). Loaded Objects now: 5128.
Memory consumption went from 177.0 MB to 174.1 MB.
Total: 6.378300 ms (FindLiveObjects: 0.391900 ms CreateObjectMapping: 0.343100 ms MarkObjects: 3.765600 ms  DeleteObjects: 1.876600 ms)

Prepare: number of updated asset objects reloaded= 0
AssetImportParameters requested are different than current active one (requested -> active):
  custom:container-demuxer-ogg: 62fdf1f143b41e24485cea50d1cbac27 -> 
  custom:video-codec-MediaFoundation-h265: 746d11721c4dcdbdad8f713fa42b33f4 -> 
  custom:video-decoder-ogg-theora: a1e56fd34408186e4bbccfd4996cb3dc -> 
  custom:framework-win-MediaFoundation: 216162199b28c13a410421893ffa2e32 -> 
  custom:CustomObjectIndexerAttribute: 756ad292c208cfabdd7b50bc23989ffe -> 
  custom:container-demuxer-webm: 4f35f7cbe854078d1ac9338744f61a02 -> 
  custom:container-muxer-webm: aa71ff27fc2769a1b78a27578f13a17b -> 
  custom:video-decoder-webm-vp8: 9c59270c3fd7afecdb556c50c9e8de78 -> 
  custom:AudioImporter_EditorPlatform: d09bf68614088b80899f8185d706f6e7 -> 
  custom:video-encoder-webm-vp8: eb34c28f22e8b96e1ab97ce403110664 -> 
  custom:audio-decoder-ogg-vorbis: bf7c407c2cedff20999df2af8eb42d56 -> 
  custom:audio-encoder-webm-vorbis: bf7c407c2cedff20999df2af8eb42d56 -> 
========================================================================
Received Prepare
Begin MonoManager ReloadAssembly
Symbol file LoadedFromMemory doesn't match image D:\P_Project\Unity\SandeeProject\SandeeProject\SandeeProject\Library\PackageCache\com.unity.visualscripting@1.8.0\Editor\VisualScripting.Core\Dependencies\YamlDotNet\Unity.VisualScripting.YamlDotNet.dll
Symbol file LoadedFromMemory doesn't match image D:\P_Project\Unity\SandeeProject\SandeeProject\SandeeProject\Library\PackageCache\com.unity.visualscripting@1.8.0\Editor\VisualScripting.Core\Dependencies\DotNetZip\Unity.VisualScripting.IonicZip.dll
- Loaded All Assemblies, in  0.762 seconds
Refreshing native plugins compatible for Editor in 1.39 ms, found 3 plugins.
Native extension for UWP target not found
Native extension for WindowsStandalone target not found
[Package Manager] Server::EnsureServerProcessIsRunning -- launch failed, reason: Unity was launched with the -noUpm command-line argument
[Package Manager] UpmClient::Send -- Unable to send message (not connected to UPM process).
[Package Manager] Cannot connect to Unity Package Manager local server
Mono: successfully reloaded assembly
- Finished resetting the current domain, in  0.833 seconds
Domain Reload Profiling: 1593ms
	BeginReloadAssembly (138ms)
		ExecutionOrderSort (0ms)
		DisableScriptedObjects (6ms)
		BackupInstance (0ms)
		ReleaseScriptingObjects (0ms)
		CreateAndSetChildDomain (37ms)
	RebuildCommonClasses (45ms)
	RebuildNativeTypeToScriptingClass (15ms)
	initialDomainReloadingComplete (33ms)
	LoadAllAssembliesAndSetupDomain (530ms)
		LoadAssemblies (249ms)
		RebuildTransferFunctionScriptingTraits (0ms)
		AnalyzeDomain (342ms)
			TypeCache.Refresh (332ms)
				TypeCache.ScanAssembly (315ms)
			ScanForSourceGeneratedMonoScriptInfo (0ms)
			ResolveRequiredComponents (10ms)
	FinalizeReload (833ms)
		ReleaseScriptCaches (0ms)
		RebuildScriptCaches (0ms)
		SetupLoadedEditorAssemblies (444ms)
			LogAssemblyErrors (0ms)
			InitializePlatformSupportModulesInManaged (5ms)
			SetLoadedEditorAssemblies (5ms)
			RefreshPlugins (0ms)
			BeforeProcessingInitializeOnLoad (72ms)
			ProcessInitializeOnLoadAttributes (336ms)
			ProcessInitializeOnLoadMethodAttributes (20ms)
			AfterProcessingInitializeOnLoad (5ms)
			EditorAssembliesLoaded (0ms)
		ExecutionOrderSort2 (0ms)
		AwakeInstancesAfterBackupRestoration (8ms)
Shader 'VRM10/Universal Render Pipeline/MToon10': fallback shader 'Hidden/Universal Render Pipeline/FallbackError' not found
Shader 'VRM10/Universal Render Pipeline/MToon10': fallback shader 'Hidden/Universal Render Pipeline/FallbackError' not found
Refreshing native plugins compatible for Editor in 2.40 ms, found 3 plugins.
Preloading 0 native plugins for Editor in 0.00 ms.
Unloading 4092 Unused Serialized files (Serialized files now loaded: 0)
Unloading 33 unused Assets / (2.9 MB). Loaded Objects now: 5143.
Memory consumption went from 177.0 MB to 174.1 MB.
Total: 5.469200 ms (FindLiveObjects: 0.405500 ms CreateObjectMapping: 0.354400 ms MarkObjects: 2.654100 ms  DeleteObjects: 2.053700 ms)

Prepare: number of updated asset objects reloaded= 0
AssetImportParameters requested are different than current active one (requested -> active):
  custom:container-demuxer-ogg: 62fdf1f143b41e24485cea50d1cbac27 -> 
  custom:video-codec-MediaFoundation-h265: 746d11721c4dcdbdad8f713fa42b33f4 -> 
  custom:video-decoder-ogg-theora: a1e56fd34408186e4bbccfd4996cb3dc -> 
  custom:framework-win-MediaFoundation: 216162199b28c13a410421893ffa2e32 -> 
  custom:CustomObjectIndexerAttribute: 756ad292c208cfabdd7b50bc23989ffe -> 
  custom:container-demuxer-webm: 4f35f7cbe854078d1ac9338744f61a02 -> 
  custom:container-muxer-webm: aa71ff27fc2769a1b78a27578f13a17b -> 
  custom:video-decoder-webm-vp8: 9c59270c3fd7afecdb556c50c9e8de78 -> 
  custom:AudioImporter_EditorPlatform: d09bf68614088b80899f8185d706f6e7 -> 
  custom:video-encoder-webm-vp8: eb34c28f22e8b96e1ab97ce403110664 -> 
  custom:audio-decoder-ogg-vorbis: bf7c407c2cedff20999df2af8eb42d56 -> 
  custom:audio-encoder-webm-vorbis: bf7c407c2cedff20999df2af8eb42d56 -> 
========================================================================
Received Prepare
Begin MonoManager ReloadAssembly
Symbol file LoadedFromMemory doesn't match image D:\P_Project\Unity\SandeeProject\SandeeProject\SandeeProject\Library\PackageCache\com.unity.visualscripting@1.8.0\Editor\VisualScripting.Core\Dependencies\YamlDotNet\Unity.VisualScripting.YamlDotNet.dll
Symbol file LoadedFromMemory doesn't match image D:\P_Project\Unity\SandeeProject\SandeeProject\SandeeProject\Library\PackageCache\com.unity.visualscripting@1.8.0\Editor\VisualScripting.Core\Dependencies\DotNetZip\Unity.VisualScripting.IonicZip.dll
- Loaded All Assemblies, in  0.755 seconds
Refreshing native plugins compatible for Editor in 1.55 ms, found 3 plugins.
Native extension for UWP target not found
Native extension for WindowsStandalone target not found
[Package Manager] Server::EnsureServerProcessIsRunning -- launch failed, reason: Unity was launched with the -noUpm command-line argument
[Package Manager] UpmClient::Send -- Unable to send message (not connected to UPM process).
[Package Manager] Cannot connect to Unity Package Manager local server
Mono: successfully reloaded assembly
- Finished resetting the current domain, in  0.801 seconds
Domain Reload Profiling: 1555ms
	BeginReloadAssembly (163ms)
		ExecutionOrderSort (0ms)
		DisableScriptedObjects (6ms)
		BackupInstance (0ms)
		ReleaseScriptingObjects (0ms)
		CreateAndSetChildDomain (48ms)
	RebuildCommonClasses (36ms)
	RebuildNativeTypeToScriptingClass (15ms)
	initialDomainReloadingComplete (26ms)
	LoadAllAssembliesAndSetupDomain (513ms)
		LoadAssemblies (254ms)
		RebuildTransferFunctionScriptingTraits (0ms)
		AnalyzeDomain (332ms)
			TypeCache.Refresh (319ms)
				TypeCache.ScanAssembly (304ms)
			ScanForSourceGeneratedMonoScriptInfo (3ms)
			ResolveRequiredComponents (10ms)
	FinalizeReload (802ms)
		ReleaseScriptCaches (0ms)
		RebuildScriptCaches (0ms)
		SetupLoadedEditorAssemblies (373ms)
			LogAssemblyErrors (0ms)
			InitializePlatformSupportModulesInManaged (7ms)
			SetLoadedEditorAssemblies (5ms)
			RefreshPlugins (0ms)
			BeforeProcessingInitializeOnLoad (61ms)
			ProcessInitializeOnLoadAttributes (276ms)
			ProcessInitializeOnLoadMethodAttributes (17ms)
			AfterProcessingInitializeOnLoad (6ms)
			EditorAssembliesLoaded (0ms)
		ExecutionOrderSort2 (0ms)
		AwakeInstancesAfterBackupRestoration (9ms)
Shader 'VRM10/Universal Render Pipeline/MToon10': fallback shader 'Hidden/Universal Render Pipeline/FallbackError' not found
Shader 'VRM10/Universal Render Pipeline/MToon10': fallback shader 'Hidden/Universal Render Pipeline/FallbackError' not found
Refreshing native plugins compatible for Editor in 2.05 ms, found 3 plugins.
Preloading 0 native plugins for Editor in 0.00 ms.
Unloading 4092 Unused Serialized files (Serialized files now loaded: 0)
Unloading 33 unused Assets / (2.9 MB). Loaded Objects now: 5158.
Memory consumption went from 177.0 MB to 174.1 MB.
Total: 4.185200 ms (FindLiveObjects: 0.393500 ms CreateObjectMapping: 0.328600 ms MarkObjects: 2.092900 ms  DeleteObjects: 1.369000 ms)

Prepare: number of updated asset objects reloaded= 0
AssetImportParameters requested are different than current active one (requested -> active):
  custom:container-demuxer-ogg: 62fdf1f143b41e24485cea50d1cbac27 -> 
  custom:video-codec-MediaFoundation-h265: 746d11721c4dcdbdad8f713fa42b33f4 -> 
  custom:video-decoder-ogg-theora: a1e56fd34408186e4bbccfd4996cb3dc -> 
  custom:framework-win-MediaFoundation: 216162199b28c13a410421893ffa2e32 -> 
  custom:CustomObjectIndexerAttribute: 756ad292c208cfabdd7b50bc23989ffe -> 
  custom:container-demuxer-webm: 4f35f7cbe854078d1ac9338744f61a02 -> 
  custom:container-muxer-webm: aa71ff27fc2769a1b78a27578f13a17b -> 
  custom:video-decoder-webm-vp8: 9c59270c3fd7afecdb556c50c9e8de78 -> 
  custom:AudioImporter_EditorPlatform: d09bf68614088b80899f8185d706f6e7 -> 
  custom:video-encoder-webm-vp8: eb34c28f22e8b96e1ab97ce403110664 -> 
  custom:audio-decoder-ogg-vorbis: bf7c407c2cedff20999df2af8eb42d56 -> 
  custom:audio-encoder-webm-vorbis: bf7c407c2cedff20999df2af8eb42d56 -> 
========================================================================
Received Prepare
Begin MonoManager ReloadAssembly
Symbol file LoadedFromMemory doesn't match image D:\P_Project\Unity\SandeeProject\SandeeProject\SandeeProject\Library\PackageCache\com.unity.visualscripting@1.8.0\Editor\VisualScripting.Core\Dependencies\YamlDotNet\Unity.VisualScripting.YamlDotNet.dll
Symbol file LoadedFromMemory doesn't match image D:\P_Project\Unity\SandeeProject\SandeeProject\SandeeProject\Library\PackageCache\com.unity.visualscripting@1.8.0\Editor\VisualScripting.Core\Dependencies\DotNetZip\Unity.VisualScripting.IonicZip.dll
- Loaded All Assemblies, in  0.705 seconds
Refreshing native plugins compatible for Editor in 1.54 ms, found 3 plugins.
Native extension for UWP target not found
Native extension for WindowsStandalone target not found
[Package Manager] Server::EnsureServerProcessIsRunning -- launch failed, reason: Unity was launched with the -noUpm command-line argument
[Package Manager] UpmClient::Send -- Unable to send message (not connected to UPM process).
[Package Manager] Cannot connect to Unity Package Manager local server
Mono: successfully reloaded assembly
- Finished resetting the current domain, in  0.767 seconds
Domain Reload Profiling: 1471ms
	BeginReloadAssembly (132ms)
		ExecutionOrderSort (0ms)
		DisableScriptedObjects (5ms)
		BackupInstance (0ms)
		ReleaseScriptingObjects (0ms)
		CreateAndSetChildDomain (34ms)
	RebuildCommonClasses (33ms)
	RebuildNativeTypeToScriptingClass (11ms)
	initialDomainReloadingComplete (31ms)
	LoadAllAssembliesAndSetupDomain (497ms)
		LoadAssemblies (224ms)
		RebuildTransferFunctionScriptingTraits (0ms)
		AnalyzeDomain (330ms)
			TypeCache.Refresh (323ms)
				TypeCache.ScanAssembly (310ms)
			ScanForSourceGeneratedMonoScriptInfo (0ms)
			ResolveRequiredComponents (7ms)
	FinalizeReload (767ms)
		ReleaseScriptCaches (0ms)
		RebuildScriptCaches (0ms)
		SetupLoadedEditorAssemblies (394ms)
			LogAssemblyErrors (0ms)
			InitializePlatformSupportModulesInManaged (5ms)
			SetLoadedEditorAssemblies (5ms)
			RefreshPlugins (0ms)
			BeforeProcessingInitializeOnLoad (74ms)
			ProcessInitializeOnLoadAttributes (285ms)
			ProcessInitializeOnLoadMethodAttributes (20ms)
			AfterProcessingInitializeOnLoad (5ms)
			EditorAssembliesLoaded (0ms)
		ExecutionOrderSort2 (0ms)
		AwakeInstancesAfterBackupRestoration (7ms)
Shader 'VRM10/Universal Render Pipeline/MToon10': fallback shader 'Hidden/Universal Render Pipeline/FallbackError' not found
Shader 'VRM10/Universal Render Pipeline/MToon10': fallback shader 'Hidden/Universal Render Pipeline/FallbackError' not found
Refreshing native plugins compatible for Editor in 2.28 ms, found 3 plugins.
Preloading 0 native plugins for Editor in 0.00 ms.
Unloading 4092 Unused Serialized files (Serialized files now loaded: 0)
Unloading 33 unused Assets / (2.9 MB). Loaded Objects now: 5173.
Memory consumption went from 177.0 MB to 174.1 MB.
Total: 8.343400 ms (FindLiveObjects: 0.629400 ms CreateObjectMapping: 1.018500 ms MarkObjects: 4.571900 ms  DeleteObjects: 2.121500 ms)

Prepare: number of updated asset objects reloaded= 0
AssetImportParameters requested are different than current active one (requested -> active):
  custom:container-demuxer-ogg: 62fdf1f143b41e24485cea50d1cbac27 -> 
  custom:video-codec-MediaFoundation-h265: 746d11721c4dcdbdad8f713fa42b33f4 -> 
  custom:video-decoder-ogg-theora: a1e56fd34408186e4bbccfd4996cb3dc -> 
  custom:framework-win-MediaFoundation: 216162199b28c13a410421893ffa2e32 -> 
  custom:CustomObjectIndexerAttribute: 756ad292c208cfabdd7b50bc23989ffe -> 
  custom:container-demuxer-webm: 4f35f7cbe854078d1ac9338744f61a02 -> 
  custom:container-muxer-webm: aa71ff27fc2769a1b78a27578f13a17b -> 
  custom:video-decoder-webm-vp8: 9c59270c3fd7afecdb556c50c9e8de78 -> 
  custom:AudioImporter_EditorPlatform: d09bf68614088b80899f8185d706f6e7 -> 
  custom:video-encoder-webm-vp8: eb34c28f22e8b96e1ab97ce403110664 -> 
  custom:audio-decoder-ogg-vorbis: bf7c407c2cedff20999df2af8eb42d56 -> 
  custom:audio-encoder-webm-vorbis: bf7c407c2cedff20999df2af8eb42d56 -> 
========================================================================
Received Prepare
Begin MonoManager ReloadAssembly
Symbol file LoadedFromMemory doesn't match image D:\P_Project\Unity\SandeeProject\SandeeProject\SandeeProject\Library\PackageCache\com.unity.visualscripting@1.8.0\Editor\VisualScripting.Core\Dependencies\YamlDotNet\Unity.VisualScripting.YamlDotNet.dll
Symbol file LoadedFromMemory doesn't match image D:\P_Project\Unity\SandeeProject\SandeeProject\SandeeProject\Library\PackageCache\com.unity.visualscripting@1.8.0\Editor\VisualScripting.Core\Dependencies\DotNetZip\Unity.VisualScripting.IonicZip.dll
- Loaded All Assemblies, in  0.722 seconds
Refreshing native plugins compatible for Editor in 1.43 ms, found 3 plugins.
Native extension for UWP target not found
Native extension for WindowsStandalone target not found
[Package Manager] Server::EnsureServerProcessIsRunning -- launch failed, reason: Unity was launched with the -noUpm command-line argument
[Package Manager] UpmClient::Send -- Unable to send message (not connected to UPM process).
[Package Manager] Cannot connect to Unity Package Manager local server
Mono: successfully reloaded assembly
- Finished resetting the current domain, in  0.785 seconds
Domain Reload Profiling: 1505ms
	BeginReloadAssembly (143ms)
		ExecutionOrderSort (0ms)
		DisableScriptedObjects (7ms)
		BackupInstance (0ms)
		ReleaseScriptingObjects (0ms)
		CreateAndSetChildDomain (42ms)
	RebuildCommonClasses (41ms)
	RebuildNativeTypeToScriptingClass (15ms)
	initialDomainReloadingComplete (25ms)
	LoadAllAssembliesAndSetupDomain (497ms)
		LoadAssemblies (242ms)
		RebuildTransferFunctionScriptingTraits (0ms)
		AnalyzeDomain (312ms)
			TypeCache.Refresh (305ms)
				TypeCache.ScanAssembly (291ms)
			ScanForSourceGeneratedMonoScriptInfo (0ms)
			ResolveRequiredComponents (6ms)
	FinalizeReload (785ms)
		ReleaseScriptCaches (0ms)
		RebuildScriptCaches (0ms)
		SetupLoadedEditorAssemblies (400ms)
			LogAssemblyErrors (0ms)
			InitializePlatformSupportModulesInManaged (6ms)
			SetLoadedEditorAssemblies (5ms)
			RefreshPlugins (0ms)
			BeforeProcessingInitializeOnLoad (68ms)
			ProcessInitializeOnLoadAttributes (299ms)
			ProcessInitializeOnLoadMethodAttributes (16ms)
			AfterProcessingInitializeOnLoad (4ms)
			EditorAssembliesLoaded (0ms)
		ExecutionOrderSort2 (0ms)
		AwakeInstancesAfterBackupRestoration (7ms)
Shader 'VRM10/Universal Render Pipeline/MToon10': fallback shader 'Hidden/Universal Render Pipeline/FallbackError' not found
Shader 'VRM10/Universal Render Pipeline/MToon10': fallback shader 'Hidden/Universal Render Pipeline/FallbackError' not found
Refreshing native plugins compatible for Editor in 1.46 ms, found 3 plugins.
Preloading 0 native plugins for Editor in 0.00 ms.
Unloading 4092 Unused Serialized files (Serialized files now loaded: 0)
Unloading 33 unused Assets / (2.9 MB). Loaded Objects now: 5188.
Memory consumption went from 177.0 MB to 174.1 MB.
Total: 4.195500 ms (FindLiveObjects: 0.359900 ms CreateObjectMapping: 0.325400 ms MarkObjects: 2.051700 ms  DeleteObjects: 1.457600 ms)

Prepare: number of updated asset objects reloaded= 0
AssetImportParameters requested are different than current active one (requested -> active):
  custom:container-demuxer-ogg: 62fdf1f143b41e24485cea50d1cbac27 -> 
  custom:video-codec-MediaFoundation-h265: 746d11721c4dcdbdad8f713fa42b33f4 -> 
  custom:video-decoder-ogg-theora: a1e56fd34408186e4bbccfd4996cb3dc -> 
  custom:framework-win-MediaFoundation: 216162199b28c13a410421893ffa2e32 -> 
  custom:CustomObjectIndexerAttribute: 756ad292c208cfabdd7b50bc23989ffe -> 
  custom:container-demuxer-webm: 4f35f7cbe854078d1ac9338744f61a02 -> 
  custom:container-muxer-webm: aa71ff27fc2769a1b78a27578f13a17b -> 
  custom:video-decoder-webm-vp8: 9c59270c3fd7afecdb556c50c9e8de78 -> 
  custom:AudioImporter_EditorPlatform: d09bf68614088b80899f8185d706f6e7 -> 
  custom:video-encoder-webm-vp8: eb34c28f22e8b96e1ab97ce403110664 -> 
  custom:audio-decoder-ogg-vorbis: bf7c407c2cedff20999df2af8eb42d56 -> 
  custom:audio-encoder-webm-vorbis: bf7c407c2cedff20999df2af8eb42d56 -> 
========================================================================
Received Prepare
Begin MonoManager ReloadAssembly
Symbol file LoadedFromMemory doesn't match image D:\P_Project\Unity\SandeeProject\SandeeProject\SandeeProject\Library\PackageCache\com.unity.visualscripting@1.8.0\Editor\VisualScripting.Core\Dependencies\YamlDotNet\Unity.VisualScripting.YamlDotNet.dll
Symbol file LoadedFromMemory doesn't match image D:\P_Project\Unity\SandeeProject\SandeeProject\SandeeProject\Library\PackageCache\com.unity.visualscripting@1.8.0\Editor\VisualScripting.Core\Dependencies\DotNetZip\Unity.VisualScripting.IonicZip.dll
- Loaded All Assemblies, in  0.801 seconds
Refreshing native plugins compatible for Editor in 1.44 ms, found 3 plugins.
Native extension for UWP target not found
Native extension for WindowsStandalone target not found
[Package Manager] Server::EnsureServerProcessIsRunning -- launch failed, reason: Unity was launched with the -noUpm command-line argument
[Package Manager] UpmClient::Send -- Unable to send message (not connected to UPM process).
[Package Manager] Cannot connect to Unity Package Manager local server
Mono: successfully reloaded assembly
- Finished resetting the current domain, in  0.873 seconds
Domain Reload Profiling: 1673ms
	BeginReloadAssembly (163ms)
		ExecutionOrderSort (0ms)
		DisableScriptedObjects (6ms)
		BackupInstance (0ms)
		ReleaseScriptingObjects (0ms)
		CreateAndSetChildDomain (45ms)
	RebuildCommonClasses (38ms)
	RebuildNativeTypeToScriptingClass (19ms)
	initialDomainReloadingComplete (28ms)
	LoadAllAssembliesAndSetupDomain (551ms)
		LoadAssemblies (254ms)
		RebuildTransferFunctionScriptingTraits (0ms)
		AnalyzeDomain (371ms)
			TypeCache.Refresh (364ms)
				TypeCache.ScanAssembly (350ms)
			ScanForSourceGeneratedMonoScriptInfo (0ms)
			ResolveRequiredComponents (7ms)
	FinalizeReload (874ms)
		ReleaseScriptCaches (0ms)
		RebuildScriptCaches (0ms)
		SetupLoadedEditorAssemblies (433ms)
			LogAssemblyErrors (0ms)
			InitializePlatformSupportModulesInManaged (6ms)
			SetLoadedEditorAssemblies (5ms)
			RefreshPlugins (0ms)
			BeforeProcessingInitializeOnLoad (64ms)
			ProcessInitializeOnLoadAttributes (327ms)
			ProcessInitializeOnLoadMethodAttributes (24ms)
			AfterProcessingInitializeOnLoad (6ms)
			EditorAssembliesLoaded (0ms)
		ExecutionOrderSort2 (0ms)
		AwakeInstancesAfterBackupRestoration (9ms)
Shader 'VRM10/Universal Render Pipeline/MToon10': fallback shader 'Hidden/Universal Render Pipeline/FallbackError' not found
Shader 'VRM10/Universal Render Pipeline/MToon10': fallback shader 'Hidden/Universal Render Pipeline/FallbackError' not found
Refreshing native plugins compatible for Editor in 2.01 ms, found 3 plugins.
Preloading 0 native plugins for Editor in 0.00 ms.
Unloading 4092 Unused Serialized files (Serialized files now loaded: 0)
Unloading 33 unused Assets / (2.9 MB). Loaded Objects now: 5203.
Memory consumption went from 177.0 MB to 174.1 MB.
Total: 5.230900 ms (FindLiveObjects: 0.435600 ms CreateObjectMapping: 0.355200 ms MarkObjects: 2.975800 ms  DeleteObjects: 1.463400 ms)

Prepare: number of updated asset objects reloaded= 0
AssetImportParameters requested are different than current active one (requested -> active):
  custom:container-demuxer-ogg: 62fdf1f143b41e24485cea50d1cbac27 -> 
  custom:video-codec-MediaFoundation-h265: 746d11721c4dcdbdad8f713fa42b33f4 -> 
  custom:video-decoder-ogg-theora: a1e56fd34408186e4bbccfd4996cb3dc -> 
  custom:framework-win-MediaFoundation: 216162199b28c13a410421893ffa2e32 -> 
  custom:CustomObjectIndexerAttribute: 756ad292c208cfabdd7b50bc23989ffe -> 
  custom:container-demuxer-webm: 4f35f7cbe854078d1ac9338744f61a02 -> 
  custom:container-muxer-webm: aa71ff27fc2769a1b78a27578f13a17b -> 
  custom:video-decoder-webm-vp8: 9c59270c3fd7afecdb556c50c9e8de78 -> 
  custom:AudioImporter_EditorPlatform: d09bf68614088b80899f8185d706f6e7 -> 
  custom:video-encoder-webm-vp8: eb34c28f22e8b96e1ab97ce403110664 -> 
  custom:audio-decoder-ogg-vorbis: bf7c407c2cedff20999df2af8eb42d56 -> 
  custom:audio-encoder-webm-vorbis: bf7c407c2cedff20999df2af8eb42d56 -> 
========================================================================
Received Prepare
Begin MonoManager ReloadAssembly
Symbol file LoadedFromMemory doesn't match image D:\P_Project\Unity\SandeeProject\SandeeProject\SandeeProject\Library\PackageCache\com.unity.visualscripting@1.8.0\Editor\VisualScripting.Core\Dependencies\YamlDotNet\Unity.VisualScripting.YamlDotNet.dll
Symbol file LoadedFromMemory doesn't match image D:\P_Project\Unity\SandeeProject\SandeeProject\SandeeProject\Library\PackageCache\com.unity.visualscripting@1.8.0\Editor\VisualScripting.Core\Dependencies\DotNetZip\Unity.VisualScripting.IonicZip.dll
- Loaded All Assemblies, in  0.762 seconds
Refreshing native plugins compatible for Editor in 1.37 ms, found 3 plugins.
Native extension for UWP target not found
Native extension for WindowsStandalone target not found
[Package Manager] Server::EnsureServerProcessIsRunning -- launch failed, reason: Unity was launched with the -noUpm command-line argument
[Package Manager] UpmClient::Send -- Unable to send message (not connected to UPM process).
[Package Manager] Cannot connect to Unity Package Manager local server
Mono: successfully reloaded assembly
- Finished resetting the current domain, in  0.810 seconds
Domain Reload Profiling: 1571ms
	BeginReloadAssembly (139ms)
		ExecutionOrderSort (0ms)
		DisableScriptedObjects (5ms)
		BackupInstance (0ms)
		ReleaseScriptingObjects (0ms)
		CreateAndSetChildDomain (36ms)
	RebuildCommonClasses (37ms)
	RebuildNativeTypeToScriptingClass (12ms)
	initialDomainReloadingComplete (27ms)
	LoadAllAssembliesAndSetupDomain (545ms)
		LoadAssemblies (247ms)
		RebuildTransferFunctionScriptingTraits (0ms)
		AnalyzeDomain (359ms)
			TypeCache.Refresh (353ms)
				TypeCache.ScanAssembly (342ms)
			ScanForSourceGeneratedMonoScriptInfo (0ms)
			ResolveRequiredComponents (7ms)
	FinalizeReload (810ms)
		ReleaseScriptCaches (0ms)
		RebuildScriptCaches (0ms)
		SetupLoadedEditorAssemblies (430ms)
			LogAssemblyErrors (0ms)
			InitializePlatformSupportModulesInManaged (7ms)
			SetLoadedEditorAssemblies (5ms)
			RefreshPlugins (0ms)
			BeforeProcessingInitializeOnLoad (72ms)
			ProcessInitializeOnLoadAttributes (318ms)
			ProcessInitializeOnLoadMethodAttributes (22ms)
			AfterProcessingInitializeOnLoad (6ms)
			EditorAssembliesLoaded (0ms)
		ExecutionOrderSort2 (0ms)
		AwakeInstancesAfterBackupRestoration (7ms)
Shader 'VRM10/Universal Render Pipeline/MToon10': fallback shader 'Hidden/Universal Render Pipeline/FallbackError' not found
Shader 'VRM10/Universal Render Pipeline/MToon10': fallback shader 'Hidden/Universal Render Pipeline/FallbackError' not found
Refreshing native plugins compatible for Editor in 1.53 ms, found 3 plugins.
Preloading 0 native plugins for Editor in 0.00 ms.
Unloading 4092 Unused Serialized files (Serialized files now loaded: 0)
Unloading 33 unused Assets / (2.9 MB). Loaded Objects now: 5218.
Memory consumption went from 177.0 MB to 174.1 MB.
Total: 4.246500 ms (FindLiveObjects: 0.375200 ms CreateObjectMapping: 0.313000 ms MarkObjects: 2.244500 ms  DeleteObjects: 1.312900 ms)

Prepare: number of updated asset objects reloaded= 0
AssetImportParameters requested are different than current active one (requested -> active):
  custom:container-demuxer-ogg: 62fdf1f143b41e24485cea50d1cbac27 -> 
  custom:video-codec-MediaFoundation-h265: 746d11721c4dcdbdad8f713fa42b33f4 -> 
  custom:video-decoder-ogg-theora: a1e56fd34408186e4bbccfd4996cb3dc -> 
  custom:framework-win-MediaFoundation: 216162199b28c13a410421893ffa2e32 -> 
  custom:CustomObjectIndexerAttribute: 756ad292c208cfabdd7b50bc23989ffe -> 
  custom:container-demuxer-webm: 4f35f7cbe854078d1ac9338744f61a02 -> 
  custom:container-muxer-webm: aa71ff27fc2769a1b78a27578f13a17b -> 
  custom:video-decoder-webm-vp8: 9c59270c3fd7afecdb556c50c9e8de78 -> 
  custom:AudioImporter_EditorPlatform: d09bf68614088b80899f8185d706f6e7 -> 
  custom:video-encoder-webm-vp8: eb34c28f22e8b96e1ab97ce403110664 -> 
  custom:audio-decoder-ogg-vorbis: bf7c407c2cedff20999df2af8eb42d56 -> 
  custom:audio-encoder-webm-vorbis: bf7c407c2cedff20999df2af8eb42d56 -> 
========================================================================
Received Prepare
Begin MonoManager ReloadAssembly
Symbol file LoadedFromMemory doesn't match image D:\P_Project\Unity\SandeeProject\SandeeProject\SandeeProject\Library\PackageCache\com.unity.visualscripting@1.8.0\Editor\VisualScripting.Core\Dependencies\YamlDotNet\Unity.VisualScripting.YamlDotNet.dll
Symbol file LoadedFromMemory doesn't match image D:\P_Project\Unity\SandeeProject\SandeeProject\SandeeProject\Library\PackageCache\com.unity.visualscripting@1.8.0\Editor\VisualScripting.Core\Dependencies\DotNetZip\Unity.VisualScripting.IonicZip.dll
- Loaded All Assemblies, in  0.712 seconds
Refreshing native plugins compatible for Editor in 1.42 ms, found 3 plugins.
Native extension for UWP target not found
Native extension for WindowsStandalone target not found
[Package Manager] Server::EnsureServerProcessIsRunning -- launch failed, reason: Unity was launched with the -noUpm command-line argument
[Package Manager] UpmClient::Send -- Unable to send message (not connected to UPM process).
[Package Manager] Cannot connect to Unity Package Manager local server
Mono: successfully reloaded assembly
- Finished resetting the current domain, in  0.778 seconds
Domain Reload Profiling: 1490ms
	BeginReloadAssembly (140ms)
		ExecutionOrderSort (0ms)
		DisableScriptedObjects (5ms)
		BackupInstance (0ms)
		ReleaseScriptingObjects (0ms)
		CreateAndSetChildDomain (43ms)
	RebuildCommonClasses (40ms)
	RebuildNativeTypeToScriptingClass (11ms)
	initialDomainReloadingComplete (31ms)
	LoadAllAssembliesAndSetupDomain (488ms)
		LoadAssemblies (230ms)
		RebuildTransferFunctionScriptingTraits (0ms)
		AnalyzeDomain (316ms)
			TypeCache.Refresh (307ms)
				TypeCache.ScanAssembly (293ms)
			ScanForSourceGeneratedMonoScriptInfo (0ms)
			ResolveRequiredComponents (9ms)
	FinalizeReload (779ms)
		ReleaseScriptCaches (0ms)
		RebuildScriptCaches (0ms)
		SetupLoadedEditorAssemblies (425ms)
			LogAssemblyErrors (0ms)
			InitializePlatformSupportModulesInManaged (8ms)
			SetLoadedEditorAssemblies (6ms)
			RefreshPlugins (0ms)
			BeforeProcessingInitializeOnLoad (70ms)
			ProcessInitializeOnLoadAttributes (314ms)
			ProcessInitializeOnLoadMethodAttributes (22ms)
			AfterProcessingInitializeOnLoad (4ms)
			EditorAssembliesLoaded (0ms)
		ExecutionOrderSort2 (0ms)
		AwakeInstancesAfterBackupRestoration (6ms)
Shader 'VRM10/Universal Render Pipeline/MToon10': fallback shader 'Hidden/Universal Render Pipeline/FallbackError' not found
Shader 'VRM10/Universal Render Pipeline/MToon10': fallback shader 'Hidden/Universal Render Pipeline/FallbackError' not found
Refreshing native plugins compatible for Editor in 2.25 ms, found 3 plugins.
Preloading 0 native plugins for Editor in 0.00 ms.
Unloading 4092 Unused Serialized files (Serialized files now loaded: 0)
Unloading 33 unused Assets / (2.9 MB). Loaded Objects now: 5233.
Memory consumption went from 177.1 MB to 174.1 MB.
Total: 4.630400 ms (FindLiveObjects: 0.380100 ms CreateObjectMapping: 0.370100 ms MarkObjects: 2.295000 ms  DeleteObjects: 1.584400 ms)

Prepare: number of updated asset objects reloaded= 0
AssetImportParameters requested are different than current active one (requested -> active):
  custom:container-demuxer-ogg: 62fdf1f143b41e24485cea50d1cbac27 -> 
  custom:video-codec-MediaFoundation-h265: 746d11721c4dcdbdad8f713fa42b33f4 -> 
  custom:video-decoder-ogg-theora: a1e56fd34408186e4bbccfd4996cb3dc -> 
  custom:framework-win-MediaFoundation: 216162199b28c13a410421893ffa2e32 -> 
  custom:CustomObjectIndexerAttribute: 756ad292c208cfabdd7b50bc23989ffe -> 
  custom:container-demuxer-webm: 4f35f7cbe854078d1ac9338744f61a02 -> 
  custom:container-muxer-webm: aa71ff27fc2769a1b78a27578f13a17b -> 
  custom:video-decoder-webm-vp8: 9c59270c3fd7afecdb556c50c9e8de78 -> 
  custom:AudioImporter_EditorPlatform: d09bf68614088b80899f8185d706f6e7 -> 
  custom:video-encoder-webm-vp8: eb34c28f22e8b96e1ab97ce403110664 -> 
  custom:audio-decoder-ogg-vorbis: bf7c407c2cedff20999df2af8eb42d56 -> 
  custom:audio-encoder-webm-vorbis: bf7c407c2cedff20999df2af8eb42d56 -> 
========================================================================
Received Import Request.
  Time since last request: 1893.012214 seconds.
  path: Assets/Patcharapon/Garbage Assests/ULTIMATE TRASH/prefab/Newspaper_Sheet_01.prefab
  artifactKey: Guid(34714d33009c4d34b9a3ba4037b99977) Importer(815301076,1909f56bfc062723c751e8b465ee728b)
Start importing Assets/Patcharapon/Garbage Assests/ULTIMATE TRASH/prefab/Newspaper_Sheet_01.prefab using Guid(34714d33009c4d34b9a3ba4037b99977) Importer(815301076,1909f56bfc062723c751e8b465ee728b)  -> (artifact id: 'c86542928bc6a200f7878fd795f1c4cc') in 0.101418 seconds
Number of updated asset objects reloaded before import = 0
Number of asset objects unloaded after import = 11
========================================================================
Received Import Request.
  Time since last request: 0.000020 seconds.
  path: Assets/Patcharapon/Garbage Assests/ULTIMATE TRASH/prefab/street_trashcan_.prefab
  artifactKey: Guid(9acca645f6b4047428e96955eee203a6) Importer(815301076,1909f56bfc062723c751e8b465ee728b)
Start importing Assets/Patcharapon/Garbage Assests/ULTIMATE TRASH/prefab/street_trashcan_.prefab using Guid(9acca645f6b4047428e96955eee203a6) Importer(815301076,1909f56bfc062723c751e8b465ee728b)  -> (artifact id: '5257aa11290e2deb48c23988bcda88a2') in 0.028122 seconds
Number of updated asset objects reloaded before import = 0
Number of asset objects unloaded after import = 16
========================================================================
Received Import Request.
  Time since last request: 0.000503 seconds.
  path: Assets/Patcharapon/Garbage Assests/ULTIMATE TRASH/prefab/trashcan_ashtray.prefab
  artifactKey: Guid(3955d69f6329d0946a0c52815d03c381) Importer(815301076,1909f56bfc062723c751e8b465ee728b)
Start importing Assets/Patcharapon/Garbage Assests/ULTIMATE TRASH/prefab/trashcan_ashtray.prefab using Guid(3955d69f6329d0946a0c52815d03c381) Importer(815301076,1909f56bfc062723c751e8b465ee728b)  -> (artifact id: 'b0b94747167bed5a26df3f2129bb9616') in 0.123359 seconds
Number of updated asset objects reloaded before import = 0
Number of asset objects unloaded after import = 11
========================================================================
Received Import Request.
  Time since last request: 0.000019 seconds.
  path: Assets/Patcharapon/Garbage Assests/ULTIMATE TRASH/prefab/TrashCanfilled3.prefab
  artifactKey: Guid(d2eee3261771f854294f185052e2d1fd) Importer(815301076,1909f56bfc062723c751e8b465ee728b)
Start importing Assets/Patcharapon/Garbage Assests/ULTIMATE TRASH/prefab/TrashCanfilled3.prefab using Guid(d2eee3261771f854294f185052e2d1fd) Importer(815301076,1909f56bfc062723c751e8b465ee728b)  -> (artifact id: 'f11363131d518d48118c0033bca67fff') in 0.048960 seconds
Number of updated asset objects reloaded before import = 0
Number of asset objects unloaded after import = 24
========================================================================
Received Import Request.
  Time since last request: 0.000017 seconds.
  path: Assets/Patcharapon/Garbage Assests/ULTIMATE TRASH/prefab/recyclable_bin.prefab
  artifactKey: Guid(ef0e569d7cbc3fd45a877ef13976ee75) Importer(815301076,1909f56bfc062723c751e8b465ee728b)
Start importing Assets/Patcharapon/Garbage Assests/ULTIMATE TRASH/prefab/recyclable_bin.prefab using Guid(ef0e569d7cbc3fd45a877ef13976ee75) Importer(815301076,1909f56bfc062723c751e8b465ee728b)  -> (artifact id: '3348be7fcc4c79accc340d438bdfa61c') in 0.018160 seconds
Number of updated asset objects reloaded before import = 0
Number of asset objects unloaded after import = 11
========================================================================
Received Import Request.
  Time since last request: 0.000015 seconds.
  path: Assets/Patcharapon/Garbage Assests/ULTIMATE TRASH/prefab/TrashCanfilled1.prefab
  artifactKey: Guid(79a4d14ded498c642b85a4f6164e103a) Importer(815301076,1909f56bfc062723c751e8b465ee728b)
Start importing Assets/Patcharapon/Garbage Assests/ULTIMATE TRASH/prefab/TrashCanfilled1.prefab using Guid(79a4d14ded498c642b85a4f6164e103a) Importer(815301076,1909f56bfc062723c751e8b465ee728b)  -> (artifact id: '8d4dd15d7686a96fd734f251c6d12199') in 0.020236 seconds
Number of updated asset objects reloaded before import = 0
Number of asset objects unloaded after import = 22
========================================================================
Received Import Request.
  Time since last request: 0.000017 seconds.
  path: Assets/Patcharapon/Garbage Assests/ULTIMATE TRASH/prefab/Trash.prefab
  artifactKey: Guid(b027c1cd6e3029d4fa5e374961d45995) Importer(815301076,1909f56bfc062723c751e8b465ee728b)
Start importing Assets/Patcharapon/Garbage Assests/ULTIMATE TRASH/prefab/Trash.prefab using Guid(b027c1cd6e3029d4fa5e374961d45995) Importer(815301076,1909f56bfc062723c751e8b465ee728b)  -> (artifact id: '74265e1aa9df7d6e163f3b39919abd04') in 0.002292 seconds
Number of updated asset objects reloaded before import = 0
Number of asset objects unloaded after import = 7
========================================================================
Received Import Request.
  Time since last request: 0.000020 seconds.
  path: Assets/Patcharapon/Garbage Assests/ULTIMATE TRASH/prefab/Newspaper_Trash_02.prefab
  artifactKey: Guid(01a32ee0b070c694bb796206bfe74e8c) Importer(815301076,1909f56bfc062723c751e8b465ee728b)
Start importing Assets/Patcharapon/Garbage Assests/ULTIMATE TRASH/prefab/Newspaper_Trash_02.prefab using Guid(01a32ee0b070c694bb796206bfe74e8c) Importer(815301076,1909f56bfc062723c751e8b465ee728b)  -> (artifact id: '7160d2e29de920dbf8d0ee9b99fbf4a9') in 0.014271 seconds
Number of updated asset objects reloaded before import = 0
Number of asset objects unloaded after import = 11
========================================================================
Received Import Request.
  Time since last request: 0.000015 seconds.
  path: Assets/Patcharapon/Garbage Assests/ULTIMATE TRASH/prefab/TrashBin.prefab
  artifactKey: Guid(335cef66d66cc5047b56ec931b1575dc) Importer(815301076,1909f56bfc062723c751e8b465ee728b)
Start importing Assets/Patcharapon/Garbage Assests/ULTIMATE TRASH/prefab/TrashBin.prefab using Guid(335cef66d66cc5047b56ec931b1575dc) Importer(815301076,1909f56bfc062723c751e8b465ee728b)  -> (artifact id: 'ac753af7ec6dc23b2cfb3cb53f73b950') in 0.029266 seconds
Number of updated asset objects reloaded before import = 0
Number of asset objects unloaded after import = 11
========================================================================
Received Prepare
Begin MonoManager ReloadAssembly
Symbol file LoadedFromMemory doesn't match image D:\P_Project\Unity\SandeeProject\SandeeProject\SandeeProject\Library\PackageCache\com.unity.visualscripting@1.8.0\Editor\VisualScripting.Core\Dependencies\YamlDotNet\Unity.VisualScripting.YamlDotNet.dll
Symbol file LoadedFromMemory doesn't match image D:\P_Project\Unity\SandeeProject\SandeeProject\SandeeProject\Library\PackageCache\com.unity.visualscripting@1.8.0\Editor\VisualScripting.Core\Dependencies\DotNetZip\Unity.VisualScripting.IonicZip.dll
- Loaded All Assemblies, in  0.709 seconds
Refreshing native plugins compatible for Editor in 2.12 ms, found 3 plugins.
Native extension for UWP target not found
Native extension for WindowsStandalone target not found
[Package Manager] Server::EnsureServerProcessIsRunning -- launch failed, reason: Unity was launched with the -noUpm command-line argument
[Package Manager] UpmClient::Send -- Unable to send message (not connected to UPM process).
[Package Manager] Cannot connect to Unity Package Manager local server
Mono: successfully reloaded assembly
- Finished resetting the current domain, in  0.917 seconds
Domain Reload Profiling: 1625ms
	BeginReloadAssembly (130ms)
		ExecutionOrderSort (0ms)
		DisableScriptedObjects (5ms)
		BackupInstance (0ms)
		ReleaseScriptingObjects (0ms)
		CreateAndSetChildDomain (39ms)
	RebuildCommonClasses (30ms)
	RebuildNativeTypeToScriptingClass (18ms)
	initialDomainReloadingComplete (35ms)
	LoadAllAssembliesAndSetupDomain (495ms)
		LoadAssemblies (239ms)
		RebuildTransferFunctionScriptingTraits (0ms)
		AnalyzeDomain (307ms)
			TypeCache.Refresh (293ms)
				TypeCache.ScanAssembly (279ms)
			ScanForSourceGeneratedMonoScriptInfo (2ms)
			ResolveRequiredComponents (12ms)
	FinalizeReload (917ms)
		ReleaseScriptCaches (0ms)
		RebuildScriptCaches (0ms)
		SetupLoadedEditorAssemblies (454ms)
			LogAssemblyErrors (0ms)
			InitializePlatformSupportModulesInManaged (6ms)
			SetLoadedEditorAssemblies (5ms)
			RefreshPlugins (0ms)
			BeforeProcessingInitializeOnLoad (74ms)
			ProcessInitializeOnLoadAttributes (341ms)
			ProcessInitializeOnLoadMethodAttributes (23ms)
			AfterProcessingInitializeOnLoad (5ms)
			EditorAssembliesLoaded (0ms)
		ExecutionOrderSort2 (0ms)
		AwakeInstancesAfterBackupRestoration (8ms)
Shader 'VRM10/Universal Render Pipeline/MToon10': fallback shader 'Hidden/Universal Render Pipeline/FallbackError' not found
Shader 'VRM10/Universal Render Pipeline/MToon10': fallback shader 'Hidden/Universal Render Pipeline/FallbackError' not found
Refreshing native plugins compatible for Editor in 1.93 ms, found 3 plugins.
Preloading 0 native plugins for Editor in 0.00 ms.
Unloading 4091 Unused Serialized files (Serialized files now loaded: 0)
Unloading 33 unused Assets / (2.9 MB). Loaded Objects now: 5248.
Memory consumption went from 176.9 MB to 173.9 MB.
Total: 4.634300 ms (FindLiveObjects: 0.447500 ms CreateObjectMapping: 0.327500 ms MarkObjects: 2.437000 ms  DeleteObjects: 1.421100 ms)

Prepare: number of updated asset objects reloaded= 0
AssetImportParameters requested are different than current active one (requested -> active):
  custom:container-demuxer-ogg: 62fdf1f143b41e24485cea50d1cbac27 -> 
  custom:video-codec-MediaFoundation-h265: 746d11721c4dcdbdad8f713fa42b33f4 -> 
  custom:video-decoder-ogg-theora: a1e56fd34408186e4bbccfd4996cb3dc -> 
  custom:framework-win-MediaFoundation: 216162199b28c13a410421893ffa2e32 -> 
  custom:CustomObjectIndexerAttribute: 756ad292c208cfabdd7b50bc23989ffe -> 
  custom:container-demuxer-webm: 4f35f7cbe854078d1ac9338744f61a02 -> 
  custom:container-muxer-webm: aa71ff27fc2769a1b78a27578f13a17b -> 
  custom:video-decoder-webm-vp8: 9c59270c3fd7afecdb556c50c9e8de78 -> 
  custom:AudioImporter_EditorPlatform: d09bf68614088b80899f8185d706f6e7 -> 
  custom:video-encoder-webm-vp8: eb34c28f22e8b96e1ab97ce403110664 -> 
  custom:audio-decoder-ogg-vorbis: bf7c407c2cedff20999df2af8eb42d56 -> 
  custom:audio-encoder-webm-vorbis: bf7c407c2cedff20999df2af8eb42d56 -> 
========================================================================
Received Prepare
Begin MonoManager ReloadAssembly
Symbol file LoadedFromMemory doesn't match image D:\P_Project\Unity\SandeeProject\SandeeProject\SandeeProject\Library\PackageCache\com.unity.visualscripting@1.8.0\Editor\VisualScripting.Core\Dependencies\YamlDotNet\Unity.VisualScripting.YamlDotNet.dll
Symbol file LoadedFromMemory doesn't match image D:\P_Project\Unity\SandeeProject\SandeeProject\SandeeProject\Library\PackageCache\com.unity.visualscripting@1.8.0\Editor\VisualScripting.Core\Dependencies\DotNetZip\Unity.VisualScripting.IonicZip.dll
- Loaded All Assemblies, in  0.784 seconds
Refreshing native plugins compatible for Editor in 2.10 ms, found 3 plugins.
Native extension for UWP target not found
Native extension for WindowsStandalone target not found
[Package Manager] Server::EnsureServerProcessIsRunning -- launch failed, reason: Unity was launched with the -noUpm command-line argument
[Package Manager] UpmClient::Send -- Unable to send message (not connected to UPM process).
[Package Manager] Cannot connect to Unity Package Manager local server
Mono: successfully reloaded assembly
- Finished resetting the current domain, in  0.865 seconds
Domain Reload Profiling: 1648ms
	BeginReloadAssembly (151ms)
		ExecutionOrderSort (0ms)
		DisableScriptedObjects (9ms)
		BackupInstance (0ms)
		ReleaseScriptingObjects (0ms)
		CreateAndSetChildDomain (41ms)
	RebuildCommonClasses (35ms)
	RebuildNativeTypeToScriptingClass (18ms)
	initialDomainReloadingComplete (28ms)
	LoadAllAssembliesAndSetupDomain (550ms)
		LoadAssemblies (247ms)
		RebuildTransferFunctionScriptingTraits (0ms)
		AnalyzeDomain (365ms)
			TypeCache.Refresh (354ms)
				TypeCache.ScanAssembly (342ms)
			ScanForSourceGeneratedMonoScriptInfo (3ms)
			ResolveRequiredComponents (8ms)
	FinalizeReload (866ms)
		ReleaseScriptCaches (0ms)
		RebuildScriptCaches (0ms)
		SetupLoadedEditorAssemblies (415ms)
			LogAssemblyErrors (0ms)
			InitializePlatformSupportModulesInManaged (7ms)
			SetLoadedEditorAssemblies (5ms)
			RefreshPlugins (0ms)
			BeforeProcessingInitializeOnLoad (67ms)
			ProcessInitializeOnLoadAttributes (312ms)
			ProcessInitializeOnLoadMethodAttributes (18ms)
			AfterProcessingInitializeOnLoad (5ms)
			EditorAssembliesLoaded (0ms)
		ExecutionOrderSort2 (0ms)
		AwakeInstancesAfterBackupRestoration (7ms)
Shader 'VRM10/Universal Render Pipeline/MToon10': fallback shader 'Hidden/Universal Render Pipeline/FallbackError' not found
Shader 'VRM10/Universal Render Pipeline/MToon10': fallback shader 'Hidden/Universal Render Pipeline/FallbackError' not found
Refreshing native plugins compatible for Editor in 2.07 ms, found 3 plugins.
Preloading 0 native plugins for Editor in 0.00 ms.
Unloading 4092 Unused Serialized files (Serialized files now loaded: 0)
Unloading 33 unused Assets / (2.9 MB). Loaded Objects now: 5263.
Memory consumption went from 177.1 MB to 174.2 MB.
Total: 4.839900 ms (FindLiveObjects: 0.464600 ms CreateObjectMapping: 0.362800 ms MarkObjects: 2.548000 ms  DeleteObjects: 1.463600 ms)

Prepare: number of updated asset objects reloaded= 0
AssetImportParameters requested are different than current active one (requested -> active):
  custom:container-demuxer-ogg: 62fdf1f143b41e24485cea50d1cbac27 -> 
  custom:video-codec-MediaFoundation-h265: 746d11721c4dcdbdad8f713fa42b33f4 -> 
  custom:video-decoder-ogg-theora: a1e56fd34408186e4bbccfd4996cb3dc -> 
  custom:framework-win-MediaFoundation: 216162199b28c13a410421893ffa2e32 -> 
  custom:CustomObjectIndexerAttribute: 756ad292c208cfabdd7b50bc23989ffe -> 
  custom:container-demuxer-webm: 4f35f7cbe854078d1ac9338744f61a02 -> 
  custom:container-muxer-webm: aa71ff27fc2769a1b78a27578f13a17b -> 
  custom:video-decoder-webm-vp8: 9c59270c3fd7afecdb556c50c9e8de78 -> 
  custom:AudioImporter_EditorPlatform: d09bf68614088b80899f8185d706f6e7 -> 
  custom:video-encoder-webm-vp8: eb34c28f22e8b96e1ab97ce403110664 -> 
  custom:audio-decoder-ogg-vorbis: bf7c407c2cedff20999df2af8eb42d56 -> 
  custom:audio-encoder-webm-vorbis: bf7c407c2cedff20999df2af8eb42d56 -> 
========================================================================
Received Prepare
Begin MonoManager ReloadAssembly
Symbol file LoadedFromMemory doesn't match image D:\P_Project\Unity\SandeeProject\SandeeProject\SandeeProject\Library\PackageCache\com.unity.visualscripting@1.8.0\Editor\VisualScripting.Core\Dependencies\YamlDotNet\Unity.VisualScripting.YamlDotNet.dll
Symbol file LoadedFromMemory doesn't match image D:\P_Project\Unity\SandeeProject\SandeeProject\SandeeProject\Library\PackageCache\com.unity.visualscripting@1.8.0\Editor\VisualScripting.Core\Dependencies\DotNetZip\Unity.VisualScripting.IonicZip.dll
- Loaded All Assemblies, in  0.747 seconds
Refreshing native plugins compatible for Editor in 1.47 ms, found 3 plugins.
Native extension for UWP target not found
Native extension for WindowsStandalone target not found
[Package Manager] Server::EnsureServerProcessIsRunning -- launch failed, reason: Unity was launched with the -noUpm command-line argument
[Package Manager] UpmClient::Send -- Unable to send message (not connected to UPM process).
[Package Manager] Cannot connect to Unity Package Manager local server
Mono: successfully reloaded assembly
- Finished resetting the current domain, in  0.798 seconds
Domain Reload Profiling: 1543ms
	BeginReloadAssembly (145ms)
		ExecutionOrderSort (0ms)
		DisableScriptedObjects (6ms)
		BackupInstance (0ms)
		ReleaseScriptingObjects (0ms)
		CreateAndSetChildDomain (37ms)
	RebuildCommonClasses (33ms)
	RebuildNativeTypeToScriptingClass (12ms)
	initialDomainReloadingComplete (29ms)
	LoadAllAssembliesAndSetupDomain (524ms)
		LoadAssemblies (239ms)
		RebuildTransferFunctionScriptingTraits (0ms)
		AnalyzeDomain (351ms)
			TypeCache.Refresh (344ms)
				TypeCache.ScanAssembly (331ms)
			ScanForSourceGeneratedMonoScriptInfo (0ms)
			ResolveRequiredComponents (7ms)
	FinalizeReload (799ms)
		ReleaseScriptCaches (0ms)
		RebuildScriptCaches (0ms)
		SetupLoadedEditorAssemblies (432ms)
			LogAssemblyErrors (0ms)
			InitializePlatformSupportModulesInManaged (6ms)
			SetLoadedEditorAssemblies (5ms)
			RefreshPlugins (0ms)
			BeforeProcessingInitializeOnLoad (70ms)
			ProcessInitializeOnLoadAttributes (326ms)
			ProcessInitializeOnLoadMethodAttributes (17ms)
			AfterProcessingInitializeOnLoad (8ms)
			EditorAssembliesLoaded (0ms)
		ExecutionOrderSort2 (0ms)
		AwakeInstancesAfterBackupRestoration (8ms)
Shader 'VRM10/Universal Render Pipeline/MToon10': fallback shader 'Hidden/Universal Render Pipeline/FallbackError' not found
Shader 'VRM10/Universal Render Pipeline/MToon10': fallback shader 'Hidden/Universal Render Pipeline/FallbackError' not found
Refreshing native plugins compatible for Editor in 1.79 ms, found 3 plugins.
Preloading 0 native plugins for Editor in 0.00 ms.
Unloading 4092 Unused Serialized files (Serialized files now loaded: 0)
Unloading 33 unused Assets / (2.9 MB). Loaded Objects now: 5278.
Memory consumption went from 177.2 MB to 174.2 MB.
Total: 6.256600 ms (FindLiveObjects: 0.431900 ms CreateObjectMapping: 0.375900 ms MarkObjects: 3.614800 ms  DeleteObjects: 1.832700 ms)

Prepare: number of updated asset objects reloaded= 0
AssetImportParameters requested are different than current active one (requested -> active):
  custom:container-demuxer-ogg: 62fdf1f143b41e24485cea50d1cbac27 -> 
  custom:video-codec-MediaFoundation-h265: 746d11721c4dcdbdad8f713fa42b33f4 -> 
  custom:video-decoder-ogg-theora: a1e56fd34408186e4bbccfd4996cb3dc -> 
  custom:framework-win-MediaFoundation: 216162199b28c13a410421893ffa2e32 -> 
  custom:CustomObjectIndexerAttribute: 756ad292c208cfabdd7b50bc23989ffe -> 
  custom:container-demuxer-webm: 4f35f7cbe854078d1ac9338744f61a02 -> 
  custom:container-muxer-webm: aa71ff27fc2769a1b78a27578f13a17b -> 
  custom:video-decoder-webm-vp8: 9c59270c3fd7afecdb556c50c9e8de78 -> 
  custom:AudioImporter_EditorPlatform: d09bf68614088b80899f8185d706f6e7 -> 
  custom:video-encoder-webm-vp8: eb34c28f22e8b96e1ab97ce403110664 -> 
  custom:audio-decoder-ogg-vorbis: bf7c407c2cedff20999df2af8eb42d56 -> 
  custom:audio-encoder-webm-vorbis: bf7c407c2cedff20999df2af8eb42d56 -> 
========================================================================
Received Prepare
Begin MonoManager ReloadAssembly
Symbol file LoadedFromMemory doesn't match image D:\P_Project\Unity\SandeeProject\SandeeProject\SandeeProject\Library\PackageCache\com.unity.visualscripting@1.8.0\Editor\VisualScripting.Core\Dependencies\YamlDotNet\Unity.VisualScripting.YamlDotNet.dll
Symbol file LoadedFromMemory doesn't match image D:\P_Project\Unity\SandeeProject\SandeeProject\SandeeProject\Library\PackageCache\com.unity.visualscripting@1.8.0\Editor\VisualScripting.Core\Dependencies\DotNetZip\Unity.VisualScripting.IonicZip.dll
- Loaded All Assemblies, in  0.801 seconds
Refreshing native plugins compatible for Editor in 2.74 ms, found 3 plugins.
Native extension for UWP target not found
Native extension for WindowsStandalone target not found
[Package Manager] Server::EnsureServerProcessIsRunning -- launch failed, reason: Unity was launched with the -noUpm command-line argument
[Package Manager] UpmClient::Send -- Unable to send message (not connected to UPM process).
[Package Manager] Cannot connect to Unity Package Manager local server
Mono: successfully reloaded assembly
- Finished resetting the current domain, in  0.902 seconds
Domain Reload Profiling: 1702ms
	BeginReloadAssembly (162ms)
		ExecutionOrderSort (0ms)
		DisableScriptedObjects (5ms)
		BackupInstance (0ms)
		ReleaseScriptingObjects (0ms)
		CreateAndSetChildDomain (51ms)
	RebuildCommonClasses (40ms)
	RebuildNativeTypeToScriptingClass (12ms)
	initialDomainReloadingComplete (35ms)
	LoadAllAssembliesAndSetupDomain (550ms)
		LoadAssemblies (251ms)
		RebuildTransferFunctionScriptingTraits (0ms)
		AnalyzeDomain (368ms)
			TypeCache.Refresh (354ms)
				TypeCache.ScanAssembly (339ms)
			ScanForSourceGeneratedMonoScriptInfo (3ms)
			ResolveRequiredComponents (11ms)
	FinalizeReload (902ms)
		ReleaseScriptCaches (0ms)
		RebuildScriptCaches (0ms)
		SetupLoadedEditorAssemblies (465ms)
			LogAssemblyErrors (0ms)
			InitializePlatformSupportModulesInManaged (7ms)
			SetLoadedEditorAssemblies (5ms)
			RefreshPlugins (0ms)
			BeforeProcessingInitializeOnLoad (86ms)
			ProcessInitializeOnLoadAttributes (339ms)
			ProcessInitializeOnLoadMethodAttributes (21ms)
			AfterProcessingInitializeOnLoad (6ms)
			EditorAssembliesLoaded (0ms)
		ExecutionOrderSort2 (0ms)
		AwakeInstancesAfterBackupRestoration (10ms)
Shader 'VRM10/Universal Render Pipeline/MToon10': fallback shader 'Hidden/Universal Render Pipeline/FallbackError' not found
Shader 'VRM10/Universal Render Pipeline/MToon10': fallback shader 'Hidden/Universal Render Pipeline/FallbackError' not found
Refreshing native plugins compatible for Editor in 1.92 ms, found 3 plugins.
Preloading 0 native plugins for Editor in 0.00 ms.
Unloading 4092 Unused Serialized files (Serialized files now loaded: 0)
Unloading 33 unused Assets / (2.9 MB). Loaded Objects now: 5293.
Memory consumption went from 177.2 MB to 174.2 MB.
Total: 5.940300 ms (FindLiveObjects: 0.539600 ms CreateObjectMapping: 0.487300 ms MarkObjects: 3.128700 ms  DeleteObjects: 1.783200 ms)

Prepare: number of updated asset objects reloaded= 0
AssetImportParameters requested are different than current active one (requested -> active):
  custom:container-demuxer-ogg: 62fdf1f143b41e24485cea50d1cbac27 -> 
  custom:video-codec-MediaFoundation-h265: 746d11721c4dcdbdad8f713fa42b33f4 -> 
  custom:video-decoder-ogg-theora: a1e56fd34408186e4bbccfd4996cb3dc -> 
  custom:framework-win-MediaFoundation: 216162199b28c13a410421893ffa2e32 -> 
  custom:CustomObjectIndexerAttribute: 756ad292c208cfabdd7b50bc23989ffe -> 
  custom:container-demuxer-webm: 4f35f7cbe854078d1ac9338744f61a02 -> 
  custom:container-muxer-webm: aa71ff27fc2769a1b78a27578f13a17b -> 
  custom:video-decoder-webm-vp8: 9c59270c3fd7afecdb556c50c9e8de78 -> 
  custom:AudioImporter_EditorPlatform: d09bf68614088b80899f8185d706f6e7 -> 
  custom:video-encoder-webm-vp8: eb34c28f22e8b96e1ab97ce403110664 -> 
  custom:audio-decoder-ogg-vorbis: bf7c407c2cedff20999df2af8eb42d56 -> 
  custom:audio-encoder-webm-vorbis: bf7c407c2cedff20999df2af8eb42d56 -> 
========================================================================
Received Prepare
Begin MonoManager ReloadAssembly
Symbol file LoadedFromMemory doesn't match image D:\P_Project\Unity\SandeeProject\SandeeProject\SandeeProject\Library\PackageCache\com.unity.visualscripting@1.8.0\Editor\VisualScripting.Core\Dependencies\YamlDotNet\Unity.VisualScripting.YamlDotNet.dll
Symbol file LoadedFromMemory doesn't match image D:\P_Project\Unity\SandeeProject\SandeeProject\SandeeProject\Library\PackageCache\com.unity.visualscripting@1.8.0\Editor\VisualScripting.Core\Dependencies\DotNetZip\Unity.VisualScripting.IonicZip.dll
- Loaded All Assemblies, in  0.704 seconds
Refreshing native plugins compatible for Editor in 1.44 ms, found 3 plugins.
Native extension for UWP target not found
Native extension for WindowsStandalone target not found
[Package Manager] Server::EnsureServerProcessIsRunning -- launch failed, reason: Unity was launched with the -noUpm command-line argument
[Package Manager] UpmClient::Send -- Unable to send message (not connected to UPM process).
[Package Manager] Cannot connect to Unity Package Manager local server
Mono: successfully reloaded assembly
- Finished resetting the current domain, in  0.775 seconds
Domain Reload Profiling: 1478ms
	BeginReloadAssembly (137ms)
		ExecutionOrderSort (0ms)
		DisableScriptedObjects (8ms)
		BackupInstance (0ms)
		ReleaseScriptingObjects (0ms)
		CreateAndSetChildDomain (34ms)
	RebuildCommonClasses (41ms)
	RebuildNativeTypeToScriptingClass (12ms)
	initialDomainReloadingComplete (27ms)
	LoadAllAssembliesAndSetupDomain (486ms)
		LoadAssemblies (233ms)
		RebuildTransferFunctionScriptingTraits (0ms)
		AnalyzeDomain (316ms)
			TypeCache.Refresh (309ms)
				TypeCache.ScanAssembly (298ms)
			ScanForSourceGeneratedMonoScriptInfo (0ms)
			ResolveRequiredComponents (7ms)
	FinalizeReload (776ms)
		ReleaseScriptCaches (0ms)
		RebuildScriptCaches (0ms)
		SetupLoadedEditorAssemblies (406ms)
			LogAssemblyErrors (0ms)
			InitializePlatformSupportModulesInManaged (6ms)
			SetLoadedEditorAssemblies (6ms)
			RefreshPlugins (0ms)
			BeforeProcessingInitializeOnLoad (72ms)
			ProcessInitializeOnLoadAttributes (300ms)
			ProcessInitializeOnLoadMethodAttributes (17ms)
			AfterProcessingInitializeOnLoad (5ms)
			EditorAssembliesLoaded (0ms)
		ExecutionOrderSort2 (0ms)
		AwakeInstancesAfterBackupRestoration (7ms)
Shader 'VRM10/Universal Render Pipeline/MToon10': fallback shader 'Hidden/Universal Render Pipeline/FallbackError' not found
Shader 'VRM10/Universal Render Pipeline/MToon10': fallback shader 'Hidden/Universal Render Pipeline/FallbackError' not found
Refreshing native plugins compatible for Editor in 1.55 ms, found 3 plugins.
Preloading 0 native plugins for Editor in 0.00 ms.
Unloading 4092 Unused Serialized files (Serialized files now loaded: 0)
Unloading 33 unused Assets / (2.9 MB). Loaded Objects now: 5308.
Memory consumption went from 177.2 MB to 174.2 MB.
Total: 4.260100 ms (FindLiveObjects: 0.362200 ms CreateObjectMapping: 0.492000 ms MarkObjects: 2.112300 ms  DeleteObjects: 1.292900 ms)

Prepare: number of updated asset objects reloaded= 0
AssetImportParameters requested are different than current active one (requested -> active):
  custom:container-demuxer-ogg: 62fdf1f143b41e24485cea50d1cbac27 -> 
  custom:video-codec-MediaFoundation-h265: 746d11721c4dcdbdad8f713fa42b33f4 -> 
  custom:video-decoder-ogg-theora: a1e56fd34408186e4bbccfd4996cb3dc -> 
  custom:framework-win-MediaFoundation: 216162199b28c13a410421893ffa2e32 -> 
  custom:CustomObjectIndexerAttribute: 756ad292c208cfabdd7b50bc23989ffe -> 
  custom:container-demuxer-webm: 4f35f7cbe854078d1ac9338744f61a02 -> 
  custom:container-muxer-webm: aa71ff27fc2769a1b78a27578f13a17b -> 
  custom:video-decoder-webm-vp8: 9c59270c3fd7afecdb556c50c9e8de78 -> 
  custom:AudioImporter_EditorPlatform: d09bf68614088b80899f8185d706f6e7 -> 
  custom:video-encoder-webm-vp8: eb34c28f22e8b96e1ab97ce403110664 -> 
  custom:audio-decoder-ogg-vorbis: bf7c407c2cedff20999df2af8eb42d56 -> 
  custom:audio-encoder-webm-vorbis: bf7c407c2cedff20999df2af8eb42d56 -> 
========================================================================
Received Prepare
Begin MonoManager ReloadAssembly
Symbol file LoadedFromMemory doesn't match image D:\P_Project\Unity\SandeeProject\SandeeProject\SandeeProject\Library\PackageCache\com.unity.visualscripting@1.8.0\Editor\VisualScripting.Core\Dependencies\YamlDotNet\Unity.VisualScripting.YamlDotNet.dll
Symbol file LoadedFromMemory doesn't match image D:\P_Project\Unity\SandeeProject\SandeeProject\SandeeProject\Library\PackageCache\com.unity.visualscripting@1.8.0\Editor\VisualScripting.Core\Dependencies\DotNetZip\Unity.VisualScripting.IonicZip.dll
- Loaded All Assemblies, in  0.720 seconds
Refreshing native plugins compatible for Editor in 1.41 ms, found 3 plugins.
Native extension for UWP target not found
Native extension for WindowsStandalone target not found
[Package Manager] Server::EnsureServerProcessIsRunning -- launch failed, reason: Unity was launched with the -noUpm command-line argument
[Package Manager] UpmClient::Send -- Unable to send message (not connected to UPM process).
[Package Manager] Cannot connect to Unity Package Manager local server
Mono: successfully reloaded assembly
- Finished resetting the current domain, in  0.747 seconds
Domain Reload Profiling: 1465ms
	BeginReloadAssembly (139ms)
		ExecutionOrderSort (0ms)
		DisableScriptedObjects (6ms)
		BackupInstance (0ms)
		ReleaseScriptingObjects (0ms)
		CreateAndSetChildDomain (37ms)
	RebuildCommonClasses (34ms)
	RebuildNativeTypeToScriptingClass (12ms)
	initialDomainReloadingComplete (26ms)
	LoadAllAssembliesAndSetupDomain (506ms)
		LoadAssemblies (231ms)
		RebuildTransferFunctionScriptingTraits (0ms)
		AnalyzeDomain (332ms)
			TypeCache.Refresh (326ms)
				TypeCache.ScanAssembly (313ms)
			ScanForSourceGeneratedMonoScriptInfo (0ms)
			ResolveRequiredComponents (6ms)
	FinalizeReload (748ms)
		ReleaseScriptCaches (0ms)
		RebuildScriptCaches (0ms)
		SetupLoadedEditorAssemblies (391ms)
			LogAssemblyErrors (0ms)
			InitializePlatformSupportModulesInManaged (6ms)
			SetLoadedEditorAssemblies (5ms)
			RefreshPlugins (0ms)
			BeforeProcessingInitializeOnLoad (67ms)
			ProcessInitializeOnLoadAttributes (289ms)
			ProcessInitializeOnLoadMethodAttributes (18ms)
			AfterProcessingInitializeOnLoad (5ms)
			EditorAssembliesLoaded (0ms)
		ExecutionOrderSort2 (0ms)
		AwakeInstancesAfterBackupRestoration (7ms)
Shader 'VRM10/Universal Render Pipeline/MToon10': fallback shader 'Hidden/Universal Render Pipeline/FallbackError' not found
Shader 'VRM10/Universal Render Pipeline/MToon10': fallback shader 'Hidden/Universal Render Pipeline/FallbackError' not found
Refreshing native plugins compatible for Editor in 1.95 ms, found 3 plugins.
Preloading 0 native plugins for Editor in 0.00 ms.
Unloading 4092 Unused Serialized files (Serialized files now loaded: 0)
Unloading 33 unused Assets / (2.9 MB). Loaded Objects now: 5323.
Memory consumption went from 177.2 MB to 174.3 MB.
Total: 5.849800 ms (FindLiveObjects: 0.461500 ms CreateObjectMapping: 0.392800 ms MarkObjects: 3.080200 ms  DeleteObjects: 1.914000 ms)

Prepare: number of updated asset objects reloaded= 0
AssetImportParameters requested are different than current active one (requested -> active):
  custom:container-demuxer-ogg: 62fdf1f143b41e24485cea50d1cbac27 -> 
  custom:video-codec-MediaFoundation-h265: 746d11721c4dcdbdad8f713fa42b33f4 -> 
  custom:video-decoder-ogg-theora: a1e56fd34408186e4bbccfd4996cb3dc -> 
  custom:framework-win-MediaFoundation: 216162199b28c13a410421893ffa2e32 -> 
  custom:CustomObjectIndexerAttribute: 756ad292c208cfabdd7b50bc23989ffe -> 
  custom:container-demuxer-webm: 4f35f7cbe854078d1ac9338744f61a02 -> 
  custom:container-muxer-webm: aa71ff27fc2769a1b78a27578f13a17b -> 
  custom:video-decoder-webm-vp8: 9c59270c3fd7afecdb556c50c9e8de78 -> 
  custom:AudioImporter_EditorPlatform: d09bf68614088b80899f8185d706f6e7 -> 
  custom:video-encoder-webm-vp8: eb34c28f22e8b96e1ab97ce403110664 -> 
  custom:audio-decoder-ogg-vorbis: bf7c407c2cedff20999df2af8eb42d56 -> 
  custom:audio-encoder-webm-vorbis: bf7c407c2cedff20999df2af8eb42d56 -> 
========================================================================
Received Prepare
Begin MonoManager ReloadAssembly
Symbol file LoadedFromMemory doesn't match image D:\P_Project\Unity\SandeeProject\SandeeProject\SandeeProject\Library\PackageCache\com.unity.visualscripting@1.8.0\Editor\VisualScripting.Core\Dependencies\YamlDotNet\Unity.VisualScripting.YamlDotNet.dll
Symbol file LoadedFromMemory doesn't match image D:\P_Project\Unity\SandeeProject\SandeeProject\SandeeProject\Library\PackageCache\com.unity.visualscripting@1.8.0\Editor\VisualScripting.Core\Dependencies\DotNetZip\Unity.VisualScripting.IonicZip.dll
- Loaded All Assemblies, in  0.746 seconds
Refreshing native plugins compatible for Editor in 1.53 ms, found 3 plugins.
Native extension for UWP target not found
Native extension for WindowsStandalone target not found
[Package Manager] Server::EnsureServerProcessIsRunning -- launch failed, reason: Unity was launched with the -noUpm command-line argument
[Package Manager] UpmClient::Send -- Unable to send message (not connected to UPM process).
[Package Manager] Cannot connect to Unity Package Manager local server
Mono: successfully reloaded assembly
- Finished resetting the current domain, in  0.822 seconds
Domain Reload Profiling: 1566ms
	BeginReloadAssembly (155ms)
		ExecutionOrderSort (0ms)
		DisableScriptedObjects (8ms)
		BackupInstance (0ms)
		ReleaseScriptingObjects (0ms)
		CreateAndSetChildDomain (38ms)
	RebuildCommonClasses (45ms)
	RebuildNativeTypeToScriptingClass (16ms)
	initialDomainReloadingComplete (32ms)
	LoadAllAssembliesAndSetupDomain (496ms)
		LoadAssemblies (245ms)
		RebuildTransferFunctionScriptingTraits (0ms)
		AnalyzeDomain (319ms)
			TypeCache.Refresh (309ms)
				TypeCache.ScanAssembly (293ms)
			ScanForSourceGeneratedMonoScriptInfo (0ms)
			ResolveRequiredComponents (10ms)
	FinalizeReload (822ms)
		ReleaseScriptCaches (0ms)
		RebuildScriptCaches (0ms)
		SetupLoadedEditorAssemblies (423ms)
			LogAssemblyErrors (0ms)
			InitializePlatformSupportModulesInManaged (6ms)
			SetLoadedEditorAssemblies (5ms)
			RefreshPlugins (0ms)
			BeforeProcessingInitializeOnLoad (70ms)
			ProcessInitializeOnLoadAttributes (319ms)
			ProcessInitializeOnLoadMethodAttributes (18ms)
			AfterProcessingInitializeOnLoad (5ms)
			EditorAssembliesLoaded (0ms)
		ExecutionOrderSort2 (0ms)
		AwakeInstancesAfterBackupRestoration (7ms)
Shader 'VRM10/Universal Render Pipeline/MToon10': fallback shader 'Hidden/Universal Render Pipeline/FallbackError' not found
Shader 'VRM10/Universal Render Pipeline/MToon10': fallback shader 'Hidden/Universal Render Pipeline/FallbackError' not found
Refreshing native plugins compatible for Editor in 1.55 ms, found 3 plugins.
Preloading 0 native plugins for Editor in 0.00 ms.
Unloading 4092 Unused Serialized files (Serialized files now loaded: 0)
Unloading 33 unused Assets / (2.9 MB). Loaded Objects now: 5338.
Memory consumption went from 177.2 MB to 174.3 MB.
Total: 4.054200 ms (FindLiveObjects: 0.376100 ms CreateObjectMapping: 0.323300 ms MarkObjects: 2.067800 ms  DeleteObjects: 1.286200 ms)

Prepare: number of updated asset objects reloaded= 0
AssetImportParameters requested are different than current active one (requested -> active):
  custom:container-demuxer-ogg: 62fdf1f143b41e24485cea50d1cbac27 -> 
  custom:video-codec-MediaFoundation-h265: 746d11721c4dcdbdad8f713fa42b33f4 -> 
  custom:video-decoder-ogg-theora: a1e56fd34408186e4bbccfd4996cb3dc -> 
  custom:framework-win-MediaFoundation: 216162199b28c13a410421893ffa2e32 -> 
  custom:CustomObjectIndexerAttribute: 756ad292c208cfabdd7b50bc23989ffe -> 
  custom:container-demuxer-webm: 4f35f7cbe854078d1ac9338744f61a02 -> 
  custom:container-muxer-webm: aa71ff27fc2769a1b78a27578f13a17b -> 
  custom:video-decoder-webm-vp8: 9c59270c3fd7afecdb556c50c9e8de78 -> 
  custom:AudioImporter_EditorPlatform: d09bf68614088b80899f8185d706f6e7 -> 
  custom:video-encoder-webm-vp8: eb34c28f22e8b96e1ab97ce403110664 -> 
  custom:audio-decoder-ogg-vorbis: bf7c407c2cedff20999df2af8eb42d56 -> 
  custom:audio-encoder-webm-vorbis: bf7c407c2cedff20999df2af8eb42d56 -> 
========================================================================
Received Prepare
Begin MonoManager ReloadAssembly
Symbol file LoadedFromMemory doesn't match image D:\P_Project\Unity\SandeeProject\SandeeProject\SandeeProject\Library\PackageCache\com.unity.visualscripting@1.8.0\Editor\VisualScripting.Core\Dependencies\YamlDotNet\Unity.VisualScripting.YamlDotNet.dll
Symbol file LoadedFromMemory doesn't match image D:\P_Project\Unity\SandeeProject\SandeeProject\SandeeProject\Library\PackageCache\com.unity.visualscripting@1.8.0\Editor\VisualScripting.Core\Dependencies\DotNetZip\Unity.VisualScripting.IonicZip.dll
- Loaded All Assemblies, in  0.686 seconds
Refreshing native plugins compatible for Editor in 1.39 ms, found 3 plugins.
Native extension for UWP target not found
Native extension for WindowsStandalone target not found
[Package Manager] Server::EnsureServerProcessIsRunning -- launch failed, reason: Unity was launched with the -noUpm command-line argument
[Package Manager] UpmClient::Send -- Unable to send message (not connected to UPM process).
[Package Manager] Cannot connect to Unity Package Manager local server
Mono: successfully reloaded assembly
- Finished resetting the current domain, in  0.735 seconds
Domain Reload Profiling: 1421ms
	BeginReloadAssembly (139ms)
		ExecutionOrderSort (0ms)
		DisableScriptedObjects (5ms)
		BackupInstance (0ms)
		ReleaseScriptingObjects (0ms)
		CreateAndSetChildDomain (38ms)
	RebuildCommonClasses (40ms)
	RebuildNativeTypeToScriptingClass (12ms)
	initialDomainReloadingComplete (27ms)
	LoadAllAssembliesAndSetupDomain (468ms)
		LoadAssemblies (225ms)
		RebuildTransferFunctionScriptingTraits (0ms)
		AnalyzeDomain (304ms)
			TypeCache.Refresh (296ms)
				TypeCache.ScanAssembly (282ms)
			ScanForSourceGeneratedMonoScriptInfo (0ms)
			ResolveRequiredComponents (8ms)
	FinalizeReload (736ms)
		ReleaseScriptCaches (0ms)
		RebuildScriptCaches (0ms)
		SetupLoadedEditorAssemblies (378ms)
			LogAssemblyErrors (0ms)
			InitializePlatformSupportModulesInManaged (6ms)
			SetLoadedEditorAssemblies (5ms)
			RefreshPlugins (0ms)
			BeforeProcessingInitializeOnLoad (65ms)
			ProcessInitializeOnLoadAttributes (279ms)
			ProcessInitializeOnLoadMethodAttributes (17ms)
			AfterProcessingInitializeOnLoad (7ms)
			EditorAssembliesLoaded (0ms)
		ExecutionOrderSort2 (0ms)
		AwakeInstancesAfterBackupRestoration (10ms)
Shader 'VRM10/Universal Render Pipeline/MToon10': fallback shader 'Hidden/Universal Render Pipeline/FallbackError' not found
Shader 'VRM10/Universal Render Pipeline/MToon10': fallback shader 'Hidden/Universal Render Pipeline/FallbackError' not found
Refreshing native plugins compatible for Editor in 1.69 ms, found 3 plugins.
Preloading 0 native plugins for Editor in 0.00 ms.
Unloading 4092 Unused Serialized files (Serialized files now loaded: 0)
Unloading 33 unused Assets / (2.9 MB). Loaded Objects now: 5353.
Memory consumption went from 177.2 MB to 174.3 MB.
Total: 4.225600 ms (FindLiveObjects: 0.386300 ms CreateObjectMapping: 0.329200 ms MarkObjects: 2.181200 ms  DeleteObjects: 1.328200 ms)

Prepare: number of updated asset objects reloaded= 0
AssetImportParameters requested are different than current active one (requested -> active):
  custom:container-demuxer-ogg: 62fdf1f143b41e24485cea50d1cbac27 -> 
  custom:video-codec-MediaFoundation-h265: 746d11721c4dcdbdad8f713fa42b33f4 -> 
  custom:video-decoder-ogg-theora: a1e56fd34408186e4bbccfd4996cb3dc -> 
  custom:framework-win-MediaFoundation: 216162199b28c13a410421893ffa2e32 -> 
  custom:CustomObjectIndexerAttribute: 756ad292c208cfabdd7b50bc23989ffe -> 
  custom:container-demuxer-webm: 4f35f7cbe854078d1ac9338744f61a02 -> 
  custom:container-muxer-webm: aa71ff27fc2769a1b78a27578f13a17b -> 
  custom:video-decoder-webm-vp8: 9c59270c3fd7afecdb556c50c9e8de78 -> 
  custom:AudioImporter_EditorPlatform: d09bf68614088b80899f8185d706f6e7 -> 
  custom:video-encoder-webm-vp8: eb34c28f22e8b96e1ab97ce403110664 -> 
  custom:audio-decoder-ogg-vorbis: bf7c407c2cedff20999df2af8eb42d56 -> 
  custom:audio-encoder-webm-vorbis: bf7c407c2cedff20999df2af8eb42d56 -> 
========================================================================
Received Prepare
Begin MonoManager ReloadAssembly
Symbol file LoadedFromMemory doesn't match image D:\P_Project\Unity\SandeeProject\SandeeProject\SandeeProject\Library\PackageCache\com.unity.visualscripting@1.8.0\Editor\VisualScripting.Core\Dependencies\YamlDotNet\Unity.VisualScripting.YamlDotNet.dll
Symbol file LoadedFromMemory doesn't match image D:\P_Project\Unity\SandeeProject\SandeeProject\SandeeProject\Library\PackageCache\com.unity.visualscripting@1.8.0\Editor\VisualScripting.Core\Dependencies\DotNetZip\Unity.VisualScripting.IonicZip.dll
- Loaded All Assemblies, in  0.774 seconds
Refreshing native plugins compatible for Editor in 2.42 ms, found 3 plugins.
Native extension for UWP target not found
Native extension for WindowsStandalone target not found
[Package Manager] Server::EnsureServerProcessIsRunning -- launch failed, reason: Unity was launched with the -noUpm command-line argument
[Package Manager] UpmClient::Send -- Unable to send message (not connected to UPM process).
[Package Manager] Cannot connect to Unity Package Manager local server
Mono: successfully reloaded assembly
- Finished resetting the current domain, in  0.851 seconds
Domain Reload Profiling: 1625ms
	BeginReloadAssembly (161ms)
		ExecutionOrderSort (0ms)
		DisableScriptedObjects (7ms)
		BackupInstance (0ms)
		ReleaseScriptingObjects (0ms)
		CreateAndSetChildDomain (48ms)
	RebuildCommonClasses (40ms)
	RebuildNativeTypeToScriptingClass (20ms)
	initialDomainReloadingComplete (29ms)
	LoadAllAssembliesAndSetupDomain (523ms)
		LoadAssemblies (242ms)
		RebuildTransferFunctionScriptingTraits (0ms)
		AnalyzeDomain (349ms)
			TypeCache.Refresh (338ms)
				TypeCache.ScanAssembly (323ms)
			ScanForSourceGeneratedMonoScriptInfo (3ms)
			ResolveRequiredComponents (8ms)
	FinalizeReload (852ms)
		ReleaseScriptCaches (0ms)
		RebuildScriptCaches (0ms)
		SetupLoadedEditorAssemblies (411ms)
			LogAssemblyErrors (0ms)
			InitializePlatformSupportModulesInManaged (6ms)
			SetLoadedEditorAssemblies (5ms)
			RefreshPlugins (0ms)
			BeforeProcessingInitializeOnLoad (79ms)
			ProcessInitializeOnLoadAttributes (299ms)
			ProcessInitializeOnLoadMethodAttributes (18ms)
			AfterProcessingInitializeOnLoad (4ms)
			EditorAssembliesLoaded (0ms)
		ExecutionOrderSort2 (0ms)
		AwakeInstancesAfterBackupRestoration (8ms)
Shader 'VRM10/Universal Render Pipeline/MToon10': fallback shader 'Hidden/Universal Render Pipeline/FallbackError' not found
Shader 'VRM10/Universal Render Pipeline/MToon10': fallback shader 'Hidden/Universal Render Pipeline/FallbackError' not found
Refreshing native plugins compatible for Editor in 1.68 ms, found 3 plugins.
Preloading 0 native plugins for Editor in 0.00 ms.
Unloading 4092 Unused Serialized files (Serialized files now loaded: 0)
Unloading 33 unused Assets / (2.9 MB). Loaded Objects now: 5368.
Memory consumption went from 177.2 MB to 174.3 MB.
Total: 5.091400 ms (FindLiveObjects: 0.427300 ms CreateObjectMapping: 0.384500 ms MarkObjects: 2.764400 ms  DeleteObjects: 1.514100 ms)

Prepare: number of updated asset objects reloaded= 0
AssetImportParameters requested are different than current active one (requested -> active):
  custom:container-demuxer-ogg: 62fdf1f143b41e24485cea50d1cbac27 -> 
  custom:video-codec-MediaFoundation-h265: 746d11721c4dcdbdad8f713fa42b33f4 -> 
  custom:video-decoder-ogg-theora: a1e56fd34408186e4bbccfd4996cb3dc -> 
  custom:framework-win-MediaFoundation: 216162199b28c13a410421893ffa2e32 -> 
  custom:CustomObjectIndexerAttribute: 756ad292c208cfabdd7b50bc23989ffe -> 
  custom:container-demuxer-webm: 4f35f7cbe854078d1ac9338744f61a02 -> 
  custom:container-muxer-webm: aa71ff27fc2769a1b78a27578f13a17b -> 
  custom:video-decoder-webm-vp8: 9c59270c3fd7afecdb556c50c9e8de78 -> 
  custom:AudioImporter_EditorPlatform: d09bf68614088b80899f8185d706f6e7 -> 
  custom:video-encoder-webm-vp8: eb34c28f22e8b96e1ab97ce403110664 -> 
  custom:audio-decoder-ogg-vorbis: bf7c407c2cedff20999df2af8eb42d56 -> 
  custom:audio-encoder-webm-vorbis: bf7c407c2cedff20999df2af8eb42d56 -> 
========================================================================
Received Prepare
Begin MonoManager ReloadAssembly
Symbol file LoadedFromMemory doesn't match image D:\P_Project\Unity\SandeeProject\SandeeProject\SandeeProject\Library\PackageCache\com.unity.visualscripting@1.8.0\Editor\VisualScripting.Core\Dependencies\YamlDotNet\Unity.VisualScripting.YamlDotNet.dll
Symbol file LoadedFromMemory doesn't match image D:\P_Project\Unity\SandeeProject\SandeeProject\SandeeProject\Library\PackageCache\com.unity.visualscripting@1.8.0\Editor\VisualScripting.Core\Dependencies\DotNetZip\Unity.VisualScripting.IonicZip.dll
- Loaded All Assemblies, in  0.749 seconds
Refreshing native plugins compatible for Editor in 1.49 ms, found 3 plugins.
Native extension for UWP target not found
Native extension for WindowsStandalone target not found
[Package Manager] Server::EnsureServerProcessIsRunning -- launch failed, reason: Unity was launched with the -noUpm command-line argument
[Package Manager] UpmClient::Send -- Unable to send message (not connected to UPM process).
[Package Manager] Cannot connect to Unity Package Manager local server
Mono: successfully reloaded assembly
- Finished resetting the current domain, in  0.785 seconds
Domain Reload Profiling: 1533ms
	BeginReloadAssembly (149ms)
		ExecutionOrderSort (0ms)
		DisableScriptedObjects (5ms)
		BackupInstance (0ms)
		ReleaseScriptingObjects (0ms)
		CreateAndSetChildDomain (46ms)
	RebuildCommonClasses (43ms)
	RebuildNativeTypeToScriptingClass (17ms)
	initialDomainReloadingComplete (39ms)
	LoadAllAssembliesAndSetupDomain (500ms)
		LoadAssemblies (236ms)
		RebuildTransferFunctionScriptingTraits (0ms)
		AnalyzeDomain (327ms)
			TypeCache.Refresh (313ms)
				TypeCache.ScanAssembly (299ms)
			ScanForSourceGeneratedMonoScriptInfo (5ms)
			ResolveRequiredComponents (9ms)
	FinalizeReload (785ms)
		ReleaseScriptCaches (0ms)
		RebuildScriptCaches (0ms)
		SetupLoadedEditorAssemblies (381ms)
			LogAssemblyErrors (0ms)
			InitializePlatformSupportModulesInManaged (6ms)
			SetLoadedEditorAssemblies (5ms)
			RefreshPlugins (0ms)
			BeforeProcessingInitializeOnLoad (65ms)
			ProcessInitializeOnLoadAttributes (284ms)
			ProcessInitializeOnLoadMethodAttributes (17ms)
			AfterProcessingInitializeOnLoad (5ms)
			EditorAssembliesLoaded (0ms)
		ExecutionOrderSort2 (0ms)
		AwakeInstancesAfterBackupRestoration (7ms)
Shader 'VRM10/Universal Render Pipeline/MToon10': fallback shader 'Hidden/Universal Render Pipeline/FallbackError' not found
Shader 'VRM10/Universal Render Pipeline/MToon10': fallback shader 'Hidden/Universal Render Pipeline/FallbackError' not found
Refreshing native plugins compatible for Editor in 1.46 ms, found 3 plugins.
Preloading 0 native plugins for Editor in 0.00 ms.
Unloading 4092 Unused Serialized files (Serialized files now loaded: 0)
Unloading 33 unused Assets / (2.9 MB). Loaded Objects now: 5383.
Memory consumption went from 177.2 MB to 174.3 MB.
Total: 4.344600 ms (FindLiveObjects: 0.439900 ms CreateObjectMapping: 0.334900 ms MarkObjects: 2.164100 ms  DeleteObjects: 1.404700 ms)

Prepare: number of updated asset objects reloaded= 0
AssetImportParameters requested are different than current active one (requested -> active):
  custom:container-demuxer-ogg: 62fdf1f143b41e24485cea50d1cbac27 -> 
  custom:video-codec-MediaFoundation-h265: 746d11721c4dcdbdad8f713fa42b33f4 -> 
  custom:video-decoder-ogg-theora: a1e56fd34408186e4bbccfd4996cb3dc -> 
  custom:framework-win-MediaFoundation: 216162199b28c13a410421893ffa2e32 -> 
  custom:CustomObjectIndexerAttribute: 756ad292c208cfabdd7b50bc23989ffe -> 
  custom:container-demuxer-webm: 4f35f7cbe854078d1ac9338744f61a02 -> 
  custom:container-muxer-webm: aa71ff27fc2769a1b78a27578f13a17b -> 
  custom:video-decoder-webm-vp8: 9c59270c3fd7afecdb556c50c9e8de78 -> 
  custom:AudioImporter_EditorPlatform: d09bf68614088b80899f8185d706f6e7 -> 
  custom:video-encoder-webm-vp8: eb34c28f22e8b96e1ab97ce403110664 -> 
  custom:audio-decoder-ogg-vorbis: bf7c407c2cedff20999df2af8eb42d56 -> 
  custom:audio-encoder-webm-vorbis: bf7c407c2cedff20999df2af8eb42d56 -> 
========================================================================
Received Prepare
Begin MonoManager ReloadAssembly
Symbol file LoadedFromMemory doesn't match image D:\P_Project\Unity\SandeeProject\SandeeProject\SandeeProject\Library\PackageCache\com.unity.visualscripting@1.8.0\Editor\VisualScripting.Core\Dependencies\YamlDotNet\Unity.VisualScripting.YamlDotNet.dll
Symbol file LoadedFromMemory doesn't match image D:\P_Project\Unity\SandeeProject\SandeeProject\SandeeProject\Library\PackageCache\com.unity.visualscripting@1.8.0\Editor\VisualScripting.Core\Dependencies\DotNetZip\Unity.VisualScripting.IonicZip.dll
- Loaded All Assemblies, in  0.718 seconds
Refreshing native plugins compatible for Editor in 1.34 ms, found 3 plugins.
Native extension for UWP target not found
Native extension for WindowsStandalone target not found
[Package Manager] Server::EnsureServerProcessIsRunning -- launch failed, reason: Unity was launched with the -noUpm command-line argument
[Package Manager] UpmClient::Send -- Unable to send message (not connected to UPM process).
[Package Manager] Cannot connect to Unity Package Manager local server
Mono: successfully reloaded assembly
- Finished resetting the current domain, in  0.715 seconds
Domain Reload Profiling: 1432ms
	BeginReloadAssembly (127ms)
		ExecutionOrderSort (0ms)
		DisableScriptedObjects (5ms)
		BackupInstance (0ms)
		ReleaseScriptingObjects (0ms)
		CreateAndSetChildDomain (34ms)
	RebuildCommonClasses (46ms)
	RebuildNativeTypeToScriptingClass (12ms)
	initialDomainReloadingComplete (31ms)
	LoadAllAssembliesAndSetupDomain (500ms)
		LoadAssemblies (214ms)
		RebuildTransferFunctionScriptingTraits (0ms)
		AnalyzeDomain (340ms)
			TypeCache.Refresh (330ms)
				TypeCache.ScanAssembly (318ms)
			ScanForSourceGeneratedMonoScriptInfo (0ms)
			ResolveRequiredComponents (10ms)
	FinalizeReload (716ms)
		ReleaseScriptCaches (0ms)
		RebuildScriptCaches (0ms)
		SetupLoadedEditorAssemblies (378ms)
			LogAssemblyErrors (0ms)
			InitializePlatformSupportModulesInManaged (8ms)
			SetLoadedEditorAssemblies (5ms)
			RefreshPlugins (0ms)
			BeforeProcessingInitializeOnLoad (67ms)
			ProcessInitializeOnLoadAttributes (277ms)
			ProcessInitializeOnLoadMethodAttributes (16ms)
			AfterProcessingInitializeOnLoad (4ms)
			EditorAssembliesLoaded (0ms)
		ExecutionOrderSort2 (0ms)
		AwakeInstancesAfterBackupRestoration (7ms)
Shader 'VRM10/Universal Render Pipeline/MToon10': fallback shader 'Hidden/Universal Render Pipeline/FallbackError' not found
Shader 'VRM10/Universal Render Pipeline/MToon10': fallback shader 'Hidden/Universal Render Pipeline/FallbackError' not found
Refreshing native plugins compatible for Editor in 1.98 ms, found 3 plugins.
Preloading 0 native plugins for Editor in 0.00 ms.
Unloading 4092 Unused Serialized files (Serialized files now loaded: 0)
Unloading 33 unused Assets / (2.9 MB). Loaded Objects now: 5398.
Memory consumption went from 177.2 MB to 174.3 MB.
Total: 6.165700 ms (FindLiveObjects: 0.481300 ms CreateObjectMapping: 0.427700 ms MarkObjects: 3.291300 ms  DeleteObjects: 1.964300 ms)

Prepare: number of updated asset objects reloaded= 0
AssetImportParameters requested are different than current active one (requested -> active):
  custom:container-demuxer-ogg: 62fdf1f143b41e24485cea50d1cbac27 -> 
  custom:video-codec-MediaFoundation-h265: 746d11721c4dcdbdad8f713fa42b33f4 -> 
  custom:video-decoder-ogg-theora: a1e56fd34408186e4bbccfd4996cb3dc -> 
  custom:framework-win-MediaFoundation: 216162199b28c13a410421893ffa2e32 -> 
  custom:CustomObjectIndexerAttribute: 756ad292c208cfabdd7b50bc23989ffe -> 
  custom:container-demuxer-webm: 4f35f7cbe854078d1ac9338744f61a02 -> 
  custom:container-muxer-webm: aa71ff27fc2769a1b78a27578f13a17b -> 
  custom:video-decoder-webm-vp8: 9c59270c3fd7afecdb556c50c9e8de78 -> 
  custom:AudioImporter_EditorPlatform: d09bf68614088b80899f8185d706f6e7 -> 
  custom:video-encoder-webm-vp8: eb34c28f22e8b96e1ab97ce403110664 -> 
  custom:audio-decoder-ogg-vorbis: bf7c407c2cedff20999df2af8eb42d56 -> 
  custom:audio-encoder-webm-vorbis: bf7c407c2cedff20999df2af8eb42d56 -> 
========================================================================
Received Prepare
Begin MonoManager ReloadAssembly
Symbol file LoadedFromMemory doesn't match image D:\P_Project\Unity\SandeeProject\SandeeProject\SandeeProject\Library\PackageCache\com.unity.visualscripting@1.8.0\Editor\VisualScripting.Core\Dependencies\YamlDotNet\Unity.VisualScripting.YamlDotNet.dll
Symbol file LoadedFromMemory doesn't match image D:\P_Project\Unity\SandeeProject\SandeeProject\SandeeProject\Library\PackageCache\com.unity.visualscripting@1.8.0\Editor\VisualScripting.Core\Dependencies\DotNetZip\Unity.VisualScripting.IonicZip.dll
- Loaded All Assemblies, in  0.696 seconds
Refreshing native plugins compatible for Editor in 1.45 ms, found 3 plugins.
Native extension for UWP target not found
Native extension for WindowsStandalone target not found
[Package Manager] Server::EnsureServerProcessIsRunning -- launch failed, reason: Unity was launched with the -noUpm command-line argument
[Package Manager] UpmClient::Send -- Unable to send message (not connected to UPM process).
[Package Manager] Cannot connect to Unity Package Manager local server
Mono: successfully reloaded assembly
- Finished resetting the current domain, in  0.727 seconds
Domain Reload Profiling: 1422ms
	BeginReloadAssembly (136ms)
		ExecutionOrderSort (0ms)
		DisableScriptedObjects (5ms)
		BackupInstance (0ms)
		ReleaseScriptingObjects (0ms)
		CreateAndSetChildDomain (42ms)
	RebuildCommonClasses (33ms)
	RebuildNativeTypeToScriptingClass (18ms)
	initialDomainReloadingComplete (26ms)
	LoadAllAssembliesAndSetupDomain (481ms)
		LoadAssemblies (228ms)
		RebuildTransferFunctionScriptingTraits (0ms)
		AnalyzeDomain (309ms)
			TypeCache.Refresh (302ms)
				TypeCache.ScanAssembly (289ms)
			ScanForSourceGeneratedMonoScriptInfo (0ms)
			ResolveRequiredComponents (6ms)
	FinalizeReload (727ms)
		ReleaseScriptCaches (0ms)
		RebuildScriptCaches (0ms)
		SetupLoadedEditorAssemblies (389ms)
			LogAssemblyErrors (0ms)
			InitializePlatformSupportModulesInManaged (5ms)
			SetLoadedEditorAssemblies (5ms)
			RefreshPlugins (0ms)
			BeforeProcessingInitializeOnLoad (63ms)
			ProcessInitializeOnLoadAttributes (295ms)
			ProcessInitializeOnLoadMethodAttributes (16ms)
			AfterProcessingInitializeOnLoad (4ms)
			EditorAssembliesLoaded (0ms)
		ExecutionOrderSort2 (0ms)
		AwakeInstancesAfterBackupRestoration (7ms)
Shader 'VRM10/Universal Render Pipeline/MToon10': fallback shader 'Hidden/Universal Render Pipeline/FallbackError' not found
Shader 'VRM10/Universal Render Pipeline/MToon10': fallback shader 'Hidden/Universal Render Pipeline/FallbackError' not found
Refreshing native plugins compatible for Editor in 2.05 ms, found 3 plugins.
Preloading 0 native plugins for Editor in 0.00 ms.
Unloading 4092 Unused Serialized files (Serialized files now loaded: 0)
Unloading 33 unused Assets / (2.9 MB). Loaded Objects now: 5413.
Memory consumption went from 177.2 MB to 174.3 MB.
Total: 4.115400 ms (FindLiveObjects: 0.373800 ms CreateObjectMapping: 0.309300 ms MarkObjects: 2.132100 ms  DeleteObjects: 1.299400 ms)

Prepare: number of updated asset objects reloaded= 0
AssetImportParameters requested are different than current active one (requested -> active):
  custom:container-demuxer-ogg: 62fdf1f143b41e24485cea50d1cbac27 -> 
  custom:video-codec-MediaFoundation-h265: 746d11721c4dcdbdad8f713fa42b33f4 -> 
  custom:video-decoder-ogg-theora: a1e56fd34408186e4bbccfd4996cb3dc -> 
  custom:framework-win-MediaFoundation: 216162199b28c13a410421893ffa2e32 -> 
  custom:CustomObjectIndexerAttribute: 756ad292c208cfabdd7b50bc23989ffe -> 
  custom:container-demuxer-webm: 4f35f7cbe854078d1ac9338744f61a02 -> 
  custom:container-muxer-webm: aa71ff27fc2769a1b78a27578f13a17b -> 
  custom:video-decoder-webm-vp8: 9c59270c3fd7afecdb556c50c9e8de78 -> 
  custom:AudioImporter_EditorPlatform: d09bf68614088b80899f8185d706f6e7 -> 
  custom:video-encoder-webm-vp8: eb34c28f22e8b96e1ab97ce403110664 -> 
  custom:audio-decoder-ogg-vorbis: bf7c407c2cedff20999df2af8eb42d56 -> 
  custom:audio-encoder-webm-vorbis: bf7c407c2cedff20999df2af8eb42d56 -> 
========================================================================
Received Import Request.
  Time since last request: 3931.430536 seconds.
  path: Assets/Scripts/Player - Inventory/InventoryManager.cs
  artifactKey: Guid(bad639bd4d150f1488b3a52537907b28) Importer(815301076,1909f56bfc062723c751e8b465ee728b)
Start importing Assets/Scripts/Player - Inventory/InventoryManager.cs using Guid(bad639bd4d150f1488b3a52537907b28) Importer(815301076,1909f56bfc062723c751e8b465ee728b)  -> (artifact id: '61e7494bc66123fd1b68c2eeb59ee923') in 0.012176 seconds
Number of updated asset objects reloaded before import = 0
Number of asset objects unloaded after import = 0
========================================================================
Received Prepare
Begin MonoManager ReloadAssembly
Symbol file LoadedFromMemory doesn't match image D:\P_Project\Unity\SandeeProject\SandeeProject\SandeeProject\Library\PackageCache\com.unity.visualscripting@1.8.0\Editor\VisualScripting.Core\Dependencies\YamlDotNet\Unity.VisualScripting.YamlDotNet.dll
Symbol file LoadedFromMemory doesn't match image D:\P_Project\Unity\SandeeProject\SandeeProject\SandeeProject\Library\PackageCache\com.unity.visualscripting@1.8.0\Editor\VisualScripting.Core\Dependencies\DotNetZip\Unity.VisualScripting.IonicZip.dll
- Loaded All Assemblies, in  0.866 seconds
Refreshing native plugins compatible for Editor in 1.45 ms, found 3 plugins.
Native extension for UWP target not found
Native extension for WindowsStandalone target not found
[Package Manager] Server::EnsureServerProcessIsRunning -- launch failed, reason: Unity was launched with the -noUpm command-line argument
[Package Manager] UpmClient::Send -- Unable to send message (not connected to UPM process).
[Package Manager] Cannot connect to Unity Package Manager local server
Mono: successfully reloaded assembly
- Finished resetting the current domain, in  0.801 seconds
Domain Reload Profiling: 1666ms
	BeginReloadAssembly (157ms)
		ExecutionOrderSort (0ms)
		DisableScriptedObjects (6ms)
		BackupInstance (0ms)
		ReleaseScriptingObjects (0ms)
		CreateAndSetChildDomain (49ms)
	RebuildCommonClasses (40ms)
	RebuildNativeTypeToScriptingClass (12ms)
	initialDomainReloadingComplete (26ms)
	LoadAllAssembliesAndSetupDomain (629ms)
		LoadAssemblies (258ms)
		RebuildTransferFunctionScriptingTraits (0ms)
		AnalyzeDomain (434ms)
			TypeCache.Refresh (425ms)
				TypeCache.ScanAssembly (408ms)
			ScanForSourceGeneratedMonoScriptInfo (2ms)
			ResolveRequiredComponents (7ms)
	FinalizeReload (802ms)
		ReleaseScriptCaches (0ms)
		RebuildScriptCaches (0ms)
		SetupLoadedEditorAssemblies (391ms)
			LogAssemblyErrors (0ms)
			InitializePlatformSupportModulesInManaged (5ms)
			SetLoadedEditorAssemblies (4ms)
			RefreshPlugins (0ms)
			BeforeProcessingInitializeOnLoad (62ms)
			ProcessInitializeOnLoadAttributes (297ms)
			ProcessInitializeOnLoadMethodAttributes (17ms)
			AfterProcessingInitializeOnLoad (5ms)
			EditorAssembliesLoaded (0ms)
		ExecutionOrderSort2 (0ms)
		AwakeInstancesAfterBackupRestoration (7ms)
Shader 'VRM10/Universal Render Pipeline/MToon10': fallback shader 'Hidden/Universal Render Pipeline/FallbackError' not found
Shader 'VRM10/Universal Render Pipeline/MToon10': fallback shader 'Hidden/Universal Render Pipeline/FallbackError' not found
Refreshing native plugins compatible for Editor in 1.82 ms, found 3 plugins.
Preloading 0 native plugins for Editor in 0.00 ms.
Unloading 4091 Unused Serialized files (Serialized files now loaded: 0)
Unloading 33 unused Assets / (2.9 MB). Loaded Objects now: 5428.
Memory consumption went from 177.2 MB to 174.3 MB.
Total: 4.280400 ms (FindLiveObjects: 0.404800 ms CreateObjectMapping: 0.320400 ms MarkObjects: 2.208400 ms  DeleteObjects: 1.346100 ms)

Prepare: number of updated asset objects reloaded= 0
AssetImportParameters requested are different than current active one (requested -> active):
  custom:container-demuxer-ogg: 62fdf1f143b41e24485cea50d1cbac27 -> 
  custom:video-codec-MediaFoundation-h265: 746d11721c4dcdbdad8f713fa42b33f4 -> 
  custom:video-decoder-ogg-theora: a1e56fd34408186e4bbccfd4996cb3dc -> 
  custom:framework-win-MediaFoundation: 216162199b28c13a410421893ffa2e32 -> 
  custom:CustomObjectIndexerAttribute: 756ad292c208cfabdd7b50bc23989ffe -> 
  custom:container-demuxer-webm: 4f35f7cbe854078d1ac9338744f61a02 -> 
  custom:container-muxer-webm: aa71ff27fc2769a1b78a27578f13a17b -> 
  custom:video-decoder-webm-vp8: 9c59270c3fd7afecdb556c50c9e8de78 -> 
  custom:AudioImporter_EditorPlatform: d09bf68614088b80899f8185d706f6e7 -> 
  custom:video-encoder-webm-vp8: eb34c28f22e8b96e1ab97ce403110664 -> 
  custom:audio-decoder-ogg-vorbis: bf7c407c2cedff20999df2af8eb42d56 -> 
  custom:audio-encoder-webm-vorbis: bf7c407c2cedff20999df2af8eb42d56 -> 
========================================================================
Received Prepare
Begin MonoManager ReloadAssembly
Symbol file LoadedFromMemory doesn't match image D:\P_Project\Unity\SandeeProject\SandeeProject\SandeeProject\Library\PackageCache\com.unity.visualscripting@1.8.0\Editor\VisualScripting.Core\Dependencies\YamlDotNet\Unity.VisualScripting.YamlDotNet.dll
Symbol file LoadedFromMemory doesn't match image D:\P_Project\Unity\SandeeProject\SandeeProject\SandeeProject\Library\PackageCache\com.unity.visualscripting@1.8.0\Editor\VisualScripting.Core\Dependencies\DotNetZip\Unity.VisualScripting.IonicZip.dll
- Loaded All Assemblies, in  0.722 seconds
Refreshing native plugins compatible for Editor in 2.07 ms, found 3 plugins.
Native extension for UWP target not found
Native extension for WindowsStandalone target not found
[Package Manager] Server::EnsureServerProcessIsRunning -- launch failed, reason: Unity was launched with the -noUpm command-line argument
[Package Manager] UpmClient::Send -- Unable to send message (not connected to UPM process).
[Package Manager] Cannot connect to Unity Package Manager local server
Mono: successfully reloaded assembly
- Finished resetting the current domain, in  0.756 seconds
Domain Reload Profiling: 1477ms
	BeginReloadAssembly (150ms)
		ExecutionOrderSort (0ms)
		DisableScriptedObjects (5ms)
		BackupInstance (0ms)
		ReleaseScriptingObjects (0ms)
		CreateAndSetChildDomain (38ms)
	RebuildCommonClasses (32ms)
	RebuildNativeTypeToScriptingClass (12ms)
	initialDomainReloadingComplete (34ms)
	LoadAllAssembliesAndSetupDomain (492ms)
		LoadAssemblies (241ms)
		RebuildTransferFunctionScriptingTraits (0ms)
		AnalyzeDomain (319ms)
			TypeCache.Refresh (313ms)
				TypeCache.ScanAssembly (300ms)
			ScanForSourceGeneratedMonoScriptInfo (0ms)
			ResolveRequiredComponents (6ms)
	FinalizeReload (756ms)
		ReleaseScriptCaches (0ms)
		RebuildScriptCaches (0ms)
		SetupLoadedEditorAssemblies (399ms)
			LogAssemblyErrors (0ms)
			InitializePlatformSupportModulesInManaged (5ms)
			SetLoadedEditorAssemblies (5ms)
			RefreshPlugins (0ms)
			BeforeProcessingInitializeOnLoad (66ms)
			ProcessInitializeOnLoadAttributes (299ms)
			ProcessInitializeOnLoadMethodAttributes (17ms)
			AfterProcessingInitializeOnLoad (6ms)
			EditorAssembliesLoaded (0ms)
		ExecutionOrderSort2 (0ms)
		AwakeInstancesAfterBackupRestoration (10ms)
Shader 'VRM10/Universal Render Pipeline/MToon10': fallback shader 'Hidden/Universal Render Pipeline/FallbackError' not found
Shader 'VRM10/Universal Render Pipeline/MToon10': fallback shader 'Hidden/Universal Render Pipeline/FallbackError' not found
Refreshing native plugins compatible for Editor in 1.99 ms, found 3 plugins.
Preloading 0 native plugins for Editor in 0.00 ms.
Unloading 4092 Unused Serialized files (Serialized files now loaded: 0)
Unloading 33 unused Assets / (2.9 MB). Loaded Objects now: 5443.
Memory consumption went from 177.5 MB to 174.5 MB.
Total: 4.439500 ms (FindLiveObjects: 0.430200 ms CreateObjectMapping: 0.350500 ms MarkObjects: 2.321100 ms  DeleteObjects: 1.336700 ms)

Prepare: number of updated asset objects reloaded= 0
AssetImportParameters requested are different than current active one (requested -> active):
  custom:container-demuxer-ogg: 62fdf1f143b41e24485cea50d1cbac27 -> 
  custom:video-codec-MediaFoundation-h265: 746d11721c4dcdbdad8f713fa42b33f4 -> 
  custom:video-decoder-ogg-theora: a1e56fd34408186e4bbccfd4996cb3dc -> 
  custom:framework-win-MediaFoundation: 216162199b28c13a410421893ffa2e32 -> 
  custom:CustomObjectIndexerAttribute: 756ad292c208cfabdd7b50bc23989ffe -> 
  custom:container-demuxer-webm: 4f35f7cbe854078d1ac9338744f61a02 -> 
  custom:container-muxer-webm: aa71ff27fc2769a1b78a27578f13a17b -> 
  custom:video-decoder-webm-vp8: 9c59270c3fd7afecdb556c50c9e8de78 -> 
  custom:AudioImporter_EditorPlatform: d09bf68614088b80899f8185d706f6e7 -> 
  custom:video-encoder-webm-vp8: eb34c28f22e8b96e1ab97ce403110664 -> 
  custom:audio-decoder-ogg-vorbis: bf7c407c2cedff20999df2af8eb42d56 -> 
  custom:audio-encoder-webm-vorbis: bf7c407c2cedff20999df2af8eb42d56 -> 
========================================================================
Received Prepare
Begin MonoManager ReloadAssembly
Symbol file LoadedFromMemory doesn't match image D:\P_Project\Unity\SandeeProject\SandeeProject\SandeeProject\Library\PackageCache\com.unity.visualscripting@1.8.0\Editor\VisualScripting.Core\Dependencies\YamlDotNet\Unity.VisualScripting.YamlDotNet.dll
Symbol file LoadedFromMemory doesn't match image D:\P_Project\Unity\SandeeProject\SandeeProject\SandeeProject\Library\PackageCache\com.unity.visualscripting@1.8.0\Editor\VisualScripting.Core\Dependencies\DotNetZip\Unity.VisualScripting.IonicZip.dll
- Loaded All Assemblies, in  0.786 seconds
Refreshing native plugins compatible for Editor in 2.18 ms, found 3 plugins.
Native extension for UWP target not found
Native extension for WindowsStandalone target not found
[Package Manager] Server::EnsureServerProcessIsRunning -- launch failed, reason: Unity was launched with the -noUpm command-line argument
[Package Manager] UpmClient::Send -- Unable to send message (not connected to UPM process).
[Package Manager] Cannot connect to Unity Package Manager local server
Mono: successfully reloaded assembly
- Finished resetting the current domain, in  0.926 seconds
Domain Reload Profiling: 1710ms
	BeginReloadAssembly (142ms)
		ExecutionOrderSort (0ms)
		DisableScriptedObjects (6ms)
		BackupInstance (0ms)
		ReleaseScriptingObjects (0ms)
		CreateAndSetChildDomain (37ms)
	RebuildCommonClasses (34ms)
	RebuildNativeTypeToScriptingClass (12ms)
	initialDomainReloadingComplete (32ms)
	LoadAllAssembliesAndSetupDomain (564ms)
		LoadAssemblies (254ms)
		RebuildTransferFunctionScriptingTraits (0ms)
		AnalyzeDomain (372ms)
			TypeCache.Refresh (363ms)
				TypeCache.ScanAssembly (349ms)
			ScanForSourceGeneratedMonoScriptInfo (2ms)
			ResolveRequiredComponents (7ms)
	FinalizeReload (926ms)
		ReleaseScriptCaches (0ms)
		RebuildScriptCaches (0ms)
		SetupLoadedEditorAssemblies (489ms)
			LogAssemblyErrors (0ms)
			InitializePlatformSupportModulesInManaged (7ms)
			SetLoadedEditorAssemblies (6ms)
			RefreshPlugins (0ms)
			BeforeProcessingInitializeOnLoad (79ms)
			ProcessInitializeOnLoadAttributes (366ms)
			ProcessInitializeOnLoadMethodAttributes (24ms)
			AfterProcessingInitializeOnLoad (5ms)
			EditorAssembliesLoaded (0ms)
		ExecutionOrderSort2 (0ms)
		AwakeInstancesAfterBackupRestoration (9ms)
Shader 'VRM10/Universal Render Pipeline/MToon10': fallback shader 'Hidden/Universal Render Pipeline/FallbackError' not found
Shader 'VRM10/Universal Render Pipeline/MToon10': fallback shader 'Hidden/Universal Render Pipeline/FallbackError' not found
Refreshing native plugins compatible for Editor in 1.57 ms, found 3 plugins.
Preloading 0 native plugins for Editor in 0.00 ms.
Unloading 4092 Unused Serialized files (Serialized files now loaded: 0)
Unloading 33 unused Assets / (2.9 MB). Loaded Objects now: 5458.
Memory consumption went from 177.5 MB to 174.5 MB.
Total: 5.217800 ms (FindLiveObjects: 0.518000 ms CreateObjectMapping: 0.472300 ms MarkObjects: 2.819100 ms  DeleteObjects: 1.407100 ms)

Prepare: number of updated asset objects reloaded= 0
AssetImportParameters requested are different than current active one (requested -> active):
  custom:container-demuxer-ogg: 62fdf1f143b41e24485cea50d1cbac27 -> 
  custom:video-codec-MediaFoundation-h265: 746d11721c4dcdbdad8f713fa42b33f4 -> 
  custom:video-decoder-ogg-theora: a1e56fd34408186e4bbccfd4996cb3dc -> 
  custom:framework-win-MediaFoundation: 216162199b28c13a410421893ffa2e32 -> 
  custom:CustomObjectIndexerAttribute: 756ad292c208cfabdd7b50bc23989ffe -> 
  custom:container-demuxer-webm: 4f35f7cbe854078d1ac9338744f61a02 -> 
  custom:container-muxer-webm: aa71ff27fc2769a1b78a27578f13a17b -> 
  custom:video-decoder-webm-vp8: 9c59270c3fd7afecdb556c50c9e8de78 -> 
  custom:AudioImporter_EditorPlatform: d09bf68614088b80899f8185d706f6e7 -> 
  custom:video-encoder-webm-vp8: eb34c28f22e8b96e1ab97ce403110664 -> 
  custom:audio-decoder-ogg-vorbis: bf7c407c2cedff20999df2af8eb42d56 -> 
  custom:audio-encoder-webm-vorbis: bf7c407c2cedff20999df2af8eb42d56 -> 
========================================================================
Received Prepare
Begin MonoManager ReloadAssembly
Symbol file LoadedFromMemory doesn't match image D:\P_Project\Unity\SandeeProject\SandeeProject\SandeeProject\Library\PackageCache\com.unity.visualscripting@1.8.0\Editor\VisualScripting.Core\Dependencies\YamlDotNet\Unity.VisualScripting.YamlDotNet.dll
Symbol file LoadedFromMemory doesn't match image D:\P_Project\Unity\SandeeProject\SandeeProject\SandeeProject\Library\PackageCache\com.unity.visualscripting@1.8.0\Editor\VisualScripting.Core\Dependencies\DotNetZip\Unity.VisualScripting.IonicZip.dll
- Loaded All Assemblies, in  0.815 seconds
Refreshing native plugins compatible for Editor in 1.51 ms, found 3 plugins.
Native extension for UWP target not found
Native extension for WindowsStandalone target not found
[Package Manager] Server::EnsureServerProcessIsRunning -- launch failed, reason: Unity was launched with the -noUpm command-line argument
[Package Manager] UpmClient::Send -- Unable to send message (not connected to UPM process).
[Package Manager] Cannot connect to Unity Package Manager local server
Mono: successfully reloaded assembly
- Finished resetting the current domain, in  0.857 seconds
Domain Reload Profiling: 1670ms
	BeginReloadAssembly (164ms)
		ExecutionOrderSort (0ms)
		DisableScriptedObjects (7ms)
		BackupInstance (0ms)
		ReleaseScriptingObjects (0ms)
		CreateAndSetChildDomain (44ms)
	RebuildCommonClasses (46ms)
	RebuildNativeTypeToScriptingClass (15ms)
	initialDomainReloadingComplete (38ms)
	LoadAllAssembliesAndSetupDomain (549ms)
		LoadAssemblies (257ms)
		RebuildTransferFunctionScriptingTraits (0ms)
		AnalyzeDomain (363ms)
			TypeCache.Refresh (354ms)
				TypeCache.ScanAssembly (338ms)
			ScanForSourceGeneratedMonoScriptInfo (2ms)
			ResolveRequiredComponents (7ms)
	FinalizeReload (857ms)
		ReleaseScriptCaches (0ms)
		RebuildScriptCaches (0ms)
		SetupLoadedEditorAssemblies (392ms)
			LogAssemblyErrors (0ms)
			InitializePlatformSupportModulesInManaged (6ms)
			SetLoadedEditorAssemblies (5ms)
			RefreshPlugins (0ms)
			BeforeProcessingInitializeOnLoad (63ms)
			ProcessInitializeOnLoadAttributes (294ms)
			ProcessInitializeOnLoadMethodAttributes (19ms)
			AfterProcessingInitializeOnLoad (4ms)
			EditorAssembliesLoaded (0ms)
		ExecutionOrderSort2 (0ms)
		AwakeInstancesAfterBackupRestoration (7ms)
Shader 'VRM10/Universal Render Pipeline/MToon10': fallback shader 'Hidden/Universal Render Pipeline/FallbackError' not found
Shader 'VRM10/Universal Render Pipeline/MToon10': fallback shader 'Hidden/Universal Render Pipeline/FallbackError' not found
Refreshing native plugins compatible for Editor in 2.16 ms, found 3 plugins.
Preloading 0 native plugins for Editor in 0.00 ms.
Unloading 4092 Unused Serialized files (Serialized files now loaded: 0)
Unloading 33 unused Assets / (2.9 MB). Loaded Objects now: 5473.
Memory consumption went from 177.5 MB to 174.5 MB.
Total: 4.804000 ms (FindLiveObjects: 0.443400 ms CreateObjectMapping: 0.392000 ms MarkObjects: 2.496400 ms  DeleteObjects: 1.471100 ms)

Prepare: number of updated asset objects reloaded= 0
AssetImportParameters requested are different than current active one (requested -> active):
  custom:container-demuxer-ogg: 62fdf1f143b41e24485cea50d1cbac27 -> 
  custom:video-codec-MediaFoundation-h265: 746d11721c4dcdbdad8f713fa42b33f4 -> 
  custom:video-decoder-ogg-theora: a1e56fd34408186e4bbccfd4996cb3dc -> 
  custom:framework-win-MediaFoundation: 216162199b28c13a410421893ffa2e32 -> 
  custom:CustomObjectIndexerAttribute: 756ad292c208cfabdd7b50bc23989ffe -> 
  custom:container-demuxer-webm: 4f35f7cbe854078d1ac9338744f61a02 -> 
  custom:container-muxer-webm: aa71ff27fc2769a1b78a27578f13a17b -> 
  custom:video-decoder-webm-vp8: 9c59270c3fd7afecdb556c50c9e8de78 -> 
  custom:AudioImporter_EditorPlatform: d09bf68614088b80899f8185d706f6e7 -> 
  custom:video-encoder-webm-vp8: eb34c28f22e8b96e1ab97ce403110664 -> 
  custom:audio-decoder-ogg-vorbis: bf7c407c2cedff20999df2af8eb42d56 -> 
  custom:audio-encoder-webm-vorbis: bf7c407c2cedff20999df2af8eb42d56 -> 
========================================================================
Received Prepare
Begin MonoManager ReloadAssembly
Symbol file LoadedFromMemory doesn't match image D:\P_Project\Unity\SandeeProject\SandeeProject\SandeeProject\Library\PackageCache\com.unity.visualscripting@1.8.0\Editor\VisualScripting.Core\Dependencies\YamlDotNet\Unity.VisualScripting.YamlDotNet.dll
Symbol file LoadedFromMemory doesn't match image D:\P_Project\Unity\SandeeProject\SandeeProject\SandeeProject\Library\PackageCache\com.unity.visualscripting@1.8.0\Editor\VisualScripting.Core\Dependencies\DotNetZip\Unity.VisualScripting.IonicZip.dll
- Loaded All Assemblies, in  0.731 seconds
Refreshing native plugins compatible for Editor in 2.03 ms, found 3 plugins.
Native extension for UWP target not found
Native extension for WindowsStandalone target not found
[Package Manager] Server::EnsureServerProcessIsRunning -- launch failed, reason: Unity was launched with the -noUpm command-line argument
[Package Manager] UpmClient::Send -- Unable to send message (not connected to UPM process).
[Package Manager] Cannot connect to Unity Package Manager local server
Mono: successfully reloaded assembly
- Finished resetting the current domain, in  0.819 seconds
Domain Reload Profiling: 1549ms
	BeginReloadAssembly (157ms)
		ExecutionOrderSort (0ms)
		DisableScriptedObjects (8ms)
		BackupInstance (0ms)
		ReleaseScriptingObjects (0ms)
		CreateAndSetChildDomain (40ms)
	RebuildCommonClasses (38ms)
	RebuildNativeTypeToScriptingClass (11ms)
	initialDomainReloadingComplete (32ms)
	LoadAllAssembliesAndSetupDomain (491ms)
		LoadAssemblies (236ms)
		RebuildTransferFunctionScriptingTraits (0ms)
		AnalyzeDomain (328ms)
			TypeCache.Refresh (315ms)
				TypeCache.ScanAssembly (303ms)
			ScanForSourceGeneratedMonoScriptInfo (3ms)
			ResolveRequiredComponents (10ms)
	FinalizeReload (820ms)
		ReleaseScriptCaches (0ms)
		RebuildScriptCaches (0ms)
		SetupLoadedEditorAssemblies (388ms)
			LogAssemblyErrors (0ms)
			InitializePlatformSupportModulesInManaged (8ms)
			SetLoadedEditorAssemblies (5ms)
			RefreshPlugins (0ms)
			BeforeProcessingInitializeOnLoad (62ms)
			ProcessInitializeOnLoadAttributes (289ms)
			ProcessInitializeOnLoadMethodAttributes (19ms)
			AfterProcessingInitializeOnLoad (4ms)
			EditorAssembliesLoaded (0ms)
		ExecutionOrderSort2 (0ms)
		AwakeInstancesAfterBackupRestoration (6ms)
Shader 'VRM10/Universal Render Pipeline/MToon10': fallback shader 'Hidden/Universal Render Pipeline/FallbackError' not found
Shader 'VRM10/Universal Render Pipeline/MToon10': fallback shader 'Hidden/Universal Render Pipeline/FallbackError' not found
Refreshing native plugins compatible for Editor in 2.32 ms, found 3 plugins.
Preloading 0 native plugins for Editor in 0.00 ms.
Unloading 4092 Unused Serialized files (Serialized files now loaded: 0)
Unloading 33 unused Assets / (2.9 MB). Loaded Objects now: 5488.
Memory consumption went from 177.5 MB to 174.5 MB.
Total: 4.164200 ms (FindLiveObjects: 0.412600 ms CreateObjectMapping: 0.337800 ms MarkObjects: 2.116100 ms  DeleteObjects: 1.296800 ms)

Prepare: number of updated asset objects reloaded= 0
AssetImportParameters requested are different than current active one (requested -> active):
  custom:container-demuxer-ogg: 62fdf1f143b41e24485cea50d1cbac27 -> 
  custom:video-codec-MediaFoundation-h265: 746d11721c4dcdbdad8f713fa42b33f4 -> 
  custom:video-decoder-ogg-theora: a1e56fd34408186e4bbccfd4996cb3dc -> 
  custom:framework-win-MediaFoundation: 216162199b28c13a410421893ffa2e32 -> 
  custom:CustomObjectIndexerAttribute: 756ad292c208cfabdd7b50bc23989ffe -> 
  custom:container-demuxer-webm: 4f35f7cbe854078d1ac9338744f61a02 -> 
  custom:container-muxer-webm: aa71ff27fc2769a1b78a27578f13a17b -> 
  custom:video-decoder-webm-vp8: 9c59270c3fd7afecdb556c50c9e8de78 -> 
  custom:AudioImporter_EditorPlatform: d09bf68614088b80899f8185d706f6e7 -> 
  custom:video-encoder-webm-vp8: eb34c28f22e8b96e1ab97ce403110664 -> 
  custom:audio-decoder-ogg-vorbis: bf7c407c2cedff20999df2af8eb42d56 -> 
  custom:audio-encoder-webm-vorbis: bf7c407c2cedff20999df2af8eb42d56 -> 
========================================================================
Received Prepare
Begin MonoManager ReloadAssembly
Symbol file LoadedFromMemory doesn't match image D:\P_Project\Unity\SandeeProject\SandeeProject\SandeeProject\Library\PackageCache\com.unity.visualscripting@1.8.0\Editor\VisualScripting.Core\Dependencies\YamlDotNet\Unity.VisualScripting.YamlDotNet.dll
Symbol file LoadedFromMemory doesn't match image D:\P_Project\Unity\SandeeProject\SandeeProject\SandeeProject\Library\PackageCache\com.unity.visualscripting@1.8.0\Editor\VisualScripting.Core\Dependencies\DotNetZip\Unity.VisualScripting.IonicZip.dll
- Loaded All Assemblies, in  0.709 seconds
Refreshing native plugins compatible for Editor in 1.47 ms, found 3 plugins.
Native extension for UWP target not found
Native extension for WindowsStandalone target not found
[Package Manager] Server::EnsureServerProcessIsRunning -- launch failed, reason: Unity was launched with the -noUpm command-line argument
[Package Manager] UpmClient::Send -- Unable to send message (not connected to UPM process).
[Package Manager] Cannot connect to Unity Package Manager local server
Mono: successfully reloaded assembly
- Finished resetting the current domain, in  0.769 seconds
Domain Reload Profiling: 1476ms
	BeginReloadAssembly (141ms)
		ExecutionOrderSort (0ms)
		DisableScriptedObjects (5ms)
		BackupInstance (0ms)
		ReleaseScriptingObjects (0ms)
		CreateAndSetChildDomain (38ms)
	RebuildCommonClasses (33ms)
	RebuildNativeTypeToScriptingClass (11ms)
	initialDomainReloadingComplete (26ms)
	LoadAllAssembliesAndSetupDomain (496ms)
		LoadAssemblies (232ms)
		RebuildTransferFunctionScriptingTraits (0ms)
		AnalyzeDomain (323ms)
			TypeCache.Refresh (316ms)
				TypeCache.ScanAssembly (302ms)
			ScanForSourceGeneratedMonoScriptInfo (0ms)
			ResolveRequiredComponents (7ms)
	FinalizeReload (769ms)
		ReleaseScriptCaches (0ms)
		RebuildScriptCaches (0ms)
		SetupLoadedEditorAssemblies (409ms)
			LogAssemblyErrors (0ms)
			InitializePlatformSupportModulesInManaged (6ms)
			SetLoadedEditorAssemblies (5ms)
			RefreshPlugins (0ms)
			BeforeProcessingInitializeOnLoad (66ms)
			ProcessInitializeOnLoadAttributes (310ms)
			ProcessInitializeOnLoadMethodAttributes (18ms)
			AfterProcessingInitializeOnLoad (5ms)
			EditorAssembliesLoaded (0ms)
		ExecutionOrderSort2 (0ms)
		AwakeInstancesAfterBackupRestoration (7ms)
Shader 'VRM10/Universal Render Pipeline/MToon10': fallback shader 'Hidden/Universal Render Pipeline/FallbackError' not found
Shader 'VRM10/Universal Render Pipeline/MToon10': fallback shader 'Hidden/Universal Render Pipeline/FallbackError' not found
Refreshing native plugins compatible for Editor in 1.46 ms, found 3 plugins.
Preloading 0 native plugins for Editor in 0.00 ms.
Unloading 4092 Unused Serialized files (Serialized files now loaded: 0)
Unloading 33 unused Assets / (2.9 MB). Loaded Objects now: 5503.
Memory consumption went from 177.5 MB to 174.6 MB.
Total: 4.371200 ms (FindLiveObjects: 0.442300 ms CreateObjectMapping: 0.342600 ms MarkObjects: 2.253600 ms  DeleteObjects: 1.332000 ms)

Prepare: number of updated asset objects reloaded= 0
AssetImportParameters requested are different than current active one (requested -> active):
  custom:container-demuxer-ogg: 62fdf1f143b41e24485cea50d1cbac27 -> 
  custom:video-codec-MediaFoundation-h265: 746d11721c4dcdbdad8f713fa42b33f4 -> 
  custom:video-decoder-ogg-theora: a1e56fd34408186e4bbccfd4996cb3dc -> 
  custom:framework-win-MediaFoundation: 216162199b28c13a410421893ffa2e32 -> 
  custom:CustomObjectIndexerAttribute: 756ad292c208cfabdd7b50bc23989ffe -> 
  custom:container-demuxer-webm: 4f35f7cbe854078d1ac9338744f61a02 -> 
  custom:container-muxer-webm: aa71ff27fc2769a1b78a27578f13a17b -> 
  custom:video-decoder-webm-vp8: 9c59270c3fd7afecdb556c50c9e8de78 -> 
  custom:AudioImporter_EditorPlatform: d09bf68614088b80899f8185d706f6e7 -> 
  custom:video-encoder-webm-vp8: eb34c28f22e8b96e1ab97ce403110664 -> 
  custom:audio-decoder-ogg-vorbis: bf7c407c2cedff20999df2af8eb42d56 -> 
  custom:audio-encoder-webm-vorbis: bf7c407c2cedff20999df2af8eb42d56 -> 
========================================================================
Received Prepare
Begin MonoManager ReloadAssembly
Symbol file LoadedFromMemory doesn't match image D:\P_Project\Unity\SandeeProject\SandeeProject\SandeeProject\Library\PackageCache\com.unity.visualscripting@1.8.0\Editor\VisualScripting.Core\Dependencies\YamlDotNet\Unity.VisualScripting.YamlDotNet.dll
Symbol file LoadedFromMemory doesn't match image D:\P_Project\Unity\SandeeProject\SandeeProject\SandeeProject\Library\PackageCache\com.unity.visualscripting@1.8.0\Editor\VisualScripting.Core\Dependencies\DotNetZip\Unity.VisualScripting.IonicZip.dll
- Loaded All Assemblies, in  0.668 seconds
Refreshing native plugins compatible for Editor in 1.41 ms, found 3 plugins.
Native extension for UWP target not found
Native extension for WindowsStandalone target not found
[Package Manager] Server::EnsureServerProcessIsRunning -- launch failed, reason: Unity was launched with the -noUpm command-line argument
[Package Manager] UpmClient::Send -- Unable to send message (not connected to UPM process).
[Package Manager] Cannot connect to Unity Package Manager local server
Mono: successfully reloaded assembly
- Finished resetting the current domain, in  0.768 seconds
Domain Reload Profiling: 1435ms
	BeginReloadAssembly (136ms)
		ExecutionOrderSort (0ms)
		DisableScriptedObjects (8ms)
		BackupInstance (0ms)
		ReleaseScriptingObjects (0ms)
		CreateAndSetChildDomain (34ms)
	RebuildCommonClasses (31ms)
	RebuildNativeTypeToScriptingClass (11ms)
	initialDomainReloadingComplete (30ms)
	LoadAllAssembliesAndSetupDomain (457ms)
		LoadAssemblies (223ms)
		RebuildTransferFunctionScriptingTraits (0ms)
		AnalyzeDomain (293ms)
			TypeCache.Refresh (284ms)
				TypeCache.ScanAssembly (268ms)
			ScanForSourceGeneratedMonoScriptInfo (0ms)
			ResolveRequiredComponents (9ms)
	FinalizeReload (768ms)
		ReleaseScriptCaches (0ms)
		RebuildScriptCaches (0ms)
		SetupLoadedEditorAssemblies (409ms)
			LogAssemblyErrors (0ms)
			InitializePlatformSupportModulesInManaged (5ms)
			SetLoadedEditorAssemblies (5ms)
			RefreshPlugins (0ms)
			BeforeProcessingInitializeOnLoad (65ms)
			ProcessInitializeOnLoadAttributes (309ms)
			ProcessInitializeOnLoadMethodAttributes (20ms)
			AfterProcessingInitializeOnLoad (4ms)
			EditorAssembliesLoaded (0ms)
		ExecutionOrderSort2 (0ms)
		AwakeInstancesAfterBackupRestoration (7ms)
Shader 'VRM10/Universal Render Pipeline/MToon10': fallback shader 'Hidden/Universal Render Pipeline/FallbackError' not found
Shader 'VRM10/Universal Render Pipeline/MToon10': fallback shader 'Hidden/Universal Render Pipeline/FallbackError' not found
Refreshing native plugins compatible for Editor in 1.35 ms, found 3 plugins.
Preloading 0 native plugins for Editor in 0.00 ms.
Unloading 4092 Unused Serialized files (Serialized files now loaded: 0)
Unloading 33 unused Assets / (2.9 MB). Loaded Objects now: 5518.
Memory consumption went from 177.5 MB to 174.6 MB.
Total: 4.388500 ms (FindLiveObjects: 0.469500 ms CreateObjectMapping: 0.380800 ms MarkObjects: 2.171400 ms  DeleteObjects: 1.365700 ms)

Prepare: number of updated asset objects reloaded= 0
AssetImportParameters requested are different than current active one (requested -> active):
  custom:container-demuxer-ogg: 62fdf1f143b41e24485cea50d1cbac27 -> 
  custom:video-codec-MediaFoundation-h265: 746d11721c4dcdbdad8f713fa42b33f4 -> 
  custom:video-decoder-ogg-theora: a1e56fd34408186e4bbccfd4996cb3dc -> 
  custom:framework-win-MediaFoundation: 216162199b28c13a410421893ffa2e32 -> 
  custom:CustomObjectIndexerAttribute: 756ad292c208cfabdd7b50bc23989ffe -> 
  custom:container-demuxer-webm: 4f35f7cbe854078d1ac9338744f61a02 -> 
  custom:container-muxer-webm: aa71ff27fc2769a1b78a27578f13a17b -> 
  custom:video-decoder-webm-vp8: 9c59270c3fd7afecdb556c50c9e8de78 -> 
  custom:AudioImporter_EditorPlatform: d09bf68614088b80899f8185d706f6e7 -> 
  custom:video-encoder-webm-vp8: eb34c28f22e8b96e1ab97ce403110664 -> 
  custom:audio-decoder-ogg-vorbis: bf7c407c2cedff20999df2af8eb42d56 -> 
  custom:audio-encoder-webm-vorbis: bf7c407c2cedff20999df2af8eb42d56 -> 
========================================================================
Received Prepare
Begin MonoManager ReloadAssembly
Symbol file LoadedFromMemory doesn't match image D:\P_Project\Unity\SandeeProject\SandeeProject\SandeeProject\Library\PackageCache\com.unity.visualscripting@1.8.0\Editor\VisualScripting.Core\Dependencies\YamlDotNet\Unity.VisualScripting.YamlDotNet.dll
Symbol file LoadedFromMemory doesn't match image D:\P_Project\Unity\SandeeProject\SandeeProject\SandeeProject\Library\PackageCache\com.unity.visualscripting@1.8.0\Editor\VisualScripting.Core\Dependencies\DotNetZip\Unity.VisualScripting.IonicZip.dll
- Loaded All Assemblies, in  0.799 seconds
Refreshing native plugins compatible for Editor in 1.65 ms, found 3 plugins.
Native extension for UWP target not found
Native extension for WindowsStandalone target not found
[Package Manager] Server::EnsureServerProcessIsRunning -- launch failed, reason: Unity was launched with the -noUpm command-line argument
[Package Manager] UpmClient::Send -- Unable to send message (not connected to UPM process).
[Package Manager] Cannot connect to Unity Package Manager local server
Mono: successfully reloaded assembly
- Finished resetting the current domain, in  0.867 seconds
Domain Reload Profiling: 1664ms
	BeginReloadAssembly (141ms)
		ExecutionOrderSort (0ms)
		DisableScriptedObjects (8ms)
		BackupInstance (0ms)
		ReleaseScriptingObjects (0ms)
		CreateAndSetChildDomain (37ms)
	RebuildCommonClasses (38ms)
	RebuildNativeTypeToScriptingClass (14ms)
	initialDomainReloadingComplete (31ms)
	LoadAllAssembliesAndSetupDomain (574ms)
		LoadAssemblies (267ms)
		RebuildTransferFunctionScriptingTraits (0ms)
		AnalyzeDomain (366ms)
			TypeCache.Refresh (358ms)
				TypeCache.ScanAssembly (344ms)
			ScanForSourceGeneratedMonoScriptInfo (0ms)
			ResolveRequiredComponents (7ms)
	FinalizeReload (867ms)
		ReleaseScriptCaches (0ms)
		RebuildScriptCaches (0ms)
		SetupLoadedEditorAssemblies (486ms)
			LogAssemblyErrors (0ms)
			InitializePlatformSupportModulesInManaged (6ms)
			SetLoadedEditorAssemblies (6ms)
			RefreshPlugins (0ms)
			BeforeProcessingInitializeOnLoad (97ms)
			ProcessInitializeOnLoadAttributes (349ms)
			ProcessInitializeOnLoadMethodAttributes (24ms)
			AfterProcessingInitializeOnLoad (5ms)
			EditorAssembliesLoaded (0ms)
		ExecutionOrderSort2 (0ms)
		AwakeInstancesAfterBackupRestoration (8ms)
Shader 'VRM10/Universal Render Pipeline/MToon10': fallback shader 'Hidden/Universal Render Pipeline/FallbackError' not found
Shader 'VRM10/Universal Render Pipeline/MToon10': fallback shader 'Hidden/Universal Render Pipeline/FallbackError' not found
Refreshing native plugins compatible for Editor in 2.50 ms, found 3 plugins.
Preloading 0 native plugins for Editor in 0.00 ms.
Unloading 4092 Unused Serialized files (Serialized files now loaded: 0)
Unloading 33 unused Assets / (2.9 MB). Loaded Objects now: 5533.
Memory consumption went from 177.5 MB to 174.6 MB.
Total: 4.708900 ms (FindLiveObjects: 0.466600 ms CreateObjectMapping: 0.361300 ms MarkObjects: 2.467700 ms  DeleteObjects: 1.412300 ms)

Prepare: number of updated asset objects reloaded= 0
AssetImportParameters requested are different than current active one (requested -> active):
  custom:container-demuxer-ogg: 62fdf1f143b41e24485cea50d1cbac27 -> 
  custom:video-codec-MediaFoundation-h265: 746d11721c4dcdbdad8f713fa42b33f4 -> 
  custom:video-decoder-ogg-theora: a1e56fd34408186e4bbccfd4996cb3dc -> 
  custom:framework-win-MediaFoundation: 216162199b28c13a410421893ffa2e32 -> 
  custom:CustomObjectIndexerAttribute: 756ad292c208cfabdd7b50bc23989ffe -> 
  custom:container-demuxer-webm: 4f35f7cbe854078d1ac9338744f61a02 -> 
  custom:container-muxer-webm: aa71ff27fc2769a1b78a27578f13a17b -> 
  custom:video-decoder-webm-vp8: 9c59270c3fd7afecdb556c50c9e8de78 -> 
  custom:AudioImporter_EditorPlatform: d09bf68614088b80899f8185d706f6e7 -> 
  custom:video-encoder-webm-vp8: eb34c28f22e8b96e1ab97ce403110664 -> 
  custom:audio-decoder-ogg-vorbis: bf7c407c2cedff20999df2af8eb42d56 -> 
  custom:audio-encoder-webm-vorbis: bf7c407c2cedff20999df2af8eb42d56 -> 
========================================================================
Received Prepare
Begin MonoManager ReloadAssembly
Symbol file LoadedFromMemory doesn't match image D:\P_Project\Unity\SandeeProject\SandeeProject\SandeeProject\Library\PackageCache\com.unity.visualscripting@1.8.0\Editor\VisualScripting.Core\Dependencies\YamlDotNet\Unity.VisualScripting.YamlDotNet.dll
Symbol file LoadedFromMemory doesn't match image D:\P_Project\Unity\SandeeProject\SandeeProject\SandeeProject\Library\PackageCache\com.unity.visualscripting@1.8.0\Editor\VisualScripting.Core\Dependencies\DotNetZip\Unity.VisualScripting.IonicZip.dll
- Loaded All Assemblies, in  0.727 seconds
Refreshing native plugins compatible for Editor in 1.99 ms, found 3 plugins.
Native extension for UWP target not found
Native extension for WindowsStandalone target not found
[Package Manager] Server::EnsureServerProcessIsRunning -- launch failed, reason: Unity was launched with the -noUpm command-line argument
[Package Manager] UpmClient::Send -- Unable to send message (not connected to UPM process).
[Package Manager] Cannot connect to Unity Package Manager local server
Mono: successfully reloaded assembly
- Finished resetting the current domain, in  0.748 seconds
Domain Reload Profiling: 1474ms
	BeginReloadAssembly (155ms)
		ExecutionOrderSort (0ms)
		DisableScriptedObjects (5ms)
		BackupInstance (0ms)
		ReleaseScriptingObjects (0ms)
		CreateAndSetChildDomain (42ms)
	RebuildCommonClasses (41ms)
	RebuildNativeTypeToScriptingClass (15ms)
	initialDomainReloadingComplete (29ms)
	LoadAllAssembliesAndSetupDomain (487ms)
		LoadAssemblies (240ms)
		RebuildTransferFunctionScriptingTraits (0ms)
		AnalyzeDomain (318ms)
			TypeCache.Refresh (308ms)
				TypeCache.ScanAssembly (295ms)
			ScanForSourceGeneratedMonoScriptInfo (0ms)
			ResolveRequiredComponents (10ms)
	FinalizeReload (748ms)
		ReleaseScriptCaches (0ms)
		RebuildScriptCaches (0ms)
		SetupLoadedEditorAssemblies (396ms)
			LogAssemblyErrors (0ms)
			InitializePlatformSupportModulesInManaged (5ms)
			SetLoadedEditorAssemblies (5ms)
			RefreshPlugins (0ms)
			BeforeProcessingInitializeOnLoad (66ms)
			ProcessInitializeOnLoadAttributes (293ms)
			ProcessInitializeOnLoadMethodAttributes (22ms)
			AfterProcessingInitializeOnLoad (5ms)
			EditorAssembliesLoaded (0ms)
		ExecutionOrderSort2 (0ms)
		AwakeInstancesAfterBackupRestoration (7ms)
Shader 'VRM10/Universal Render Pipeline/MToon10': fallback shader 'Hidden/Universal Render Pipeline/FallbackError' not found
Shader 'VRM10/Universal Render Pipeline/MToon10': fallback shader 'Hidden/Universal Render Pipeline/FallbackError' not found
Refreshing native plugins compatible for Editor in 2.17 ms, found 3 plugins.
Preloading 0 native plugins for Editor in 0.00 ms.
Unloading 4092 Unused Serialized files (Serialized files now loaded: 0)
Unloading 33 unused Assets / (2.9 MB). Loaded Objects now: 5548.
Memory consumption went from 177.5 MB to 174.6 MB.
Total: 4.884400 ms (FindLiveObjects: 0.466700 ms CreateObjectMapping: 0.363400 ms MarkObjects: 2.503900 ms  DeleteObjects: 1.549600 ms)

Prepare: number of updated asset objects reloaded= 0
AssetImportParameters requested are different than current active one (requested -> active):
  custom:container-demuxer-ogg: 62fdf1f143b41e24485cea50d1cbac27 -> 
  custom:video-codec-MediaFoundation-h265: 746d11721c4dcdbdad8f713fa42b33f4 -> 
  custom:video-decoder-ogg-theora: a1e56fd34408186e4bbccfd4996cb3dc -> 
  custom:framework-win-MediaFoundation: 216162199b28c13a410421893ffa2e32 -> 
  custom:CustomObjectIndexerAttribute: 756ad292c208cfabdd7b50bc23989ffe -> 
  custom:container-demuxer-webm: 4f35f7cbe854078d1ac9338744f61a02 -> 
  custom:container-muxer-webm: aa71ff27fc2769a1b78a27578f13a17b -> 
  custom:video-decoder-webm-vp8: 9c59270c3fd7afecdb556c50c9e8de78 -> 
  custom:AudioImporter_EditorPlatform: d09bf68614088b80899f8185d706f6e7 -> 
  custom:video-encoder-webm-vp8: eb34c28f22e8b96e1ab97ce403110664 -> 
  custom:audio-decoder-ogg-vorbis: bf7c407c2cedff20999df2af8eb42d56 -> 
  custom:audio-encoder-webm-vorbis: bf7c407c2cedff20999df2af8eb42d56 -> 
========================================================================
Received Prepare
Begin MonoManager ReloadAssembly
Symbol file LoadedFromMemory doesn't match image D:\P_Project\Unity\SandeeProject\SandeeProject\SandeeProject\Library\PackageCache\com.unity.visualscripting@1.8.0\Editor\VisualScripting.Core\Dependencies\YamlDotNet\Unity.VisualScripting.YamlDotNet.dll
Symbol file LoadedFromMemory doesn't match image D:\P_Project\Unity\SandeeProject\SandeeProject\SandeeProject\Library\PackageCache\com.unity.visualscripting@1.8.0\Editor\VisualScripting.Core\Dependencies\DotNetZip\Unity.VisualScripting.IonicZip.dll
- Loaded All Assemblies, in  0.726 seconds
Refreshing native plugins compatible for Editor in 1.55 ms, found 3 plugins.
Native extension for UWP target not found
Native extension for WindowsStandalone target not found
[Package Manager] Server::EnsureServerProcessIsRunning -- launch failed, reason: Unity was launched with the -noUpm command-line argument
[Package Manager] UpmClient::Send -- Unable to send message (not connected to UPM process).
[Package Manager] Cannot connect to Unity Package Manager local server
Mono: successfully reloaded assembly
- Finished resetting the current domain, in  0.771 seconds
Domain Reload Profiling: 1495ms
	BeginReloadAssembly (149ms)
		ExecutionOrderSort (0ms)
		DisableScriptedObjects (9ms)
		BackupInstance (0ms)
		ReleaseScriptingObjects (0ms)
		CreateAndSetChildDomain (45ms)
	RebuildCommonClasses (35ms)
	RebuildNativeTypeToScriptingClass (12ms)
	initialDomainReloadingComplete (28ms)
	LoadAllAssembliesAndSetupDomain (499ms)
		LoadAssemblies (230ms)
		RebuildTransferFunctionScriptingTraits (0ms)
		AnalyzeDomain (331ms)
			TypeCache.Refresh (324ms)
				TypeCache.ScanAssembly (313ms)
			ScanForSourceGeneratedMonoScriptInfo (0ms)
			ResolveRequiredComponents (7ms)
	FinalizeReload (771ms)
		ReleaseScriptCaches (0ms)
		RebuildScriptCaches (0ms)
		SetupLoadedEditorAssemblies (418ms)
			LogAssemblyErrors (0ms)
			InitializePlatformSupportModulesInManaged (5ms)
			SetLoadedEditorAssemblies (5ms)
			RefreshPlugins (0ms)
			BeforeProcessingInitializeOnLoad (65ms)
			ProcessInitializeOnLoadAttributes (314ms)
			ProcessInitializeOnLoadMethodAttributes (22ms)
			AfterProcessingInitializeOnLoad (7ms)
			EditorAssembliesLoaded (0ms)
		ExecutionOrderSort2 (0ms)
		AwakeInstancesAfterBackupRestoration (9ms)
Shader 'VRM10/Universal Render Pipeline/MToon10': fallback shader 'Hidden/Universal Render Pipeline/FallbackError' not found
Shader 'VRM10/Universal Render Pipeline/MToon10': fallback shader 'Hidden/Universal Render Pipeline/FallbackError' not found
Refreshing native plugins compatible for Editor in 1.69 ms, found 3 plugins.
Preloading 0 native plugins for Editor in 0.00 ms.
Unloading 4092 Unused Serialized files (Serialized files now loaded: 0)
Unloading 33 unused Assets / (2.9 MB). Loaded Objects now: 5563.
Memory consumption went from 177.5 MB to 174.6 MB.
Total: 4.921900 ms (FindLiveObjects: 0.463000 ms CreateObjectMapping: 0.382000 ms MarkObjects: 2.229100 ms  DeleteObjects: 1.846900 ms)

Prepare: number of updated asset objects reloaded= 0
AssetImportParameters requested are different than current active one (requested -> active):
  custom:container-demuxer-ogg: 62fdf1f143b41e24485cea50d1cbac27 -> 
  custom:video-codec-MediaFoundation-h265: 746d11721c4dcdbdad8f713fa42b33f4 -> 
  custom:video-decoder-ogg-theora: a1e56fd34408186e4bbccfd4996cb3dc -> 
  custom:framework-win-MediaFoundation: 216162199b28c13a410421893ffa2e32 -> 
  custom:CustomObjectIndexerAttribute: 756ad292c208cfabdd7b50bc23989ffe -> 
  custom:container-demuxer-webm: 4f35f7cbe854078d1ac9338744f61a02 -> 
  custom:container-muxer-webm: aa71ff27fc2769a1b78a27578f13a17b -> 
  custom:video-decoder-webm-vp8: 9c59270c3fd7afecdb556c50c9e8de78 -> 
  custom:AudioImporter_EditorPlatform: d09bf68614088b80899f8185d706f6e7 -> 
  custom:video-encoder-webm-vp8: eb34c28f22e8b96e1ab97ce403110664 -> 
  custom:audio-decoder-ogg-vorbis: bf7c407c2cedff20999df2af8eb42d56 -> 
  custom:audio-encoder-webm-vorbis: bf7c407c2cedff20999df2af8eb42d56 -> 
========================================================================
Received Prepare
Begin MonoManager ReloadAssembly
Symbol file LoadedFromMemory doesn't match image D:\P_Project\Unity\SandeeProject\SandeeProject\SandeeProject\Library\PackageCache\com.unity.visualscripting@1.8.0\Editor\VisualScripting.Core\Dependencies\YamlDotNet\Unity.VisualScripting.YamlDotNet.dll
Symbol file LoadedFromMemory doesn't match image D:\P_Project\Unity\SandeeProject\SandeeProject\SandeeProject\Library\PackageCache\com.unity.visualscripting@1.8.0\Editor\VisualScripting.Core\Dependencies\DotNetZip\Unity.VisualScripting.IonicZip.dll
- Loaded All Assemblies, in  0.725 seconds
Refreshing native plugins compatible for Editor in 2.09 ms, found 3 plugins.
Native extension for UWP target not found
Native extension for WindowsStandalone target not found
[Package Manager] Server::EnsureServerProcessIsRunning -- launch failed, reason: Unity was launched with the -noUpm command-line argument
[Package Manager] UpmClient::Send -- Unable to send message (not connected to UPM process).
[Package Manager] Cannot connect to Unity Package Manager local server
Mono: successfully reloaded assembly
- Finished resetting the current domain, in  0.820 seconds
Domain Reload Profiling: 1544ms
	BeginReloadAssembly (139ms)
		ExecutionOrderSort (0ms)
		DisableScriptedObjects (5ms)
		BackupInstance (0ms)
		ReleaseScriptingObjects (0ms)
		CreateAndSetChildDomain (42ms)
	RebuildCommonClasses (41ms)
	RebuildNativeTypeToScriptingClass (16ms)
	initialDomainReloadingComplete (32ms)
	LoadAllAssembliesAndSetupDomain (496ms)
		LoadAssemblies (225ms)
		RebuildTransferFunctionScriptingTraits (0ms)
		AnalyzeDomain (328ms)
			TypeCache.Refresh (320ms)
				TypeCache.ScanAssembly (309ms)
			ScanForSourceGeneratedMonoScriptInfo (0ms)
			ResolveRequiredComponents (8ms)
	FinalizeReload (821ms)
		ReleaseScriptCaches (0ms)
		RebuildScriptCaches (0ms)
		SetupLoadedEditorAssemblies (405ms)
			LogAssemblyErrors (0ms)
			InitializePlatformSupportModulesInManaged (6ms)
			SetLoadedEditorAssemblies (5ms)
			RefreshPlugins (0ms)
			BeforeProcessingInitializeOnLoad (67ms)
			ProcessInitializeOnLoadAttributes (299ms)
			ProcessInitializeOnLoadMethodAttributes (21ms)
			AfterProcessingInitializeOnLoad (6ms)
			EditorAssembliesLoaded (0ms)
		ExecutionOrderSort2 (0ms)
		AwakeInstancesAfterBackupRestoration (9ms)
Shader 'VRM10/Universal Render Pipeline/MToon10': fallback shader 'Hidden/Universal Render Pipeline/FallbackError' not found
Shader 'VRM10/Universal Render Pipeline/MToon10': fallback shader 'Hidden/Universal Render Pipeline/FallbackError' not found
Refreshing native plugins compatible for Editor in 1.44 ms, found 3 plugins.
Preloading 0 native plugins for Editor in 0.00 ms.
Unloading 4092 Unused Serialized files (Serialized files now loaded: 0)
Unloading 33 unused Assets / (2.9 MB). Loaded Objects now: 5578.
Memory consumption went from 177.5 MB to 174.6 MB.
Total: 4.235000 ms (FindLiveObjects: 0.433800 ms CreateObjectMapping: 0.353600 ms MarkObjects: 2.158700 ms  DeleteObjects: 1.288000 ms)

Prepare: number of updated asset objects reloaded= 0
AssetImportParameters requested are different than current active one (requested -> active):
  custom:container-demuxer-ogg: 62fdf1f143b41e24485cea50d1cbac27 -> 
  custom:video-codec-MediaFoundation-h265: 746d11721c4dcdbdad8f713fa42b33f4 -> 
  custom:video-decoder-ogg-theora: a1e56fd34408186e4bbccfd4996cb3dc -> 
  custom:framework-win-MediaFoundation: 216162199b28c13a410421893ffa2e32 -> 
  custom:CustomObjectIndexerAttribute: 756ad292c208cfabdd7b50bc23989ffe -> 
  custom:container-demuxer-webm: 4f35f7cbe854078d1ac9338744f61a02 -> 
  custom:container-muxer-webm: aa71ff27fc2769a1b78a27578f13a17b -> 
  custom:video-decoder-webm-vp8: 9c59270c3fd7afecdb556c50c9e8de78 -> 
  custom:AudioImporter_EditorPlatform: d09bf68614088b80899f8185d706f6e7 -> 
  custom:video-encoder-webm-vp8: eb34c28f22e8b96e1ab97ce403110664 -> 
  custom:audio-decoder-ogg-vorbis: bf7c407c2cedff20999df2af8eb42d56 -> 
  custom:audio-encoder-webm-vorbis: bf7c407c2cedff20999df2af8eb42d56 -> 
========================================================================
Received Import Request.
  Time since last request: 1357.814750 seconds.
  path: Assets/Scripts/Player - Pick items/CollectItem.cs
  artifactKey: Guid(8de41420d47446f42958787de26f8929) Importer(815301076,1909f56bfc062723c751e8b465ee728b)
Start importing Assets/Scripts/Player - Pick items/CollectItem.cs using Guid(8de41420d47446f42958787de26f8929) Importer(815301076,1909f56bfc062723c751e8b465ee728b)  -> (artifact id: '2309ed288bb3614376bf827439809ecd') in 0.009014 seconds
Number of updated asset objects reloaded before import = 0
Number of asset objects unloaded after import = 0
========================================================================
Received Prepare
Begin MonoManager ReloadAssembly
Symbol file LoadedFromMemory doesn't match image D:\P_Project\Unity\SandeeProject\SandeeProject\SandeeProject\Library\PackageCache\com.unity.visualscripting@1.8.0\Editor\VisualScripting.Core\Dependencies\YamlDotNet\Unity.VisualScripting.YamlDotNet.dll
Symbol file LoadedFromMemory doesn't match image D:\P_Project\Unity\SandeeProject\SandeeProject\SandeeProject\Library\PackageCache\com.unity.visualscripting@1.8.0\Editor\VisualScripting.Core\Dependencies\DotNetZip\Unity.VisualScripting.IonicZip.dll
- Loaded All Assemblies, in  0.743 seconds
Refreshing native plugins compatible for Editor in 2.06 ms, found 3 plugins.
Native extension for UWP target not found
Native extension for WindowsStandalone target not found
[Package Manager] Server::EnsureServerProcessIsRunning -- launch failed, reason: Unity was launched with the -noUpm command-line argument
[Package Manager] UpmClient::Send -- Unable to send message (not connected to UPM process).
[Package Manager] Cannot connect to Unity Package Manager local server
Mono: successfully reloaded assembly
- Finished resetting the current domain, in  0.942 seconds
Domain Reload Profiling: 1684ms
	BeginReloadAssembly (142ms)
		ExecutionOrderSort (0ms)
		DisableScriptedObjects (6ms)
		BackupInstance (0ms)
		ReleaseScriptingObjects (0ms)
		CreateAndSetChildDomain (39ms)
	RebuildCommonClasses (32ms)
	RebuildNativeTypeToScriptingClass (17ms)
	initialDomainReloadingComplete (37ms)
	LoadAllAssembliesAndSetupDomain (515ms)
		LoadAssemblies (226ms)
		RebuildTransferFunctionScriptingTraits (0ms)
		AnalyzeDomain (348ms)
			TypeCache.Refresh (333ms)
				TypeCache.ScanAssembly (316ms)
			ScanForSourceGeneratedMonoScriptInfo (3ms)
			ResolveRequiredComponents (12ms)
	FinalizeReload (942ms)
		ReleaseScriptCaches (0ms)
		RebuildScriptCaches (0ms)
		SetupLoadedEditorAssemblies (484ms)
			LogAssemblyErrors (0ms)
			InitializePlatformSupportModulesInManaged (8ms)
			SetLoadedEditorAssemblies (7ms)
			RefreshPlugins (0ms)
			BeforeProcessingInitializeOnLoad (81ms)
			ProcessInitializeOnLoadAttributes (362ms)
			ProcessInitializeOnLoadMethodAttributes (22ms)
			AfterProcessingInitializeOnLoad (4ms)
			EditorAssembliesLoaded (0ms)
		ExecutionOrderSort2 (0ms)
		AwakeInstancesAfterBackupRestoration (7ms)
Shader 'VRM10/Universal Render Pipeline/MToon10': fallback shader 'Hidden/Universal Render Pipeline/FallbackError' not found
Shader 'VRM10/Universal Render Pipeline/MToon10': fallback shader 'Hidden/Universal Render Pipeline/FallbackError' not found
Refreshing native plugins compatible for Editor in 1.83 ms, found 3 plugins.
Preloading 0 native plugins for Editor in 0.00 ms.
Unloading 4091 Unused Serialized files (Serialized files now loaded: 0)
Unloading 33 unused Assets / (2.9 MB). Loaded Objects now: 5593.
Memory consumption went from 177.3 MB to 174.4 MB.
Total: 6.879600 ms (FindLiveObjects: 0.493100 ms CreateObjectMapping: 0.450900 ms MarkObjects: 4.100100 ms  DeleteObjects: 1.833900 ms)

Prepare: number of updated asset objects reloaded= 0
AssetImportParameters requested are different than current active one (requested -> active):
  custom:container-demuxer-ogg: 62fdf1f143b41e24485cea50d1cbac27 -> 
  custom:video-codec-MediaFoundation-h265: 746d11721c4dcdbdad8f713fa42b33f4 -> 
  custom:video-decoder-ogg-theora: a1e56fd34408186e4bbccfd4996cb3dc -> 
  custom:framework-win-MediaFoundation: 216162199b28c13a410421893ffa2e32 -> 
  custom:CustomObjectIndexerAttribute: 756ad292c208cfabdd7b50bc23989ffe -> 
  custom:container-demuxer-webm: 4f35f7cbe854078d1ac9338744f61a02 -> 
  custom:container-muxer-webm: aa71ff27fc2769a1b78a27578f13a17b -> 
  custom:video-decoder-webm-vp8: 9c59270c3fd7afecdb556c50c9e8de78 -> 
  custom:AudioImporter_EditorPlatform: d09bf68614088b80899f8185d706f6e7 -> 
  custom:video-encoder-webm-vp8: eb34c28f22e8b96e1ab97ce403110664 -> 
  custom:audio-decoder-ogg-vorbis: bf7c407c2cedff20999df2af8eb42d56 -> 
  custom:audio-encoder-webm-vorbis: bf7c407c2cedff20999df2af8eb42d56 -> 
========================================================================
Received Prepare
Begin MonoManager ReloadAssembly
Symbol file LoadedFromMemory doesn't match image D:\P_Project\Unity\SandeeProject\SandeeProject\SandeeProject\Library\PackageCache\com.unity.visualscripting@1.8.0\Editor\VisualScripting.Core\Dependencies\YamlDotNet\Unity.VisualScripting.YamlDotNet.dll
Symbol file LoadedFromMemory doesn't match image D:\P_Project\Unity\SandeeProject\SandeeProject\SandeeProject\Library\PackageCache\com.unity.visualscripting@1.8.0\Editor\VisualScripting.Core\Dependencies\DotNetZip\Unity.VisualScripting.IonicZip.dll
- Loaded All Assemblies, in  0.751 seconds
Refreshing native plugins compatible for Editor in 2.16 ms, found 3 plugins.
Native extension for UWP target not found
Native extension for WindowsStandalone target not found
[Package Manager] Server::EnsureServerProcessIsRunning -- launch failed, reason: Unity was launched with the -noUpm command-line argument
[Package Manager] UpmClient::Send -- Unable to send message (not connected to UPM process).
[Package Manager] Cannot connect to Unity Package Manager local server
Mono: successfully reloaded assembly
- Finished resetting the current domain, in  0.760 seconds
Domain Reload Profiling: 1510ms
	BeginReloadAssembly (144ms)
		ExecutionOrderSort (0ms)
		DisableScriptedObjects (6ms)
		BackupInstance (0ms)
		ReleaseScriptingObjects (0ms)
		CreateAndSetChildDomain (48ms)
	RebuildCommonClasses (34ms)
	RebuildNativeTypeToScriptingClass (15ms)
	initialDomainReloadingComplete (44ms)
	LoadAllAssembliesAndSetupDomain (513ms)
		LoadAssemblies (254ms)
		RebuildTransferFunctionScriptingTraits (0ms)
		AnalyzeDomain (313ms)
			TypeCache.Refresh (305ms)
				TypeCache.ScanAssembly (292ms)
			ScanForSourceGeneratedMonoScriptInfo (0ms)
			ResolveRequiredComponents (8ms)
	FinalizeReload (760ms)
		ReleaseScriptCaches (0ms)
		RebuildScriptCaches (0ms)
		SetupLoadedEditorAssemblies (391ms)
			LogAssemblyErrors (0ms)
			InitializePlatformSupportModulesInManaged (5ms)
			SetLoadedEditorAssemblies (5ms)
			RefreshPlugins (0ms)
			BeforeProcessingInitializeOnLoad (64ms)
			ProcessInitializeOnLoadAttributes (290ms)
			ProcessInitializeOnLoadMethodAttributes (22ms)
			AfterProcessingInitializeOnLoad (4ms)
			EditorAssembliesLoaded (0ms)
		ExecutionOrderSort2 (0ms)
		AwakeInstancesAfterBackupRestoration (7ms)
Shader 'VRM10/Universal Render Pipeline/MToon10': fallback shader 'Hidden/Universal Render Pipeline/FallbackError' not found
Shader 'VRM10/Universal Render Pipeline/MToon10': fallback shader 'Hidden/Universal Render Pipeline/FallbackError' not found
Refreshing native plugins compatible for Editor in 1.44 ms, found 3 plugins.
Preloading 0 native plugins for Editor in 0.00 ms.
Unloading 4092 Unused Serialized files (Serialized files now loaded: 0)
Unloading 33 unused Assets / (2.9 MB). Loaded Objects now: 5608.
Memory consumption went from 177.6 MB to 174.6 MB.
Total: 4.593900 ms (FindLiveObjects: 0.493600 ms CreateObjectMapping: 0.374400 ms MarkObjects: 2.298000 ms  DeleteObjects: 1.426800 ms)

Prepare: number of updated asset objects reloaded= 0
AssetImportParameters requested are different than current active one (requested -> active):
  custom:container-demuxer-ogg: 62fdf1f143b41e24485cea50d1cbac27 -> 
  custom:video-codec-MediaFoundation-h265: 746d11721c4dcdbdad8f713fa42b33f4 -> 
  custom:video-decoder-ogg-theora: a1e56fd34408186e4bbccfd4996cb3dc -> 
  custom:framework-win-MediaFoundation: 216162199b28c13a410421893ffa2e32 -> 
  custom:CustomObjectIndexerAttribute: 756ad292c208cfabdd7b50bc23989ffe -> 
  custom:container-demuxer-webm: 4f35f7cbe854078d1ac9338744f61a02 -> 
  custom:container-muxer-webm: aa71ff27fc2769a1b78a27578f13a17b -> 
  custom:video-decoder-webm-vp8: 9c59270c3fd7afecdb556c50c9e8de78 -> 
  custom:AudioImporter_EditorPlatform: d09bf68614088b80899f8185d706f6e7 -> 
  custom:video-encoder-webm-vp8: eb34c28f22e8b96e1ab97ce403110664 -> 
  custom:audio-decoder-ogg-vorbis: bf7c407c2cedff20999df2af8eb42d56 -> 
  custom:audio-encoder-webm-vorbis: bf7c407c2cedff20999df2af8eb42d56 -> 
========================================================================
Received Prepare
Begin MonoManager ReloadAssembly
Symbol file LoadedFromMemory doesn't match image D:\P_Project\Unity\SandeeProject\SandeeProject\SandeeProject\Library\PackageCache\com.unity.visualscripting@1.8.0\Editor\VisualScripting.Core\Dependencies\YamlDotNet\Unity.VisualScripting.YamlDotNet.dll
Symbol file LoadedFromMemory doesn't match image D:\P_Project\Unity\SandeeProject\SandeeProject\SandeeProject\Library\PackageCache\com.unity.visualscripting@1.8.0\Editor\VisualScripting.Core\Dependencies\DotNetZip\Unity.VisualScripting.IonicZip.dll
- Loaded All Assemblies, in  0.749 seconds
Refreshing native plugins compatible for Editor in 1.68 ms, found 3 plugins.
Native extension for UWP target not found
Native extension for WindowsStandalone target not found
[Package Manager] Server::EnsureServerProcessIsRunning -- launch failed, reason: Unity was launched with the -noUpm command-line argument
[Package Manager] UpmClient::Send -- Unable to send message (not connected to UPM process).
[Package Manager] Cannot connect to Unity Package Manager local server
Mono: successfully reloaded assembly
- Finished resetting the current domain, in  0.772 seconds
Domain Reload Profiling: 1520ms
	BeginReloadAssembly (144ms)
		ExecutionOrderSort (0ms)
		DisableScriptedObjects (8ms)
		BackupInstance (0ms)
		ReleaseScriptingObjects (0ms)
		CreateAndSetChildDomain (41ms)
	RebuildCommonClasses (31ms)
	RebuildNativeTypeToScriptingClass (15ms)
	initialDomainReloadingComplete (35ms)
	LoadAllAssembliesAndSetupDomain (521ms)
		LoadAssemblies (245ms)
		RebuildTransferFunctionScriptingTraits (0ms)
		AnalyzeDomain (332ms)
			TypeCache.Refresh (323ms)
				TypeCache.ScanAssembly (310ms)
			ScanForSourceGeneratedMonoScriptInfo (2ms)
			ResolveRequiredComponents (7ms)
	FinalizeReload (773ms)
		ReleaseScriptCaches (0ms)
		RebuildScriptCaches (0ms)
		SetupLoadedEditorAssemblies (383ms)
			LogAssemblyErrors (0ms)
			InitializePlatformSupportModulesInManaged (6ms)
			SetLoadedEditorAssemblies (5ms)
			RefreshPlugins (0ms)
			BeforeProcessingInitializeOnLoad (63ms)
			ProcessInitializeOnLoadAttributes (283ms)
			ProcessInitializeOnLoadMethodAttributes (19ms)
			AfterProcessingInitializeOnLoad (7ms)
			EditorAssembliesLoaded (0ms)
		ExecutionOrderSort2 (0ms)
		AwakeInstancesAfterBackupRestoration (10ms)
Shader 'VRM10/Universal Render Pipeline/MToon10': fallback shader 'Hidden/Universal Render Pipeline/FallbackError' not found
Shader 'VRM10/Universal Render Pipeline/MToon10': fallback shader 'Hidden/Universal Render Pipeline/FallbackError' not found
Refreshing native plugins compatible for Editor in 1.46 ms, found 3 plugins.
Preloading 0 native plugins for Editor in 0.00 ms.
Unloading 4092 Unused Serialized files (Serialized files now loaded: 0)
Unloading 33 unused Assets / (2.9 MB). Loaded Objects now: 5623.
Memory consumption went from 177.6 MB to 174.6 MB.
Total: 5.422600 ms (FindLiveObjects: 0.452600 ms CreateObjectMapping: 0.396000 ms MarkObjects: 2.942200 ms  DeleteObjects: 1.630300 ms)

Prepare: number of updated asset objects reloaded= 0
AssetImportParameters requested are different than current active one (requested -> active):
  custom:container-demuxer-ogg: 62fdf1f143b41e24485cea50d1cbac27 -> 
  custom:video-codec-MediaFoundation-h265: 746d11721c4dcdbdad8f713fa42b33f4 -> 
  custom:video-decoder-ogg-theora: a1e56fd34408186e4bbccfd4996cb3dc -> 
  custom:framework-win-MediaFoundation: 216162199b28c13a410421893ffa2e32 -> 
  custom:CustomObjectIndexerAttribute: 756ad292c208cfabdd7b50bc23989ffe -> 
  custom:container-demuxer-webm: 4f35f7cbe854078d1ac9338744f61a02 -> 
  custom:container-muxer-webm: aa71ff27fc2769a1b78a27578f13a17b -> 
  custom:video-decoder-webm-vp8: 9c59270c3fd7afecdb556c50c9e8de78 -> 
  custom:AudioImporter_EditorPlatform: d09bf68614088b80899f8185d706f6e7 -> 
  custom:video-encoder-webm-vp8: eb34c28f22e8b96e1ab97ce403110664 -> 
  custom:audio-decoder-ogg-vorbis: bf7c407c2cedff20999df2af8eb42d56 -> 
  custom:audio-encoder-webm-vorbis: bf7c407c2cedff20999df2af8eb42d56 -> 
========================================================================
Received Prepare
Begin MonoManager ReloadAssembly
Symbol file LoadedFromMemory doesn't match image D:\P_Project\Unity\SandeeProject\SandeeProject\SandeeProject\Library\PackageCache\com.unity.visualscripting@1.8.0\Editor\VisualScripting.Core\Dependencies\YamlDotNet\Unity.VisualScripting.YamlDotNet.dll
Symbol file LoadedFromMemory doesn't match image D:\P_Project\Unity\SandeeProject\SandeeProject\SandeeProject\Library\PackageCache\com.unity.visualscripting@1.8.0\Editor\VisualScripting.Core\Dependencies\DotNetZip\Unity.VisualScripting.IonicZip.dll
- Loaded All Assemblies, in  0.707 seconds
Refreshing native plugins compatible for Editor in 2.01 ms, found 3 plugins.
Native extension for UWP target not found
Native extension for WindowsStandalone target not found
[Package Manager] Server::EnsureServerProcessIsRunning -- launch failed, reason: Unity was launched with the -noUpm command-line argument
[Package Manager] UpmClient::Send -- Unable to send message (not connected to UPM process).
[Package Manager] Cannot connect to Unity Package Manager local server
Mono: successfully reloaded assembly
- Finished resetting the current domain, in  0.756 seconds
Domain Reload Profiling: 1463ms
	BeginReloadAssembly (127ms)
		ExecutionOrderSort (0ms)
		DisableScriptedObjects (5ms)
		BackupInstance (0ms)
		ReleaseScriptingObjects (0ms)
		CreateAndSetChildDomain (36ms)
	RebuildCommonClasses (38ms)
	RebuildNativeTypeToScriptingClass (11ms)
	initialDomainReloadingComplete (29ms)
	LoadAllAssembliesAndSetupDomain (502ms)
		LoadAssemblies (218ms)
		RebuildTransferFunctionScriptingTraits (0ms)
		AnalyzeDomain (335ms)
			TypeCache.Refresh (324ms)
				TypeCache.ScanAssembly (308ms)
			ScanForSourceGeneratedMonoScriptInfo (0ms)
			ResolveRequiredComponents (10ms)
	FinalizeReload (757ms)
		ReleaseScriptCaches (0ms)
		RebuildScriptCaches (0ms)
		SetupLoadedEditorAssemblies (394ms)
			LogAssemblyErrors (0ms)
			InitializePlatformSupportModulesInManaged (6ms)
			SetLoadedEditorAssemblies (5ms)
			RefreshPlugins (0ms)
			BeforeProcessingInitializeOnLoad (68ms)
			ProcessInitializeOnLoadAttributes (292ms)
			ProcessInitializeOnLoadMethodAttributes (18ms)
			AfterProcessingInitializeOnLoad (4ms)
			EditorAssembliesLoaded (0ms)
		ExecutionOrderSort2 (0ms)
		AwakeInstancesAfterBackupRestoration (7ms)
Shader 'VRM10/Universal Render Pipeline/MToon10': fallback shader 'Hidden/Universal Render Pipeline/FallbackError' not found
Shader 'VRM10/Universal Render Pipeline/MToon10': fallback shader 'Hidden/Universal Render Pipeline/FallbackError' not found
Refreshing native plugins compatible for Editor in 1.33 ms, found 3 plugins.
Preloading 0 native plugins for Editor in 0.00 ms.
Unloading 4092 Unused Serialized files (Serialized files now loaded: 0)
Unloading 33 unused Assets / (2.9 MB). Loaded Objects now: 5638.
Memory consumption went from 177.6 MB to 174.7 MB.
Total: 4.277400 ms (FindLiveObjects: 0.453100 ms CreateObjectMapping: 0.345200 ms MarkObjects: 2.148300 ms  DeleteObjects: 1.329900 ms)

Prepare: number of updated asset objects reloaded= 0
AssetImportParameters requested are different than current active one (requested -> active):
  custom:container-demuxer-ogg: 62fdf1f143b41e24485cea50d1cbac27 -> 
  custom:video-codec-MediaFoundation-h265: 746d11721c4dcdbdad8f713fa42b33f4 -> 
  custom:video-decoder-ogg-theora: a1e56fd34408186e4bbccfd4996cb3dc -> 
  custom:framework-win-MediaFoundation: 216162199b28c13a410421893ffa2e32 -> 
  custom:CustomObjectIndexerAttribute: 756ad292c208cfabdd7b50bc23989ffe -> 
  custom:container-demuxer-webm: 4f35f7cbe854078d1ac9338744f61a02 -> 
  custom:container-muxer-webm: aa71ff27fc2769a1b78a27578f13a17b -> 
  custom:video-decoder-webm-vp8: 9c59270c3fd7afecdb556c50c9e8de78 -> 
  custom:AudioImporter_EditorPlatform: d09bf68614088b80899f8185d706f6e7 -> 
  custom:video-encoder-webm-vp8: eb34c28f22e8b96e1ab97ce403110664 -> 
  custom:audio-decoder-ogg-vorbis: bf7c407c2cedff20999df2af8eb42d56 -> 
  custom:audio-encoder-webm-vorbis: bf7c407c2cedff20999df2af8eb42d56 -> 
========================================================================
Received Prepare
Begin MonoManager ReloadAssembly
Symbol file LoadedFromMemory doesn't match image D:\P_Project\Unity\SandeeProject\SandeeProject\SandeeProject\Library\PackageCache\com.unity.visualscripting@1.8.0\Editor\VisualScripting.Core\Dependencies\YamlDotNet\Unity.VisualScripting.YamlDotNet.dll
Symbol file LoadedFromMemory doesn't match image D:\P_Project\Unity\SandeeProject\SandeeProject\SandeeProject\Library\PackageCache\com.unity.visualscripting@1.8.0\Editor\VisualScripting.Core\Dependencies\DotNetZip\Unity.VisualScripting.IonicZip.dll
- Loaded All Assemblies, in  0.695 seconds
Refreshing native plugins compatible for Editor in 1.53 ms, found 3 plugins.
Native extension for UWP target not found
Native extension for WindowsStandalone target not found
[Package Manager] Server::EnsureServerProcessIsRunning -- launch failed, reason: Unity was launched with the -noUpm command-line argument
[Package Manager] UpmClient::Send -- Unable to send message (not connected to UPM process).
[Package Manager] Cannot connect to Unity Package Manager local server
Mono: successfully reloaded assembly
- Finished resetting the current domain, in  0.766 seconds
Domain Reload Profiling: 1460ms
	BeginReloadAssembly (138ms)
		ExecutionOrderSort (0ms)
		DisableScriptedObjects (5ms)
		BackupInstance (0ms)
		ReleaseScriptingObjects (0ms)
		CreateAndSetChildDomain (34ms)
	RebuildCommonClasses (43ms)
	RebuildNativeTypeToScriptingClass (14ms)
	initialDomainReloadingComplete (26ms)
	LoadAllAssembliesAndSetupDomain (472ms)
		LoadAssemblies (233ms)
		RebuildTransferFunctionScriptingTraits (0ms)
		AnalyzeDomain (306ms)
			TypeCache.Refresh (297ms)
				TypeCache.ScanAssembly (282ms)
			ScanForSourceGeneratedMonoScriptInfo (0ms)
			ResolveRequiredComponents (8ms)
	FinalizeReload (766ms)
		ReleaseScriptCaches (0ms)
		RebuildScriptCaches (0ms)
		SetupLoadedEditorAssemblies (410ms)
			LogAssemblyErrors (0ms)
			InitializePlatformSupportModulesInManaged (7ms)
			SetLoadedEditorAssemblies (4ms)
			RefreshPlugins (0ms)
			BeforeProcessingInitializeOnLoad (67ms)
			ProcessInitializeOnLoadAttributes (310ms)
			ProcessInitializeOnLoadMethodAttributes (16ms)
			AfterProcessingInitializeOnLoad (5ms)
			EditorAssembliesLoaded (0ms)
		ExecutionOrderSort2 (0ms)
		AwakeInstancesAfterBackupRestoration (7ms)
Shader 'VRM10/Universal Render Pipeline/MToon10': fallback shader 'Hidden/Universal Render Pipeline/FallbackError' not found
Shader 'VRM10/Universal Render Pipeline/MToon10': fallback shader 'Hidden/Universal Render Pipeline/FallbackError' not found
Refreshing native plugins compatible for Editor in 1.96 ms, found 3 plugins.
Preloading 0 native plugins for Editor in 0.00 ms.
Unloading 4092 Unused Serialized files (Serialized files now loaded: 0)
Unloading 33 unused Assets / (2.9 MB). Loaded Objects now: 5653.
Memory consumption went from 177.6 MB to 174.7 MB.
Total: 4.791800 ms (FindLiveObjects: 0.526900 ms CreateObjectMapping: 0.382900 ms MarkObjects: 2.441200 ms  DeleteObjects: 1.439800 ms)

Prepare: number of updated asset objects reloaded= 0
AssetImportParameters requested are different than current active one (requested -> active):
  custom:container-demuxer-ogg: 62fdf1f143b41e24485cea50d1cbac27 -> 
  custom:video-codec-MediaFoundation-h265: 746d11721c4dcdbdad8f713fa42b33f4 -> 
  custom:video-decoder-ogg-theora: a1e56fd34408186e4bbccfd4996cb3dc -> 
  custom:framework-win-MediaFoundation: 216162199b28c13a410421893ffa2e32 -> 
  custom:CustomObjectIndexerAttribute: 756ad292c208cfabdd7b50bc23989ffe -> 
  custom:container-demuxer-webm: 4f35f7cbe854078d1ac9338744f61a02 -> 
  custom:container-muxer-webm: aa71ff27fc2769a1b78a27578f13a17b -> 
  custom:video-decoder-webm-vp8: 9c59270c3fd7afecdb556c50c9e8de78 -> 
  custom:AudioImporter_EditorPlatform: d09bf68614088b80899f8185d706f6e7 -> 
  custom:video-encoder-webm-vp8: eb34c28f22e8b96e1ab97ce403110664 -> 
  custom:audio-decoder-ogg-vorbis: bf7c407c2cedff20999df2af8eb42d56 -> 
  custom:audio-encoder-webm-vorbis: bf7c407c2cedff20999df2af8eb42d56 -> 
